ISO-10303-21;
HEADER;
FILE_DESCRIPTION (( 'STEP AP214' ),
    '1' );
FILE_NAME ('PWRM-TH_IRM-10-12.STEP',
    '2024-08-22T12:52:52',
    ( '' ),
    ( '' ),
    'SwSTEP 2.0',
    'SolidWorks 2020',
    '' );
FILE_SCHEMA (( 'AUTOMOTIVE_DESIGN' ));
ENDSEC;

DATA;
#1 = PRODUCT ( 'PWRM-TH_IRM-10-12', 'PWRM-TH_IRM-10-12', '', ( #3597 ) ) ;
#2 = SURFACE_SIDE_STYLE ('',( #9342 ) ) ;
#3 = DIRECTION ( 'NONE',  ( -0.000000000000000000, 1.000000000000000000, -0.000000000000000000 ) ) ;
#4 =( GEOMETRIC_REPRESENTATION_CONTEXT ( 3 ) GLOBAL_UNCERTAINTY_ASSIGNED_CONTEXT ( ( #8005 ) ) GLOBAL_UNIT_ASSIGNED_CONTEXT ( ( #4813, #3105, #2924 ) ) REPRESENTATION_CONTEXT ( 'NONE', 'WORKASPACE' ) );
#5 = AXIS2_PLACEMENT_3D ( 'NONE', #64, #4006, #3814 ) ;
#6 = SURFACE_STYLE_FILL_AREA ( #3822 ) ;
#7 = COLOUR_RGB ( '',1.000000000000000000, 1.000000000000000000, 1.000000000000000000 ) ;
#8 = ORIENTED_EDGE ( 'NONE', *, *, #11885, .F. ) ;
#9 = ORIENTED_EDGE ( 'NONE', *, *, #7421, .T. ) ;
#10 =( GEOMETRIC_REPRESENTATION_CONTEXT ( 3 ) GLOBAL_UNCERTAINTY_ASSIGNED_CONTEXT ( ( #1544 ) ) GLOBAL_UNIT_ASSIGNED_CONTEXT ( ( #4039, #2091, #235 ) ) REPRESENTATION_CONTEXT ( 'NONE', 'WORKASPACE' ) );
#11 = LINE ( 'NONE', #9526, #5919 ) ;
#12 = CARTESIAN_POINT ( 'NONE',  ( 0.5567373671960460513, -12.70999999999999730, 1.085587322965344104 ) ) ;
#13 = PRESENTATION_LAYER_ASSIGNMENT (  '', '', ( #5345 ) ) ;
#14 = ORIENTED_EDGE ( 'NONE', *, *, #6085, .T. ) ;
#15 =( NAMED_UNIT ( * ) PLANE_ANGLE_UNIT ( ) SI_UNIT ( $, .RADIAN. ) );
#16 = CARTESIAN_POINT ( 'NONE',  ( -0.1057617184844371061, -12.69999999999999751, 1.162875994744636765 ) ) ;
#17 = STYLED_ITEM ( 'NONE', ( #4516 ), #4570 ) ;
#18 =( NAMED_UNIT ( * ) PLANE_ANGLE_UNIT ( ) SI_UNIT ( $, .RADIAN. ) );
#19 = VECTOR ( 'NONE', #1196, 1000.000000000000000 ) ;
#20 =( LENGTH_UNIT ( ) NAMED_UNIT ( * ) SI_UNIT ( .MILLI., .METRE. ) );
#21 = STYLED_ITEM ( 'NONE', ( #9590 ), #6124 ) ;
#22 = DIRECTION ( 'NONE',  ( 0.4630180653866933782, 0.000000000000000000, -0.8863488427958621241 ) ) ;
#23 = PRESENTATION_STYLE_ASSIGNMENT (( #11539 ) ) ;
#24 = CIRCLE ( 'NONE', #9103, 0.7999999999999986011 ) ;
#25 = STYLED_ITEM ( 'NONE', ( #265 ), #8105 ) ;
#26 = ORIENTED_EDGE ( 'NONE', *, *, #8091, .F. ) ;
#27 = EDGE_CURVE ( 'NONE', #10146, #2831, #3959, .T. ) ;
#28 = EDGE_CURVE ( 'NONE', #2248, #3815, #7550, .T. ) ;
#29 = EDGE_LOOP ( 'NONE', ( #9147, #6381, #393, #4317 ) ) ;
#30 = CARTESIAN_POINT ( 'NONE',  ( -0.1057617184844371061, -12.70999999999999730, 2.238332266187399888 ) ) ;
#31 = STYLED_ITEM ( 'NONE', ( #2175 ), #6447 ) ;
#32 = CARTESIAN_POINT ( 'NONE',  ( 2.626548792611196781, -12.70999999999999730, 1.673743717628395355 ) ) ;
#33 = CARTESIAN_POINT ( 'NONE',  ( 1.200174224411630020, -12.70999999999999730, 0.8575337533163209791 ) ) ;
#34 = ORIENTED_EDGE ( 'NONE', *, *, #2486, .F. ) ;
#35 = CARTESIAN_POINT ( 'NONE',  ( -0.1057617184844371061, -12.69999999999999751, 2.238332266187399888 ) ) ;
#36 = PRESENTATION_STYLE_ASSIGNMENT (( #9424 ) ) ;
#37 = MECHANICAL_DESIGN_GEOMETRIC_PRESENTATION_REPRESENTATION (  '', ( #5549 ), #1060 ) ;
#38 = ORIENTED_EDGE ( 'NONE', *, *, #1701, .T. ) ;
#39 = VERTEX_POINT ( 'NONE', #1208 ) ;
#40 = ADVANCED_FACE ( 'NONE', ( #3778 ), #2179, .T. ) ;
#41 = COLOUR_RGB ( '',0.7529411764705882248, 0.7529411764705882248, 0.7529411764705882248 ) ;
#42 = CARTESIAN_POINT ( 'NONE',  ( -2.633082890924043351, -12.70999999999999730, 1.733930496851108449 ) ) ;
#43 = UNCERTAINTY_MEASURE_WITH_UNIT (LENGTH_MEASURE( 1.000000000000000082E-05 ), #1337, 'distance_accuracy_value', 'NONE');
#44 = DIRECTION ( 'NONE',  ( 0.000000000000000000, 0.000000000000000000, -1.000000000000000000 ) ) ;
#45 = VECTOR ( 'NONE', #2810, 1000.000000000000000 ) ;
#46 = DIRECTION ( 'NONE',  ( 1.000000000000000000, -0.000000000000000000, -0.000000000000000000 ) ) ;
#47 = SURFACE_SIDE_STYLE ('',( #2748 ) ) ;
#48 = ORIENTED_EDGE ( 'NONE', *, *, #685, .T. ) ;
#49 =( NAMED_UNIT ( * ) PLANE_ANGLE_UNIT ( ) SI_UNIT ( $, .RADIAN. ) );
#50 = STYLED_ITEM ( 'NONE', ( #663 ), #7129 ) ;
#51 = EDGE_CURVE ( 'NONE', #5447, #1584, #6780, .T. ) ;
#52 = CARTESIAN_POINT ( 'NONE',  ( 2.564336610619806667, -12.69999999999999751, 1.233579533052162169 ) ) ;
#53 =( LENGTH_UNIT ( ) NAMED_UNIT ( * ) SI_UNIT ( .MILLI., .METRE. ) );
#54 = DIRECTION ( 'NONE',  ( -1.000000000000000000, 0.000000000000000000, 0.000000000000000000 ) ) ;
#55 =( NAMED_UNIT ( * ) PLANE_ANGLE_UNIT ( ) SI_UNIT ( $, .RADIAN. ) );
#57 = COLOUR_RGB ( '',1.000000000000000000, 1.000000000000000000, 1.000000000000000000 ) ;
#56 = DIRECTION ( 'NONE',  ( 1.000000000000000000, 0.000000000000000000, -0.000000000000000000 ) ) ;
#58 = B_SPLINE_SURFACE_WITH_KNOTS ( 'NONE', 3, 1, ( 
 ( #4944, #5124 ),
 ( #252, #3051 ),
 ( #6823, #2165 ),
 ( #5906, #9691 ) ),
 .UNSPECIFIED., .F., .F., .F.,
 ( 4, 4 ),
 ( 2, 2 ),
 ( 8.000000000000000000, 9.000000000000000000 ),
 ( 0.000000000000000000, 1.000000000000000000 ),
 .UNSPECIFIED. ) ;
#59 = ADVANCED_FACE ( 'NONE', ( #5799 ), #2011, .T. ) ;
#60 = SURFACE_STYLE_USAGE ( .BOTH. , #1984 ) ;
#61 = CARTESIAN_POINT ( 'NONE',  ( 0.8000407196142020894, -12.70999999999999730, 1.159063549051180253 ) ) ;
#62 = CARTESIAN_POINT ( 'NONE',  ( 2.014131379900669039, -12.69999999999999751, 1.390929564389013828 ) ) ;
#63 = SURFACE_STYLE_USAGE ( .BOTH. , #5787 ) ;
#64 = CARTESIAN_POINT ( 'NONE',  ( -19.25000000000000355, -9.249999999999996447, 0.000000000000000000 ) ) ;
#65 = AXIS2_PLACEMENT_3D ( 'NONE', #7628, #11391, #8562 ) ;
#66 = B_SPLINE_SURFACE_WITH_KNOTS ( 'NONE', 3, 1, ( 
 ( #4139, #10879 ),
 ( #10811, #6051 ),
 ( #3391, #6912 ),
 ( #7176, #7112 ) ),
 .UNSPECIFIED., .F., .F., .F.,
 ( 4, 4 ),
 ( 2, 2 ),
 ( 1.000000000000000000, 2.000000000000000000 ),
 ( 0.000000000000000000, 1.000000000000000000 ),
 .UNSPECIFIED. ) ;
#67 = ORIENTED_EDGE ( 'NONE', *, *, #296, .T. ) ;
#68 = PLANE ( 'NONE',  #11847 ) ;
#69 = SURFACE_SIDE_STYLE ('',( #9454 ) ) ;
#70 = EDGE_CURVE ( 'NONE', #12157, #9656, #1097, .T. ) ;
#71 = FILL_AREA_STYLE_COLOUR ( '', #2113 ) ;
#72 = DIRECTION ( 'NONE',  ( 0.000000000000000000, 0.000000000000000000, 1.000000000000000000 ) ) ;
#73 = PLANE ( 'NONE',  #9632 ) ;
#74 = ORIENTED_EDGE ( 'NONE', *, *, #4591, .T. ) ;
#75 = ORIENTED_EDGE ( 'NONE', *, *, #5140, .T. ) ;
#76 = ORIENTED_EDGE ( 'NONE', *, *, #3723, .F. ) ;
#77 = DIRECTION ( 'NONE',  ( -0.9903286039881268321, -0.000000000000000000, -0.1387416884823294005 ) ) ;
#78 = FILL_AREA_STYLE_COLOUR ( '', #4001 ) ;
#79 = CARTESIAN_POINT ( 'NONE',  ( -2.295685976389368665, -12.69999999999999751, 1.276034467570012598 ) ) ;
#80 =( NAMED_UNIT ( * ) SI_UNIT ( $, .STERADIAN. ) SOLID_ANGLE_UNIT ( ) );
#81 = CARTESIAN_POINT ( 'NONE',  ( 1.787810740119434083, -12.70999999999999730, 2.506243222624735978 ) ) ;
#82 = MECHANICAL_DESIGN_GEOMETRIC_PRESENTATION_REPRESENTATION (  '', ( #3012 ), #4824 ) ;
#83 = DIRECTION ( 'NONE',  ( -0.000000000000000000, 0.000000000000000000, 1.000000000000000000 ) ) ;
#84 = CARTESIAN_POINT ( 'NONE',  ( 1.777586453940106948, -12.69999999999999751, 2.749199989071176464 ) ) ;
#85 = FILL_AREA_STYLE ('',( #10458 ) ) ;
#86 = AXIS2_PLACEMENT_3D ( 'NONE', #8774, #580, #4328 ) ;
#87 = LINE ( 'NONE', #9834, #2077 ) ;
#88 = EDGE_LOOP ( 'NONE', ( #7707, #10833, #4968, #4596 ) ) ;
#89 = DIRECTION ( 'NONE',  ( -0.000000000000000000, 1.000000000000000000, -0.000000000000000000 ) ) ;
#90 = VECTOR ( 'NONE', #467, 1000.000000000000000 ) ;
#91 = EDGE_LOOP ( 'NONE', ( #3931, #4157, #9745, #5773 ) ) ;
#92 = SURFACE_STYLE_FILL_AREA ( #2128 ) ;
#93 = LINE ( 'NONE', #3080, #11266 ) ;
#94 =( NAMED_UNIT ( * ) PLANE_ANGLE_UNIT ( ) SI_UNIT ( $, .RADIAN. ) );
#95 = CARTESIAN_POINT ( 'NONE',  ( -3.037959280299975084, -12.69999999999999751, 2.341245126877084637 ) ) ;
#96 = FACE_OUTER_BOUND ( 'NONE', #3196, .T. ) ;
#97 = ORIENTED_EDGE ( 'NONE', *, *, #1876, .F. ) ;
#98 = B_SPLINE_CURVE_WITH_KNOTS ( 'NONE', 3,
 ( #7028, #9200, #6229, #4509 ),
 .UNSPECIFIED., .F., .F.,
 ( 4, 4 ),
 ( 8.000000000000000000, 9.000000000000000000 ),
 .UNSPECIFIED. ) ;
#99 = CARTESIAN_POINT ( 'NONE',  ( -2.931920276282881765, -12.70999999999999730, 2.620802379916723268 ) ) ;
#100 = CARTESIAN_POINT ( 'NONE',  ( 3.118180994046555909, -12.70999999999999730, 1.763509484403121608 ) ) ;
#101 = ADVANCED_FACE ( 'NONE', ( #142 ), #7669, .F. ) ;
#102 = VECTOR ( 'NONE', #9432, 1000.000000000000114 ) ;
#103 = CARTESIAN_POINT ( 'NONE',  ( 0.3463596821273666748, -12.70999999999999730, 1.268931302208248679 ) ) ;
#104 = EDGE_CURVE ( 'NONE', #10227, #8570, #1505, .T. ) ;
#105 = CARTESIAN_POINT ( 'NONE',  ( 0.4586535370910264087, -12.70999999999999730, 1.511888068654680728 ) ) ;
#106 = ADVANCED_FACE ( 'NONE', ( #1448 ), #9024, .F. ) ;
#107 = EDGE_CURVE ( 'NONE', #7374, #989, #11786, .T. ) ;
#108 = PLANE ( 'NONE',  #2533 ) ;
#109 = ORIENTED_EDGE ( 'NONE', *, *, #8134, .F. ) ;
#110 = DIRECTION ( 'NONE',  ( -1.000000000000000000, 1.457750820148578128E-16, 0.000000000000000000 ) ) ;
#111 = DIRECTION ( 'NONE',  ( 0.000000000000000000, -0.000000000000000000, -1.000000000000000000 ) ) ;
#112 = FILL_AREA_STYLE ('',( #2982 ) ) ;
#113 = SURFACE_STYLE_USAGE ( .BOTH. , #9505 ) ;
#114 = ORIENTED_EDGE ( 'NONE', *, *, #6024, .T. ) ;
#115 = CARTESIAN_POINT ( 'NONE',  ( 1.274516915426764818, -12.70999999999999730, 0.8575337533163209791 ) ) ;
#116 = FACE_OUTER_BOUND ( 'NONE', #6451, .T. ) ;
#117 = ORIENTED_EDGE ( 'NONE', *, *, #499, .T. ) ;
#118 = FILL_AREA_STYLE ('',( #360 ) ) ;
#119 = EDGE_CURVE ( 'NONE', #964, #9243, #11607, .T. ) ;
#120 = FILL_AREA_STYLE ('',( #4876 ) ) ;
#121 =( NAMED_UNIT ( * ) SI_UNIT ( $, .STERADIAN. ) SOLID_ANGLE_UNIT ( ) );
#122 = CARTESIAN_POINT ( 'NONE',  ( 2.033366901353705902, -12.70999999999999730, 1.685527640680425820 ) ) ;
#123 =( GEOMETRIC_REPRESENTATION_CONTEXT ( 3 ) GLOBAL_UNCERTAINTY_ASSIGNED_CONTEXT ( ( #10611 ) ) GLOBAL_UNIT_ASSIGNED_CONTEXT ( ( #1216, #7850, #9762 ) ) REPRESENTATION_CONTEXT ( 'NONE', 'WORKASPACE' ) );
#124 = UNCERTAINTY_MEASURE_WITH_UNIT (LENGTH_MEASURE( 1.000000000000000082E-05 ), #7409, 'distance_accuracy_value', 'NONE');
#125 = CARTESIAN_POINT ( 'NONE',  ( 0.6416509303622062177, -12.70999999999999730, 1.397168111884435238 ) ) ;
#126 = SURFACE_SIDE_STYLE ('',( #11471 ) ) ;
#127 = CARTESIAN_POINT ( 'NONE',  ( 19.24999999999999645, -9.249999999999994671, -4.000000000000000000 ) ) ;
#128 = SURFACE_STYLE_FILL_AREA ( #10672 ) ;
#129 = EDGE_LOOP ( 'NONE', ( #8620, #3889 ) ) ;
#130 = CARTESIAN_POINT ( 'NONE',  ( 1.363762803241615362, -12.69999999999999751, 1.175006503768355248 ) ) ;
#131 =( NAMED_UNIT ( * ) SI_UNIT ( $, .STERADIAN. ) SOLID_ANGLE_UNIT ( ) );
#132 = CARTESIAN_POINT ( 'NONE',  ( -2.777681699914856583, -12.70999999999999730, 0.7651190741792978089 ) ) ;
#133 = VECTOR ( 'NONE', #4392, 1000.000000000000000 ) ;
#134 = EDGE_CURVE ( 'NONE', #5291, #9003, #605, .T. ) ;
#135 = CARTESIAN_POINT ( 'NONE',  ( -0.1057617184844371061, -12.70999999999999730, 1.468564822140002502 ) ) ;
#136 = ORIENTED_EDGE ( 'NONE', *, *, #2057, .T. ) ;
#137 = LINE ( 'NONE', #7663, #4581 ) ;
#138 =( NAMED_UNIT ( * ) SI_UNIT ( $, .STERADIAN. ) SOLID_ANGLE_UNIT ( ) );
#139 = CARTESIAN_POINT ( 'NONE',  ( 0.1713337662147740026, -12.70999999999999730, 1.085587322965344104 ) ) ;
#140 = DIRECTION ( 'NONE',  ( 1.000000000000000000, -0.000000000000000000, -0.000000000000000000 ) ) ;
#141 = CARTESIAN_POINT ( 'NONE',  ( 0.4061457623167640252, -12.70999999999999730, 1.074149985885020087 ) ) ;
#142 = FACE_OUTER_BOUND ( 'NONE', #611, .T. ) ;
#143 = EDGE_CURVE ( 'NONE', #6462, #5046, #1785, .T. ) ;
#144 = PRESENTATION_STYLE_ASSIGNMENT (( #2841 ) ) ;
#145 = LINE ( 'NONE', #8657, #1813 ) ;
#146 = CARTESIAN_POINT ( 'NONE',  ( 1.193589090939889408, -12.70999999999999730, 0.9303168074587356839 ) ) ;
#147 = CARTESIAN_POINT ( 'NONE',  ( 2.014131379900668151, -12.70999999999999730, 2.161043594408120772 ) ) ;
#148 = FACE_OUTER_BOUND ( 'NONE', #9095, .T. ) ;
#149 = VERTEX_POINT ( 'NONE', #7841 ) ;
#150 = VERTEX_POINT ( 'NONE', #6047 ) ;
#151 =( GEOMETRIC_REPRESENTATION_CONTEXT ( 3 ) GLOBAL_UNCERTAINTY_ASSIGNED_CONTEXT ( ( #8520 ) ) GLOBAL_UNIT_ASSIGNED_CONTEXT ( ( #5263, #4711, #5494 ) ) REPRESENTATION_CONTEXT ( 'NONE', 'WORKASPACE' ) );
#152 = EDGE_CURVE ( 'NONE', #6323, #4613, #1385, .T. ) ;
#153 = PRESENTATION_STYLE_ASSIGNMENT (( #8602 ) ) ;
#154 = FACE_OUTER_BOUND ( 'NONE', #8737, .T. ) ;
#155 = SURFACE_SIDE_STYLE ('',( #2082 ) ) ;
#156 = VECTOR ( 'NONE', #11777, 1000.000000000000000 ) ;
#157 =( GEOMETRIC_REPRESENTATION_CONTEXT ( 3 ) GLOBAL_UNCERTAINTY_ASSIGNED_CONTEXT ( ( #11352 ) ) GLOBAL_UNIT_ASSIGNED_CONTEXT ( ( #20, #3193, #5022 ) ) REPRESENTATION_CONTEXT ( 'NONE', 'WORKASPACE' ) );
#158 = CARTESIAN_POINT ( 'NONE',  ( 0.5397546545637254001, -12.70999999999999730, 2.771381491283765097 ) ) ;
#159 = ORIENTED_EDGE ( 'NONE', *, *, #7159, .T. ) ;
#160 = EDGE_CURVE ( 'NONE', #4124, #919, #8565, .T. ) ;
#161 = SURFACE_SIDE_STYLE ('',( #7864 ) ) ;
#162 = CARTESIAN_POINT ( 'NONE',  ( -2.869260868998182001, -12.70999999999999730, 2.702741643722739617 ) ) ;
#163 = B_SPLINE_CURVE_WITH_KNOTS ( 'NONE', 3,
 ( #8422, #744, #3537, #3599 ),
 .UNSPECIFIED., .F., .F.,
 ( 4, 4 ),
 ( 10.00000000000000000, 11.00000000000000000 ),
 .UNSPECIFIED. ) ;
#164 = B_SPLINE_SURFACE_WITH_KNOTS ( 'NONE', 3, 1, ( 
 ( #3249, #3185 ),
 ( #10743, #8968 ),
 ( #9021, #4262 ),
 ( #2284, #8016 ) ),
 .UNSPECIFIED., .F., .F., .F.,
 ( 4, 4 ),
 ( 2, 2 ),
 ( 16.00000000000000000, 17.00000000000000000 ),
 ( 0.000000000000000000, 1.000000000000000000 ),
 .UNSPECIFIED. ) ;
#165 = SURFACE_SIDE_STYLE ('',( #1116 ) ) ;
#166 = PRESENTATION_LAYER_ASSIGNMENT (  '', '', ( #2894 ) ) ;
#167 = EDGE_LOOP ( 'NONE', ( #244, #1183, #6575, #10067 ) ) ;
#168 = CARTESIAN_POINT ( 'NONE',  ( 0.8705709649381874193, -12.70999999999999730, 1.493865598102612102 ) ) ;
#169 = MECHANICAL_DESIGN_GEOMETRIC_PRESENTATION_REPRESENTATION (  '', ( #3487 ), #4897 ) ;
#170 = UNCERTAINTY_MEASURE_WITH_UNIT (LENGTH_MEASURE( 1.000000000000000082E-05 ), #3402, 'distance_accuracy_value', 'NONE');
#171 =( GEOMETRIC_REPRESENTATION_CONTEXT ( 3 ) GLOBAL_UNCERTAINTY_ASSIGNED_CONTEXT ( ( #11745 ) ) GLOBAL_UNIT_ASSIGNED_CONTEXT ( ( #11566, #7880, #9613 ) ) REPRESENTATION_CONTEXT ( 'NONE', 'WORKASPACE' ) );
#172 =( NAMED_UNIT ( * ) PLANE_ANGLE_UNIT ( ) SI_UNIT ( $, .RADIAN. ) );
#173 = DIRECTION ( 'NONE',  ( -0.000000000000000000, -0.000000000000000000, 1.000000000000000000 ) ) ;
#174 = FILL_AREA_STYLE ('',( #8611 ) ) ;
#175 = EDGE_CURVE ( 'NONE', #919, #8813, #12056, .T. ) ;
#176 = VECTOR ( 'NONE', #173, 1000.000000000000000 ) ;
#177 = SURFACE_SIDE_STYLE ('',( #2865 ) ) ;
#178 = CARTESIAN_POINT ( 'NONE',  ( 0.9965549657982581966, -12.69999999999999751, 1.165302096546602995 ) ) ;
#179 = PRESENTATION_LAYER_ASSIGNMENT (  '', '', ( #3498 ) ) ;
#180 =( NAMED_UNIT ( * ) PLANE_ANGLE_UNIT ( ) SI_UNIT ( $, .RADIAN. ) );
#181 = ORIENTED_EDGE ( 'NONE', *, *, #7205, .F. ) ;
#182 = CARTESIAN_POINT ( 'NONE',  ( -1.394354120492199423, -12.70999999999999730, 1.377253495963937757 ) ) ;
#183 = CARTESIAN_POINT ( 'NONE',  ( 0.8116513496803728911, -12.69999999999999751, 1.542387634197562862 ) ) ;
#184 = ORIENTED_EDGE ( 'NONE', *, *, #1204, .F. ) ;
#185 = EDGE_LOOP ( 'NONE', ( #3623, #1961, #9488, #9437 ) ) ;
#186 = VECTOR ( 'NONE', #8561, 1000.000000000000000 ) ;
#187 = UNCERTAINTY_MEASURE_WITH_UNIT (LENGTH_MEASURE( 1.000000000000000082E-05 ), #5511, 'distance_accuracy_value', 'NONE');
#188 = ADVANCED_FACE ( 'NONE', ( #11167, #6492 ), #895, .T. ) ;
#189 = ADVANCED_FACE ( 'NONE', ( #7632 ), #3102, .F. ) ;
#190 = B_SPLINE_CURVE_WITH_KNOTS ( 'NONE', 3,
 ( #4974, #2019, #4793, #1898 ),
 .UNSPECIFIED., .F., .F.,
 ( 4, 4 ),
 ( 0.000000000000000000, 1.000000000000000000 ),
 .UNSPECIFIED. ) ;
#191 = B_SPLINE_SURFACE_WITH_KNOTS ( 'NONE', 3, 1, ( 
 ( #4134, #11782 ),
 ( #2415, #1445 ),
 ( #8969, #7030 ),
 ( #5257, #516 ) ),
 .UNSPECIFIED., .F., .F., .F.,
 ( 4, 4 ),
 ( 2, 2 ),
 ( 4.000000000000000000, 5.000000000000000000 ),
 ( 0.000000000000000000, 1.000000000000000000 ),
 .UNSPECIFIED. ) ;
#192 = SURFACE_STYLE_FILL_AREA ( #11523 ) ;
#193 = DIRECTION ( 'NONE',  ( -0.000000000000000000, 1.000000000000000000, -0.000000000000000000 ) ) ;
#194 = CARTESIAN_POINT ( 'NONE',  ( 3.065153340310124541, -12.70999999999999730, 1.656414419019757611 ) ) ;
#195 = CARTESIAN_POINT ( 'NONE',  ( 2.232133956356214366, -12.70999999999999730, 2.704836984641384667 ) ) ;
#196 = CARTESIAN_POINT ( 'NONE',  ( 1.074190223549252643, -12.69999999999999751, 1.275863021651690410 ) ) ;
#197 = CARTESIAN_POINT ( 'NONE',  ( -0.1057617184844371061, -12.70999999999999730, 1.162875994744636765 ) ) ;
#198 = ORIENTED_EDGE ( 'NONE', *, *, #10810, .T. ) ;
#199 = CARTESIAN_POINT ( 'NONE',  ( 22.04999999999999716, 12.70000000000000107, 20.69999999999999929 ) ) ;
#200 = VERTEX_POINT ( 'NONE', #11967 ) ;
#201 = EDGE_CURVE ( 'NONE', #989, #2484, #1691, .T. ) ;
#202 = SURFACE_STYLE_USAGE ( .BOTH. , #8646 ) ;
#203 = CARTESIAN_POINT ( 'NONE',  ( 1.709482310420420204, -12.69999999999999751, 2.192582917870760095 ) ) ;
#204 = DIRECTION ( 'NONE',  ( -0.3283461648125116095, -0.000000000000000000, 0.9445574604294409982 ) ) ;
#205 = DIRECTION ( 'NONE',  ( 1.000000000000000000, -0.000000000000000000, -0.000000000000000000 ) ) ;
#206 = CARTESIAN_POINT ( 'NONE',  ( -3.741673181439701956, -12.70999999999999730, 2.254485657616724925 ) ) ;
#207 =( LENGTH_UNIT ( ) NAMED_UNIT ( * ) SI_UNIT ( .MILLI., .METRE. ) );
#208 = EDGE_CURVE ( 'NONE', #7197, #6418, #2063, .T. ) ;
#209 = COLOUR_RGB ( '',1.000000000000000000, 1.000000000000000000, 1.000000000000000000 ) ;
#210 = DIRECTION ( 'NONE',  ( -0.000000000000000000, 0.000000000000000000, -1.000000000000000000 ) ) ;
#211 = CARTESIAN_POINT ( 'NONE',  ( 2.512868593760694935, -12.70999999999999730, 1.664385896378344887 ) ) ;
#212 = CARTESIAN_POINT ( 'NONE',  ( 1.372427452548226956, -12.70999999999999730, 1.205159483339544479 ) ) ;
#213 = VECTOR ( 'NONE', #4635, 1000.000000000000000 ) ;
#214 = VERTEX_POINT ( 'NONE', #4996 ) ;
#215 = SURFACE_SIDE_STYLE ('',( #5755 ) ) ;
#216 = CARTESIAN_POINT ( 'NONE',  ( 1.713468049099705626, -12.69999999999999751, 2.697212093254503174 ) ) ;
#217 = PLANE ( 'NONE',  #7258 ) ;
#218 = EDGE_CURVE ( 'NONE', #4577, #3790, #5008, .T. ) ;
#219 = ORIENTED_EDGE ( 'NONE', *, *, #9130, .F. ) ;
#220 = CARTESIAN_POINT ( 'NONE',  ( 1.715374271948743479, -12.70999999999999730, 2.309035804494934396 ) ) ;
#221 = FILL_AREA_STYLE ('',( #8546 ) ) ;
#222 = CARTESIAN_POINT ( 'NONE',  ( -3.303056928237034118, -12.69999999999999751, 2.341245126877084637 ) ) ;
#223 = VECTOR ( 'NONE', #8212, 1000.000000000000000 ) ;
#224 = FACE_OUTER_BOUND ( 'NONE', #5546, .T. ) ;
#225 = EDGE_LOOP ( 'NONE', ( #8300, #184, #9956, #6254, #9421, #7567, #1187, #1697, #3009, #9034, #11241, #7054, #6931, #7691, #9898 ) ) ;
#226 = VECTOR ( 'NONE', #2005, 1000.000000000000000 ) ;
#227 = CARTESIAN_POINT ( 'NONE',  ( -2.970479989325513603, -12.69999999999999751, 1.136255450333256478 ) ) ;
#228 = FACE_OUTER_BOUND ( 'NONE', #3674, .T. ) ;
#229 = MECHANICAL_DESIGN_GEOMETRIC_PRESENTATION_REPRESENTATION (  '', ( #2949 ), #11634 ) ;
#230 = SURFACE_STYLE_USAGE ( .BOTH. , #3030 ) ;
#231 = COLOUR_RGB ( '',0.7529411764705882248, 0.7529411764705882248, 0.7529411764705882248 ) ;
#232 =( GEOMETRIC_REPRESENTATION_CONTEXT ( 3 ) GLOBAL_UNCERTAINTY_ASSIGNED_CONTEXT ( ( #11518 ) ) GLOBAL_UNIT_ASSIGNED_CONTEXT ( ( #478, #8352, #11133 ) ) REPRESENTATION_CONTEXT ( 'NONE', 'WORKASPACE' ) );
#233 = AXIS2_PLACEMENT_3D ( 'NONE', #2521, #1735, #883 ) ;
#234 = PRESENTATION_LAYER_ASSIGNMENT (  '', '', ( #4169 ) ) ;
#235 =( NAMED_UNIT ( * ) SI_UNIT ( $, .STERADIAN. ) SOLID_ANGLE_UNIT ( ) );
#236 = FILL_AREA_STYLE ('',( #5102 ) ) ;
#237 = CARTESIAN_POINT ( 'NONE',  ( 0.5544845583776207842, -12.69999999999999751, 1.160449892938023142 ) ) ;
#238 =( LENGTH_UNIT ( ) NAMED_UNIT ( * ) SI_UNIT ( .MILLI., .METRE. ) );
#239 = CARTESIAN_POINT ( 'NONE',  ( -1.225655433392526916, -12.69999999999999751, 2.389444423432443010 ) ) ;
#240 = EDGE_CURVE ( 'NONE', #5311, #1540, #2981, .T. ) ;
#241 = CARTESIAN_POINT ( 'NONE',  ( 2.636773078785899393, -12.69999999999999751, 1.346219973987518470 ) ) ;
#242 = CIRCLE ( 'NONE', #4376, 0.7999999999999986011 ) ;
#243 = EDGE_LOOP ( 'NONE', ( #11618, #4269, #5081, #794, #10286, #1905, #4736 ) ) ;
#244 = ORIENTED_EDGE ( 'NONE', *, *, #1327, .F. ) ;
#245 = ORIENTED_EDGE ( 'NONE', *, *, #1475, .T. ) ;
#246 = DIRECTION ( 'NONE',  ( 1.000000000000000000, 0.000000000000000000, -0.000000000000000000 ) ) ;
#247 = CARTESIAN_POINT ( 'NONE',  ( -3.172918229980178584, -12.70999999999999730, 0.9000778399903864857 ) ) ;
#248 = UNCERTAINTY_MEASURE_WITH_UNIT (LENGTH_MEASURE( 1.000000000000000082E-05 ), #9145, 'distance_accuracy_value', 'NONE');
#249 = CARTESIAN_POINT ( 'NONE',  ( -1.620891963455533880, -12.69999999999999751, 1.651991187078393652 ) ) ;
#250 = B_SPLINE_CURVE_WITH_KNOTS ( 'NONE', 3,
 ( #9401, #3002, #4838, #2832 ),
 .UNSPECIFIED., .F., .F.,
 ( 4, 4 ),
 ( 6.000000000000000000, 7.000000000000000000 ),
 .UNSPECIFIED. ) ;
#251 =( GEOMETRIC_REPRESENTATION_CONTEXT ( 3 ) GLOBAL_UNCERTAINTY_ASSIGNED_CONTEXT ( ( #3310 ) ) GLOBAL_UNIT_ASSIGNED_CONTEXT ( ( #1449, #5259, #10003 ) ) REPRESENTATION_CONTEXT ( 'NONE', 'WORKASPACE' ) );
#252 = CARTESIAN_POINT ( 'NONE',  ( 0.4026799025950586475, -12.70999999999999730, 2.746427301292870382 ) ) ;
#253 = CARTESIAN_POINT ( 'NONE',  ( 0.8352191957844155024, -12.69999999999999751, 2.838965755845903161 ) ) ;
#254 = SURFACE_STYLE_USAGE ( .BOTH. , #4830 ) ;
#255 = CARTESIAN_POINT ( 'NONE',  ( 0.5118544838086782622, -12.70999999999999730, 2.149606257327805636 ) ) ;
#256 = AXIS2_PLACEMENT_3D ( 'NONE', #8922, #10949, #9960 ) ;
#257 = ADVANCED_FACE ( 'NONE', ( #6696 ), #10550, .F. ) ;
#258 = CARTESIAN_POINT ( 'NONE',  ( -0.1057617184844371061, -12.70999999999999730, 1.685527640680425820 ) ) ;
#259 = ORIENTED_EDGE ( 'NONE', *, *, #3274, .F. ) ;
#260 = DIRECTION ( 'NONE',  ( -0.000000000000000000, 1.000000000000000000, -0.000000000000000000 ) ) ;
#261 = FILL_AREA_STYLE ('',( #2062 ) ) ;
#262 = DIRECTION ( 'NONE',  ( 1.000000000000000000, 0.000000000000000000, -0.000000000000000000 ) ) ;
#263 = B_SPLINE_CURVE_WITH_KNOTS ( 'NONE', 3,
 ( #8221, #3645, #2543, #12154 ),
 .UNSPECIFIED., .F., .F.,
 ( 4, 4 ),
 ( 16.00000000000000000, 17.00000000000000000 ),
 .UNSPECIFIED. ) ;
#264 = EDGE_CURVE ( 'NONE', #12009, #10114, #7376, .T. ) ;
#265 = PRESENTATION_STYLE_ASSIGNMENT (( #6838 ) ) ;
#266 = CARTESIAN_POINT ( 'NONE',  ( 0.4146371186329260716, -12.69999999999999751, 2.149606257327805636 ) ) ;
#267 = DIRECTION ( 'NONE',  ( -0.000000000000000000, 1.000000000000000000, -0.000000000000000000 ) ) ;
#268 = ORIENTED_EDGE ( 'NONE', *, *, #4875, .F. ) ;
#269 = SURFACE_SIDE_STYLE ('',( #1391 ) ) ;
#270 = ORIENTED_EDGE ( 'NONE', *, *, #11569, .F. ) ;
#271 = PRESENTATION_STYLE_ASSIGNMENT (( #8725 ) ) ;
#272 = CARTESIAN_POINT ( 'NONE',  ( -1.630532098566337185, -12.70999999999999730, 1.382073379651379552 ) ) ;
#273 = ADVANCED_FACE ( 'NONE', ( #5835, #5774 ), #9608, .F. ) ;
#274 = ORIENTED_EDGE ( 'NONE', *, *, #3374, .F. ) ;
#275 =( LENGTH_UNIT ( ) NAMED_UNIT ( * ) SI_UNIT ( .MILLI., .METRE. ) );
#276 = SURFACE_STYLE_FILL_AREA ( #2023 ) ;
#277 =( GEOMETRIC_REPRESENTATION_CONTEXT ( 3 ) GLOBAL_UNCERTAINTY_ASSIGNED_CONTEXT ( ( #6705 ) ) GLOBAL_UNIT_ASSIGNED_CONTEXT ( ( #2572, #6413, #2035 ) ) REPRESENTATION_CONTEXT ( 'NONE', 'WORKASPACE' ) );
#278 = PLANE ( 'NONE',  #591 ) ;
#279 = CARTESIAN_POINT ( 'NONE',  ( -2.353525408053224854, -12.69999999999999751, 3.020858839633884685 ) ) ;
#280 = DIRECTION ( 'NONE',  ( -1.000000000000000000, 0.000000000000000000, 0.000000000000000000 ) ) ;
#281 = VERTEX_POINT ( 'NONE', #2151 ) ;
#282 = CARTESIAN_POINT ( 'NONE',  ( 1.184404562680325901, -12.69999999999999751, 2.838965755845902272 ) ) ;
#283 = DIRECTION ( 'NONE',  ( -0.000000000000000000, 1.000000000000000000, -0.000000000000000000 ) ) ;
#284 = FILL_AREA_STYLE ('',( #3980 ) ) ;
#285 = EDGE_CURVE ( 'NONE', #9215, #2814, #11461, .T. ) ;
#286 = DIRECTION ( 'NONE',  ( -1.000000000000000000, 0.000000000000000000, -0.000000000000000000 ) ) ;
#287 = PRESENTATION_LAYER_ASSIGNMENT (  '', '', ( #6769 ) ) ;
#288 = DIRECTION ( 'NONE',  ( 0.000000000000000000, -0.000000000000000000, 1.000000000000000000 ) ) ;
#289 = CARTESIAN_POINT ( 'NONE',  ( 0.5567373671960460513, -12.70999999999999730, 1.393355666195626119 ) ) ;
#290 = LINE ( 'NONE', #4233, #11590 ) ;
#291 = SURFACE_STYLE_FILL_AREA ( #2921 ) ;
#292 = CARTESIAN_POINT ( 'NONE',  ( 0.5203458401248410858, -12.70999999999999730, 1.183324567098666957 ) ) ;
#293 =( NAMED_UNIT ( * ) PLANE_ANGLE_UNIT ( ) SI_UNIT ( $, .RADIAN. ) );
#294 = STYLED_ITEM ( 'NONE', ( #7572 ), #5744 ) ;
#295 = SURFACE_STYLE_FILL_AREA ( #7812 ) ;
#296 = EDGE_CURVE ( 'NONE', #3368, #8246, #617, .T. ) ;
#297 = SURFACE_STYLE_USAGE ( .BOTH. , #4476 ) ;
#298 = VERTEX_POINT ( 'NONE', #10038 ) ;
#299 = EDGE_LOOP ( 'NONE', ( #10090, #11126, #333, #971 ) ) ;
#300 =( LENGTH_UNIT ( ) NAMED_UNIT ( * ) SI_UNIT ( .MILLI., .METRE. ) );
#301 = VERTEX_POINT ( 'NONE', #4369 ) ;
#302 = ORIENTED_EDGE ( 'NONE', *, *, #7951, .T. ) ;
#303 = UNCERTAINTY_MEASURE_WITH_UNIT (LENGTH_MEASURE( 1.000000000000000082E-05 ), #9449, 'distance_accuracy_value', 'NONE');
#304 =( NAMED_UNIT ( * ) PLANE_ANGLE_UNIT ( ) SI_UNIT ( $, .RADIAN. ) );
#305 =( LENGTH_UNIT ( ) NAMED_UNIT ( * ) SI_UNIT ( .MILLI., .METRE. ) );
#306 = AXIS2_PLACEMENT_3D ( 'NONE', #4098, #4921, #4810 ) ;
#307 = EDGE_CURVE ( 'NONE', #7136, #3896, #2451, .T. ) ;
#308 = EDGE_CURVE ( 'NONE', #298, #6008, #2507, .T. ) ;
#309 = CARTESIAN_POINT ( 'NONE',  ( 0.8858207477119407480, -12.70999999999999730, 1.298391109835989488 ) ) ;
#310 = DIRECTION ( 'NONE',  ( -0.000000000000000000, 0.000000000000000000, 1.000000000000000000 ) ) ;
#311 = DIRECTION ( 'NONE',  ( -0.000000000000000000, -0.000000000000000000, 1.000000000000000000 ) ) ;
#312 = CARTESIAN_POINT ( 'NONE',  ( 0.000000000000000000, -12.70999999999999730, 0.000000000000000000 ) ) ;
#313 = FILL_AREA_STYLE_COLOUR ( '', #1756 ) ;
#314 = ORIENTED_EDGE ( 'NONE', *, *, #891, .F. ) ;
#315 =( NAMED_UNIT ( * ) PLANE_ANGLE_UNIT ( ) SI_UNIT ( $, .RADIAN. ) );
#316 = PLANE ( 'NONE',  #4530 ) ;
#317 = CARTESIAN_POINT ( 'NONE',  ( 1.514354408125495155, -12.69999999999999751, 2.161043594408120772 ) ) ;
#318 = CARTESIAN_POINT ( 'NONE',  ( -2.295685976389368665, -12.69999999999999751, 1.295314370058009423 ) ) ;
#319 = FACE_OUTER_BOUND ( 'NONE', #7292, .T. ) ;
#320 = ADVANCED_FACE ( 'NONE', ( #1538 ), #1278, .F. ) ;
#321 = DIRECTION ( 'NONE',  ( -1.000000000000000000, -0.000000000000000000, -0.000000000000000000 ) ) ;
#322 = CARTESIAN_POINT ( 'NONE',  ( 1.222875605584116787, -12.70999999999999730, 1.569767925995061653 ) ) ;
#323 = SURFACE_SIDE_STYLE ('',( #5925 ) ) ;
#324 = CARTESIAN_POINT ( 'NONE',  ( 2.512868593760694935, -12.69999999999999751, 1.664385896378344887 ) ) ;
#325 = LINE ( 'NONE', #5993, #11964 ) ;
#326 = COLOUR_RGB ( '',1.000000000000000000, 1.000000000000000000, 1.000000000000000000 ) ;
#327 = ORIENTED_EDGE ( 'NONE', *, *, #2816, .F. ) ;
#328 = DIRECTION ( 'NONE',  ( 1.000000000000000000, 0.000000000000000000, -0.000000000000000000 ) ) ;
#329 =( NAMED_UNIT ( * ) PLANE_ANGLE_UNIT ( ) SI_UNIT ( $, .RADIAN. ) );
#330 = EDGE_CURVE ( 'NONE', #1288, #7150, #10093, .T. ) ;
#331 = CARTESIAN_POINT ( 'NONE',  ( -1.620891963455533880, -12.70999999999999730, 1.651991187078393652 ) ) ;
#332 = FILL_AREA_STYLE_COLOUR ( '', #4231 ) ;
#333 = ORIENTED_EDGE ( 'NONE', *, *, #9079, .F. ) ;
#334 = VECTOR ( 'NONE', #539, 1000.000000000000000 ) ;
#335 =( LENGTH_UNIT ( ) NAMED_UNIT ( * ) SI_UNIT ( .MILLI., .METRE. ) );
#336 = ADVANCED_FACE ( 'NONE', ( #5292 ), #977, .F. ) ;
#337 = LINE ( 'NONE', #4082, #8237 ) ;
#338 = PRESENTATION_STYLE_ASSIGNMENT (( #1286 ) ) ;
#339 = SURFACE_STYLE_FILL_AREA ( #6137 ) ;
#340 = EDGE_LOOP ( 'NONE', ( #1307, #8029, #9080, #4338 ) ) ;
#341 = DIRECTION ( 'NONE',  ( 0.000000000000000000, 1.000000000000000000, 0.000000000000000000 ) ) ;
#342 =( LENGTH_UNIT ( ) NAMED_UNIT ( * ) SI_UNIT ( .MILLI., .METRE. ) );
#343 = CARTESIAN_POINT ( 'NONE',  ( 2.208392817266298547, -12.69999999999999751, 2.704836984641384667 ) ) ;
#344 = CARTESIAN_POINT ( 'NONE',  ( 1.787810740119434083, -12.69999999999999751, 2.506243222624735978 ) ) ;
#345 = CARTESIAN_POINT ( 'NONE',  ( 1.184404562680328565, -12.70999999999999730, 2.838965755845903161 ) ) ;
#346 = CARTESIAN_POINT ( 'NONE',  ( -3.037959280299975084, -12.69999999999999751, 2.341245126877084637 ) ) ;
#347 = LINE ( 'NONE', #5172, #6285 ) ;
#348 = CARTESIAN_POINT ( 'NONE',  ( 2.955978759101102860, -12.70999999999999730, 1.347606317874361359 ) ) ;
#349 = ORIENTED_EDGE ( 'NONE', *, *, #10215, .F. ) ;
#350 = DIRECTION ( 'NONE',  ( 0.000000000000000000, 0.000000000000000000, -1.000000000000000000 ) ) ;
#351 =( GEOMETRIC_REPRESENTATION_CONTEXT ( 3 ) GLOBAL_UNCERTAINTY_ASSIGNED_CONTEXT ( ( #10976 ) ) GLOBAL_UNIT_ASSIGNED_CONTEXT ( ( #1886, #10385, #5626 ) ) REPRESENTATION_CONTEXT ( 'NONE', 'WORKASPACE' ) );
#352 = EDGE_CURVE ( 'NONE', #5961, #11212, #6515, .T. ) ;
#353 = CARTESIAN_POINT ( 'NONE',  ( 0.3387347907427868399, -12.69999999999999751, 1.222142195971842815 ) ) ;
#354 = MECHANICAL_DESIGN_GEOMETRIC_PRESENTATION_REPRESENTATION (  '', ( #2530 ), #777 ) ;
#355 = ORIENTED_EDGE ( 'NONE', *, *, #10131, .F. ) ;
#356 = CARTESIAN_POINT ( 'NONE',  ( 1.372947331505797175, -12.70999999999999730, 1.012457682851205520 ) ) ;
#357 = CARTESIAN_POINT ( 'NONE',  ( -2.512584051977802435, -12.70999999999999730, 0.7651190741792978089 ) ) ;
#358 = ORIENTED_EDGE ( 'NONE', *, *, #10390, .T. ) ;
#359 = ORIENTED_EDGE ( 'NONE', *, *, #9940, .T. ) ;
#360 = FILL_AREA_STYLE_COLOUR ( '', #10986 ) ;
#361 = B_SPLINE_SURFACE_WITH_KNOTS ( 'NONE', 3, 1, ( 
 ( #4247, #6281 ),
 ( #10043, #8002 ),
 ( #8956, #8190 ),
 ( #11944, #3482 ) ),
 .UNSPECIFIED., .F., .F., .F.,
 ( 4, 4 ),
 ( 2, 2 ),
 ( 0.000000000000000000, 1.000000000000000000 ),
 ( 0.000000000000000000, 1.000000000000000000 ),
 .UNSPECIFIED. ) ;
#362 =( NAMED_UNIT ( * ) SI_UNIT ( $, .STERADIAN. ) SOLID_ANGLE_UNIT ( ) );
#363 = AXIS2_PLACEMENT_3D ( 'NONE', #3172, #10854, #7160 ) ;
#364 = EDGE_CURVE ( 'NONE', #10204, #4395, #9491, .T. ) ;
#365 =( NAMED_UNIT ( * ) SI_UNIT ( $, .STERADIAN. ) SOLID_ANGLE_UNIT ( ) );
#366 = VECTOR ( 'NONE', #6580, 1000.000000000000000 ) ;
#367 = FILL_AREA_STYLE_COLOUR ( '', #9427 ) ;
#368 = MECHANICAL_DESIGN_GEOMETRIC_PRESENTATION_REPRESENTATION (  '', ( #4714 ), #171 ) ;
#369 = B_SPLINE_CURVE_WITH_KNOTS ( 'NONE', 3,
 ( #3027, #6933, #5949, #5821 ),
 .UNSPECIFIED., .F., .F.,
 ( 4, 4 ),
 ( 7.000000000000000000, 8.000000000000000000 ),
 .UNSPECIFIED. ) ;
#370 =( LENGTH_UNIT ( ) NAMED_UNIT ( * ) SI_UNIT ( .MILLI., .METRE. ) );
#371 = FACE_BOUND ( 'NONE', #1168, .T. ) ;
#372 = B_SPLINE_SURFACE_WITH_KNOTS ( 'NONE', 3, 1, ( 
 ( #9727, #11934 ),
 ( #10964, #9241 ),
 ( #2504, #5458 ),
 ( #1781, #1594 ) ),
 .UNSPECIFIED., .F., .F., .F.,
 ( 4, 4 ),
 ( 2, 2 ),
 ( 5.000000000000000000, 6.000000000000000000 ),
 ( 0.000000000000000000, 1.000000000000000000 ),
 .UNSPECIFIED. ) ;
#373 = LINE ( 'NONE', #444, #5161 ) ;
#374 = STYLED_ITEM ( 'NONE', ( #4670 ), #2518 ) ;
#375 = ORIENTED_EDGE ( 'NONE', *, *, #9152, .T. ) ;
#376 = EDGE_LOOP ( 'NONE', ( #4856, #3199, #9996, #7098 ) ) ;
#377 = SURFACE_STYLE_FILL_AREA ( #2278 ) ;
#378 = CARTESIAN_POINT ( 'NONE',  ( 1.274516915426764818, -12.69999999999999751, 0.8575337533163209791 ) ) ;
#379 = UNCERTAINTY_MEASURE_WITH_UNIT (LENGTH_MEASURE( 1.000000000000000082E-05 ), #10978, 'distance_accuracy_value', 'NONE');
#380 = ORIENTED_EDGE ( 'NONE', *, *, #9940, .F. ) ;
#381 = CARTESIAN_POINT ( 'NONE',  ( -3.751313098209840380, -12.69999999999999751, 1.468832573111563677 ) ) ;
#382 = EDGE_CURVE ( 'NONE', #544, #7150, #1723, .T. ) ;
#383 = COLOUR_RGB ( '',0.2509803921568627416, 0.2509803921568627416, 0.2509803921568627416 ) ;
#384 = CARTESIAN_POINT ( 'NONE',  ( 0.1919556315546779024, -12.69999999999999751, 2.487180994157543790 ) ) ;
#385 = CARTESIAN_POINT ( 'NONE',  ( 3.057355155937388602, -12.69999999999999751, 1.629380713198598674 ) ) ;
#386 = PRESENTATION_LAYER_ASSIGNMENT (  '', '', ( #5691 ) ) ;
#387 = ORIENTED_EDGE ( 'NONE', *, *, #5249, .T. ) ;
#388 = CARTESIAN_POINT ( 'NONE',  ( 0.9747200495550709665, -12.69999999999999751, 1.255067863321315702 ) ) ;
#389 = CARTESIAN_POINT ( 'NONE',  ( -2.984939824256972241, -12.69999999999999751, 1.733930496851108449 ) ) ;
#390 = DIRECTION ( 'NONE',  ( -1.000000000000000000, 0.000000000000000000, -0.000000000000000000 ) ) ;
#391 = SURFACE_STYLE_FILL_AREA ( #9950 ) ;
#392 = ORIENTED_EDGE ( 'NONE', *, *, #8318, .F. ) ;
#393 = ORIENTED_EDGE ( 'NONE', *, *, #9616, .F. ) ;
#394 = ORIENTED_EDGE ( 'NONE', *, *, #5344, .F. ) ;
#395 = CARTESIAN_POINT ( 'NONE',  ( 0.9998475325341440456, -12.69999999999999751, 1.339981426487471206 ) ) ;
#396 = FACE_OUTER_BOUND ( 'NONE', #11481, .T. ) ;
#397 = EDGE_LOOP ( 'NONE', ( #9717, #5615, #9372, #12109 ) ) ;
#398 = CARTESIAN_POINT ( 'NONE',  ( 0.8000407196142020894, -12.70999999999999730, 1.159063549051180253 ) ) ;
#399 = CARTESIAN_POINT ( 'NONE',  ( -2.883720795863037978, -12.70999999999999730, 1.054316140560536796 ) ) ;
#400 = PRESENTATION_LAYER_ASSIGNMENT (  '', '', ( #5706 ) ) ;
#401 = COLOUR_RGB ( '',0.2509803921568627416, 0.2509803921568627416, 0.2509803921568627416 ) ;
#402 = ORIENTED_EDGE ( 'NONE', *, *, #4512, .T. ) ;
#403 =( LENGTH_UNIT ( ) NAMED_UNIT ( * ) SI_UNIT ( .MILLI., .METRE. ) );
#404 = B_SPLINE_CURVE_WITH_KNOTS ( 'NONE', 3,
 ( #7222, #4456, #7365, #3501 ),
 .UNSPECIFIED., .F., .F.,
 ( 4, 4 ),
 ( 1.000000000000000000, 2.000000000000000000 ),
 .UNSPECIFIED. ) ;
#406 = EDGE_LOOP ( 'NONE', ( #10242, #11915, #4667, #11614 ) ) ;
#405 = CARTESIAN_POINT ( 'NONE',  ( 0.1713337662147740026, -12.70999999999999730, 1.085587322965344104 ) ) ;
#407 =( NAMED_UNIT ( * ) SI_UNIT ( $, .STERADIAN. ) SOLID_ANGLE_UNIT ( ) );
#408 = B_SPLINE_CURVE_WITH_KNOTS ( 'NONE', 3,
 ( #2380, #6017, #6079, #484 ),
 .UNSPECIFIED., .F., .F.,
 ( 4, 4 ),
 ( 10.00000000000000000, 11.00000000000000000 ),
 .UNSPECIFIED. ) ;
#409 = DIRECTION ( 'NONE',  ( -0.000000000000000000, 1.000000000000000000, -0.000000000000000000 ) ) ;
#410 = UNCERTAINTY_MEASURE_WITH_UNIT (LENGTH_MEASURE( 1.000000000000000082E-05 ), #1983, 'distance_accuracy_value', 'NONE');
#411 = EDGE_CURVE ( 'NONE', #9285, #11355, #4619, .T. ) ;
#412 = ADVANCED_FACE ( 'NONE', ( #8428 ), #8249, .F. ) ;
#413 = AXIS2_PLACEMENT_3D ( 'NONE', #549, #7202, #4236 ) ;
#414 =( LENGTH_UNIT ( ) NAMED_UNIT ( * ) SI_UNIT ( .MILLI., .METRE. ) );
#415 = MECHANICAL_DESIGN_GEOMETRIC_PRESENTATION_REPRESENTATION (  '', ( #9673 ), #7515 ) ;
#416 = CARTESIAN_POINT ( 'NONE',  ( 0.5245048717899720714, -12.69999999999999751, 2.227588101050506086 ) ) ;
#417 = STYLED_ITEM ( 'NONE', ( #2854 ), #4164 ) ;
#418 = CARTESIAN_POINT ( 'NONE',  ( 0.5245048717899720714, -12.69999999999999751, 2.227588101050506086 ) ) ;
#419 = LINE ( 'NONE', #11221, #8701 ) ;
#420 = AXIS2_PLACEMENT_3D ( 'NONE', #4666, #5513, #1664 ) ;
#421 = DIRECTION ( 'NONE',  ( -0.000000000000000000, 1.000000000000000000, -0.000000000000000000 ) ) ;
#422 =( NAMED_UNIT ( * ) SI_UNIT ( $, .STERADIAN. ) SOLID_ANGLE_UNIT ( ) );
#423 = ORIENTED_EDGE ( 'NONE', *, *, #10039, .T. ) ;
#424 = AXIS2_PLACEMENT_3D ( 'NONE', #3085, #5817, #6860 ) ;
#425 =( NAMED_UNIT ( * ) PLANE_ANGLE_UNIT ( ) SI_UNIT ( $, .RADIAN. ) );
#426 = STYLED_ITEM ( 'NONE', ( #3775 ), #7988 ) ;
#427 = PRESENTATION_LAYER_ASSIGNMENT (  '', '', ( #4568 ) ) ;
#428 = VECTOR ( 'NONE', #10245, 999.9999999999998863 ) ;
#429 = LINE ( 'NONE', #1359, #10595 ) ;
#430 = MECHANICAL_DESIGN_GEOMETRIC_PRESENTATION_REPRESENTATION (  '', ( #3349 ), #4559 ) ;
#431 = ORIENTED_EDGE ( 'NONE', *, *, #3039, .F. ) ;
#432 =( GEOMETRIC_REPRESENTATION_CONTEXT ( 3 ) GLOBAL_UNCERTAINTY_ASSIGNED_CONTEXT ( ( #6805 ) ) GLOBAL_UNIT_ASSIGNED_CONTEXT ( ( #11177, #8404, #6499 ) ) REPRESENTATION_CONTEXT ( 'NONE', 'WORKASPACE' ) );
#433 = CARTESIAN_POINT ( 'NONE',  ( 0.5397546545637254001, -12.69999999999999751, 2.771381491283765097 ) ) ;
#434 = ORIENTED_EDGE ( 'NONE', *, *, #5977, .F. ) ;
#435 = UNCERTAINTY_MEASURE_WITH_UNIT (LENGTH_MEASURE( 1.000000000000000082E-05 ), #4472, 'distance_accuracy_value', 'NONE');
#436 = CARTESIAN_POINT ( 'NONE',  ( 0.3633423947619750516, -12.70999999999999730, 1.165648682518300117 ) ) ;
#437 = B_SPLINE_CURVE_WITH_KNOTS ( 'NONE', 3,
 ( #8672, #9722, #6071, #3090 ),
 .UNSPECIFIED., .F., .F.,
 ( 4, 4 ),
 ( 3.000000000000000000, 4.000000000000000000 ),
 .UNSPECIFIED. ) ;
#438 = MECHANICAL_DESIGN_GEOMETRIC_PRESENTATION_REPRESENTATION (  '', ( #4165 ), #7902 ) ;
#439 = PRESENTATION_LAYER_ASSIGNMENT (  '', '', ( #647 ) ) ;
#440 = FILL_AREA_STYLE_COLOUR ( '', #4904 ) ;
#441 = CARTESIAN_POINT ( 'NONE',  ( 0.8632926595230211442, -12.70999999999999730, 1.401673729525910739 ) ) ;
#442 = VERTEX_POINT ( 'NONE', #12175 ) ;
#443 = CARTESIAN_POINT ( 'NONE',  ( 1.363762803241615362, -12.69999999999999751, 1.175006503768355248 ) ) ;
#444 = CARTESIAN_POINT ( 'NONE',  ( -0.1057617184844371061, -12.70999999999999730, 1.685527640680425820 ) ) ;
#445 = STYLED_ITEM ( 'NONE', ( #1618 ), #8544 ) ;
#446 = VERTEX_POINT ( 'NONE', #2855 ) ;
#447 = EDGE_CURVE ( 'NONE', #9694, #2214, #6628, .T. ) ;
#448 = FACE_OUTER_BOUND ( 'NONE', #1623, .T. ) ;
#449 = FACE_OUTER_BOUND ( 'NONE', #8108, .T. ) ;
#450 = CARTESIAN_POINT ( 'NONE',  ( 1.127911049226790752, -12.70999999999999730, 1.569767925995061653 ) ) ;
#451 = ORIENTED_EDGE ( 'NONE', *, *, #8972, .T. ) ;
#452 = ORIENTED_EDGE ( 'NONE', *, *, #2479, .F. ) ;
#454 =( GEOMETRIC_REPRESENTATION_CONTEXT ( 3 ) GLOBAL_UNCERTAINTY_ASSIGNED_CONTEXT ( ( #4626 ) ) GLOBAL_UNIT_ASSIGNED_CONTEXT ( ( #5029, #2963, #7682 ) ) REPRESENTATION_CONTEXT ( 'NONE', 'WORKASPACE' ) );
#453 = FILL_AREA_STYLE_COLOUR ( '', #7068 ) ;
#455 =( NAMED_UNIT ( * ) PLANE_ANGLE_UNIT ( ) SI_UNIT ( $, .RADIAN. ) );
#456 = CARTESIAN_POINT ( 'NONE',  ( 3.061514187607166981, -12.69999999999999751, 1.640471464302582838 ) ) ;
#457 = MECHANICAL_DESIGN_GEOMETRIC_PRESENTATION_REPRESENTATION (  '', ( #6547 ), #2792 ) ;
#458 = CARTESIAN_POINT ( 'NONE',  ( -2.676462671523232473, -12.70999999999999730, 1.054316140560536796 ) ) ;
#459 = CARTESIAN_POINT ( 'NONE',  ( 0.3591833630968440105, -12.70999999999999730, 1.074149985885020087 ) ) ;
#460 = FILL_AREA_STYLE ('',( #1566 ) ) ;
#461 =( GEOMETRIC_REPRESENTATION_CONTEXT ( 3 ) GLOBAL_UNCERTAINTY_ASSIGNED_CONTEXT ( ( #43 ) ) GLOBAL_UNIT_ASSIGNED_CONTEXT ( ( #1337, #527, #2249 ) ) REPRESENTATION_CONTEXT ( 'NONE', 'WORKASPACE' ) );
#462 = EDGE_CURVE ( 'NONE', #11355, #6851, #1963, .T. ) ;
#463 = CARTESIAN_POINT ( 'NONE',  ( -1.196735763529605867, -12.70999999999999730, 1.391713330897701661 ) ) ;
#464 = DIRECTION ( 'NONE',  ( -0.000000000000000000, -0.000000000000000000, 1.000000000000000000 ) ) ;
#465 = ORIENTED_EDGE ( 'NONE', *, *, #10778, .F. ) ;
#466 = CARTESIAN_POINT ( 'NONE',  ( -0.1932746764407473894, -12.70999999999999730, 2.838965755845903161 ) ) ;
#467 = DIRECTION ( 'NONE',  ( -0.000000000000000000, -0.000000000000000000, 1.000000000000000000 ) ) ;
#468 = VERTEX_POINT ( 'NONE', #3604 ) ;
#469 = AXIS2_PLACEMENT_3D ( 'NONE', #6610, #1150, #262 ) ;
#470 = CARTESIAN_POINT ( 'NONE',  ( -3.519955003823156847, -12.70999999999999730, 1.859249403353907093 ) ) ;
#471 = ORIENTED_EDGE ( 'NONE', *, *, #7307, .T. ) ;
#472 = DIRECTION ( 'NONE',  ( -0.9903286039881268321, -0.000000000000000000, -0.1387416884823294005 ) ) ;
#473 = DIRECTION ( 'NONE',  ( -0.000000000000000000, 1.000000000000000000, -0.000000000000000000 ) ) ;
#474 = FACE_OUTER_BOUND ( 'NONE', #7334, .T. ) ;
#475 = FILL_AREA_STYLE_COLOUR ( '', #11448 ) ;
#476 = ORIENTED_EDGE ( 'NONE', *, *, #4939, .F. ) ;
#477 =( LENGTH_UNIT ( ) NAMED_UNIT ( * ) SI_UNIT ( .MILLI., .METRE. ) );
#478 =( LENGTH_UNIT ( ) NAMED_UNIT ( * ) SI_UNIT ( .MILLI., .METRE. ) );
#479 = DIRECTION ( 'NONE',  ( 0.9345104387438672999, 0.000000000000000000, -0.3559357243643080371 ) ) ;
#480 = DIRECTION ( 'NONE',  ( -0.000000000000000000, -0.000000000000000000, 1.000000000000000000 ) ) ;
#481 = ORIENTED_EDGE ( 'NONE', *, *, #529, .F. ) ;
#482 = DIRECTION ( 'NONE',  ( -1.000000000000000000, -0.000000000000000000, -0.000000000000000000 ) ) ;
#483 = CARTESIAN_POINT ( 'NONE',  ( 1.372427452548226956, -12.70999999999999730, 1.205159483339544479 ) ) ;
#484 = CARTESIAN_POINT ( 'NONE',  ( 1.060500077652813067, -12.70999999999999730, 1.476882885470318429 ) ) ;
#485 = SURFACE_STYLE_USAGE ( .BOTH. , #8123 ) ;
#486 = CARTESIAN_POINT ( 'NONE',  ( 0.9457801208848780616, -12.70999999999999730, 1.580858677103661680 ) ) ;
#487 = ORIENTED_EDGE ( 'NONE', *, *, #3757, .T. ) ;
#488 = FACE_OUTER_BOUND ( 'NONE', #9461, .T. ) ;
#489 = EDGE_LOOP ( 'NONE', ( #6022, #4672, #750, #11816, #4912, #8199, #2367 ) ) ;
#490 = EDGE_CURVE ( 'NONE', #4203, #781, #1059, .T. ) ;
#491 = EDGE_CURVE ( 'NONE', #1722, #4885, #11030, .T. ) ;
#492 = CARTESIAN_POINT ( 'NONE',  ( 1.771694492416408639, -12.70999999999999730, 1.685527640680425820 ) ) ;
#493 = SURFACE_STYLE_FILL_AREA ( #8947 ) ;
#494 = STYLED_ITEM ( 'NONE', ( #6632 ), #5068 ) ;
#495 = CARTESIAN_POINT ( 'NONE',  ( 2.362796867839010329, -12.70999999999999730, 1.162875994744636765 ) ) ;
#496 = PRESENTATION_STYLE_ASSIGNMENT (( #10973 ) ) ;
#497 =( NAMED_UNIT ( * ) SI_UNIT ( $, .STERADIAN. ) SOLID_ANGLE_UNIT ( ) );
#498 = ORIENTED_EDGE ( 'NONE', *, *, #4747, .F. ) ;
#499 = EDGE_CURVE ( 'NONE', #4302, #9101, #4554, .T. ) ;
#500 = STYLED_ITEM ( 'NONE', ( #23 ), #5389 ) ;
#501 = PRESENTATION_STYLE_ASSIGNMENT (( #9070 ) ) ;
#502 = UNCERTAINTY_MEASURE_WITH_UNIT (LENGTH_MEASURE( 1.000000000000000082E-05 ), #3661, 'distance_accuracy_value', 'NONE');
#503 = LINE ( 'NONE', #11830, #8432 ) ;
#504 = EDGE_CURVE ( 'NONE', #10153, #10227, #8369, .T. ) ;
#505 = CARTESIAN_POINT ( 'NONE',  ( 1.200174224411630020, -12.70999999999999730, 0.8575337533163209791 ) ) ;
#506 = PLANE ( 'NONE',  #9888 ) ;
#507 = EDGE_CURVE ( 'NONE', #6626, #9146, #8794, .T. ) ;
#508 =( GEOMETRIC_REPRESENTATION_CONTEXT ( 3 ) GLOBAL_UNCERTAINTY_ASSIGNED_CONTEXT ( ( #8067 ) ) GLOBAL_UNIT_ASSIGNED_CONTEXT ( ( #305, #3045, #6954 ) ) REPRESENTATION_CONTEXT ( 'NONE', 'WORKASPACE' ) );
#509 =( NAMED_UNIT ( * ) PLANE_ANGLE_UNIT ( ) SI_UNIT ( $, .RADIAN. ) );
#510 = LINE ( 'NONE', #3439, #2899 ) ;
#511 = CARTESIAN_POINT ( 'NONE',  ( -2.295685976389367333, -12.69999999999999751, 1.247114797702460143 ) ) ;
#512 = ORIENTED_EDGE ( 'NONE', *, *, #11770, .F. ) ;
#513 = PLANE ( 'NONE',  #5109 ) ;
#514 = ORIENTED_EDGE ( 'NONE', *, *, #3295, .F. ) ;
#515 = SURFACE_SIDE_STYLE ('',( #3123 ) ) ;
#516 = CARTESIAN_POINT ( 'NONE',  ( 1.145413640818973677, -12.69999999999999751, 0.9400212146805150271 ) ) ;
#517 = ORIENTED_EDGE ( 'NONE', *, *, #6936, .F. ) ;
#518 = CARTESIAN_POINT ( 'NONE',  ( -0.1057617184844371061, -12.70999999999999730, 1.390929564389012718 ) ) ;
#519 = CARTESIAN_POINT ( 'NONE',  ( 1.065525574247239371, -12.70999999999999730, 1.137921804753728727 ) ) ;
#520 = FILL_AREA_STYLE_COLOUR ( '', #6273 ) ;
#521 = PRESENTATION_STYLE_ASSIGNMENT (( #4404 ) ) ;
#522 =( NAMED_UNIT ( * ) SI_UNIT ( $, .STERADIAN. ) SOLID_ANGLE_UNIT ( ) );
#523 = CARTESIAN_POINT ( 'NONE',  ( 1.060500077652813067, -12.70999999999999730, 1.476882885470318429 ) ) ;
#524 = ORIENTED_EDGE ( 'NONE', *, *, #8528, .F. ) ;
#525 = ORIENTED_EDGE ( 'NONE', *, *, #9470, .F. ) ;
#526 = EDGE_LOOP ( 'NONE', ( #2625, #2684 ) ) ;
#527 =( NAMED_UNIT ( * ) PLANE_ANGLE_UNIT ( ) SI_UNIT ( $, .RADIAN. ) );
#528 = FILL_AREA_STYLE ('',( #2361 ) ) ;
#529 = EDGE_CURVE ( 'NONE', #10107, #3412, #2028, .T. ) ;
#530 = SURFACE_SIDE_STYLE ('',( #9843 ) ) ;
#531 = CARTESIAN_POINT ( 'NONE',  ( 1.845690597459819671, -12.70999999999999730, 2.689240615895915454 ) ) ;
#532 = VECTOR ( 'NONE', #5076, 1000.000000000000000 ) ;
#533 = FACE_OUTER_BOUND ( 'NONE', #9859, .T. ) ;
#534 = ORIENTED_EDGE ( 'NONE', *, *, #10890, .F. ) ;
#535 = SURFACE_STYLE_USAGE ( .BOTH. , #9174 ) ;
#536 = B_SPLINE_CURVE_WITH_KNOTS ( 'NONE', 3,
 ( #12129, #5608, #8197, #7407 ),
 .UNSPECIFIED., .F., .F.,
 ( 4, 4 ),
 ( 5.000000000000000000, 6.000000000000000000 ),
 .UNSPECIFIED. ) ;
#538 = ORIENTED_EDGE ( 'NONE', *, *, #1178, .F. ) ;
#537 = CARTESIAN_POINT ( 'NONE',  ( 0.3387347907427868399, -12.70999999999999730, 1.222142195971842815 ) ) ;
#539 = DIRECTION ( 'NONE',  ( -0.000000000000000000, -0.000000000000000000, 1.000000000000000000 ) ) ;
#540 = CARTESIAN_POINT ( 'NONE',  ( 3.057355155937389046, -12.70999999999999730, 1.629380713198598452 ) ) ;
#541 = CARTESIAN_POINT ( 'NONE',  ( 1.684181534457815488, -12.70999999999999730, 1.085587322965344104 ) ) ;
#542 = DIRECTION ( 'NONE',  ( 0.000000000000000000, 1.000000000000000000, 0.000000000000000000 ) ) ;
#543 = AXIS2_PLACEMENT_3D ( 'NONE', #8008, #9077, #567 ) ;
#544 = VERTEX_POINT ( 'NONE', #9662 ) ;
#545 = SURFACE_STYLE_USAGE ( .BOTH. , #2445 ) ;
#546 = EDGE_CURVE ( 'NONE', #11631, #9826, #3150, .T. ) ;
#547 = CARTESIAN_POINT ( 'NONE',  ( 0.9100817657594046928, -12.69999999999999751, 1.511888068654680728 ) ) ;
#548 = ORIENTED_EDGE ( 'NONE', *, *, #7813, .T. ) ;
#549 = CARTESIAN_POINT ( 'NONE',  ( 3.070525422880872934, -12.70999999999999730, 1.676862991373792244 ) ) ;
#550 = ORIENTED_EDGE ( 'NONE', *, *, #3784, .F. ) ;
#551 = SURFACE_STYLE_USAGE ( .BOTH. , #9000 ) ;
#552 = EDGE_CURVE ( 'NONE', #8267, #11327, #4915, .T. ) ;
#553 = VECTOR ( 'NONE', #2673, 1000.000000000000000 ) ;
#554 = CARTESIAN_POINT ( 'NONE',  ( 1.055301288070226162, -12.69999999999999751, 1.297351351920866147 ) ) ;
#555 = FACE_OUTER_BOUND ( 'NONE', #2157, .T. ) ;
#556 = ORIENTED_EDGE ( 'NONE', *, *, #11939, .F. ) ;
#557 = VECTOR ( 'NONE', #10959, 1000.000000000000000 ) ;
#558 = UNCERTAINTY_MEASURE_WITH_UNIT (LENGTH_MEASURE( 1.000000000000000082E-05 ), #10860, 'distance_accuracy_value', 'NONE');
#559 = B_SPLINE_CURVE_WITH_KNOTS ( 'NONE', 3,
 ( #5682, #6730, #79, #6777 ),
 .UNSPECIFIED., .F., .F.,
 ( 4, 4 ),
 ( 11.00000000000000000, 12.00000000000000000 ),
 .UNSPECIFIED. ) ;
#560 = CARTESIAN_POINT ( 'NONE',  ( 0.3503454208066740794, -12.69999999999999751, 2.298984811306086673 ) ) ;
#561 = CARTESIAN_POINT ( 'NONE',  ( -18.60000000000000142, 1.500000000000003109, -4.000000000000000000 ) ) ;
#562 = CARTESIAN_POINT ( 'NONE',  ( 1.074190223549252643, -12.70999999999999730, 1.275863021651690410 ) ) ;
#563 = PRESENTATION_LAYER_ASSIGNMENT (  '', '', ( #2705 ) ) ;
#564 = CARTESIAN_POINT ( 'NONE',  ( 1.917433893687110924, -12.69999999999999751, 2.161043594408120772 ) ) ;
#565 = CARTESIAN_POINT ( 'NONE',  ( 2.079289542656219236, -12.70999999999999730, 2.346467089485896551 ) ) ;
#566 = VERTEX_POINT ( 'NONE', #343 ) ;
#567 = DIRECTION ( 'NONE',  ( -0.000000000000000000, 0.000000000000000000, -1.000000000000000000 ) ) ;
#568 = FILL_AREA_STYLE_COLOUR ( '', #985 ) ;
#569 = EDGE_LOOP ( 'NONE', ( #7041, #11985, #10967, #11794 ) ) ;
#570 =( GEOMETRIC_REPRESENTATION_CONTEXT ( 3 ) GLOBAL_UNCERTAINTY_ASSIGNED_CONTEXT ( ( #9141 ) ) GLOBAL_UNIT_ASSIGNED_CONTEXT ( ( #8957, #3429, #2327 ) ) REPRESENTATION_CONTEXT ( 'NONE', 'WORKASPACE' ) );
#571 = CARTESIAN_POINT ( 'NONE',  ( 0.6995307877048746459, -12.69999999999999751, 2.272990863400055961 ) ) ;
#572 = EDGE_CURVE ( 'NONE', #4688, #8687, #6180, .T. ) ;
#573 = EDGE_CURVE ( 'NONE', #6595, #5337, #4089, .T. ) ;
#574 =( GEOMETRIC_REPRESENTATION_CONTEXT ( 3 ) GLOBAL_UNCERTAINTY_ASSIGNED_CONTEXT ( ( #11478 ) ) GLOBAL_UNIT_ASSIGNED_CONTEXT ( ( #3606, #12004, #10157 ) ) REPRESENTATION_CONTEXT ( 'NONE', 'WORKASPACE' ) );
#575 =( GEOMETRIC_REPRESENTATION_CONTEXT ( 3 ) GLOBAL_UNCERTAINTY_ASSIGNED_CONTEXT ( ( #934 ) ) GLOBAL_UNIT_ASSIGNED_CONTEXT ( ( #8434, #10159, #3738 ) ) REPRESENTATION_CONTEXT ( 'NONE', 'WORKASPACE' ) );
#576 = VECTOR ( 'NONE', #5983, 1000.000000000000000 ) ;
#577 = CARTESIAN_POINT ( 'NONE',  ( 2.221563084205162575, -12.70999999999999730, 2.752319262821193657 ) ) ;
#578 = SURFACE_SIDE_STYLE ('',( #6971 ) ) ;
#579 = LINE ( 'NONE', #11530, #9073 ) ;
#580 = DIRECTION ( 'NONE',  ( 0.000000000000000000, 0.000000000000000000, -1.000000000000000000 ) ) ;
#581 = CARTESIAN_POINT ( 'NONE',  ( 1.684181534457815488, -12.70999999999999730, 1.763509484403121608 ) ) ;
#582 = CARTESIAN_POINT ( 'NONE',  ( 1.184404562680328565, -12.70999999999999730, 2.760983912123202266 ) ) ;
#583 = SURFACE_STYLE_USAGE ( .BOTH. , #1508 ) ;
#584 = VECTOR ( 'NONE', #1711, 1000.000000000000000 ) ;
#585 = COLOUR_RGB ( '',0.2509803921568627416, 0.2509803921568627416, 0.2509803921568627416 ) ;
#586 = PRESENTATION_LAYER_ASSIGNMENT (  '', '', ( #3717 ) ) ;
#587 = PRESENTATION_STYLE_ASSIGNMENT (( #6979 ) ) ;
#588 = CARTESIAN_POINT ( 'NONE',  ( 2.079289542656219236, -12.70999999999999730, 2.346467089485896551 ) ) ;
#589 =( NAMED_UNIT ( * ) SI_UNIT ( $, .STERADIAN. ) SOLID_ANGLE_UNIT ( ) );
#590 = ORIENTED_EDGE ( 'NONE', *, *, #3094, .T. ) ;
#591 = AXIS2_PLACEMENT_3D ( 'NONE', #9771, #6134, #7130 ) ;
#592 = ORIENTED_EDGE ( 'NONE', *, *, #6365, .T. ) ;
#593 = SURFACE_SIDE_STYLE ('',( #8030 ) ) ;
#594 =( LENGTH_UNIT ( ) NAMED_UNIT ( * ) SI_UNIT ( .MILLI., .METRE. ) );
#595 =( GEOMETRIC_REPRESENTATION_CONTEXT ( 3 ) GLOBAL_UNCERTAINTY_ASSIGNED_CONTEXT ( ( #7692 ) ) GLOBAL_UNIT_ASSIGNED_CONTEXT ( ( #7910, #329, #4143 ) ) REPRESENTATION_CONTEXT ( 'NONE', 'WORKASPACE' ) );
#596 = EDGE_CURVE ( 'NONE', #3655, #9076, #3979, .T. ) ;
#597 =( LENGTH_UNIT ( ) NAMED_UNIT ( * ) SI_UNIT ( .MILLI., .METRE. ) );
#598 = CARTESIAN_POINT ( 'NONE',  ( 0.9892766603854027396, -12.70999999999999730, 1.242937354297596997 ) ) ;
#599 = CARTESIAN_POINT ( 'NONE',  ( -3.399456072941203555, -12.69999999999999751, 1.492932635087214077 ) ) ;
#600 = ORIENTED_EDGE ( 'NONE', *, *, #8145, .F. ) ;
#601 =( NAMED_UNIT ( * ) SI_UNIT ( $, .STERADIAN. ) SOLID_ANGLE_UNIT ( ) );
#602 = SURFACE_STYLE_FILL_AREA ( #9045 ) ;
#603 = CARTESIAN_POINT ( 'NONE',  ( -0.8111391847082913831, -12.69999999999999751, 1.425453068314865179 ) ) ;
#604 = LINE ( 'NONE', #3590, #6077 ) ;
#605 = B_SPLINE_CURVE_WITH_KNOTS ( 'NONE', 3,
 ( #1324, #5071, #10748, #8841 ),
 .UNSPECIFIED., .F., .F.,
 ( 4, 4 ),
 ( 4.000000000000000000, 5.000000000000000000 ),
 .UNSPECIFIED. ) ;
#606 = ORIENTED_EDGE ( 'NONE', *, *, #11679, .T. ) ;
#607 = ADVANCED_FACE ( 'NONE', ( #228, #6681 ), #6012, .T. ) ;
#608 = CARTESIAN_POINT ( 'NONE',  ( 0.9929158130906751145, -12.69999999999999751, 1.086973666852187215 ) ) ;
#609 = EDGE_LOOP ( 'NONE', ( #9221, #1967, #8160, #6271 ) ) ;
#610 = PRESENTATION_LAYER_ASSIGNMENT (  '', '', ( #11224 ) ) ;
#611 = EDGE_LOOP ( 'NONE', ( #4934, #7122, #4893, #8041 ) ) ;
#612 = DIRECTION ( 'NONE',  ( -0.000000000000000000, -0.000000000000000000, 1.000000000000000000 ) ) ;
#613 = COLOUR_RGB ( '',1.000000000000000000, 1.000000000000000000, 1.000000000000000000 ) ;
#614 = DIRECTION ( 'NONE',  ( 0.000000000000000000, -0.000000000000000000, 1.000000000000000000 ) ) ;
#615 = CARTESIAN_POINT ( 'NONE',  ( -19.90000000000000568, -9.249999999999996447, -4.000000000000000000 ) ) ;
#616 = ORIENTED_EDGE ( 'NONE', *, *, #3710, .F. ) ;
#617 = LINE ( 'NONE', #686, #10578 ) ;
#618 = EDGE_CURVE ( 'NONE', #5051, #5472, #9857, .T. ) ;
#619 = MECHANICAL_DESIGN_GEOMETRIC_PRESENTATION_REPRESENTATION (  '', ( #7310 ), #3542 ) ;
#620 = SURFACE_SIDE_STYLE ('',( #9314 ) ) ;
#621 = ORIENTED_EDGE ( 'NONE', *, *, #11451, .F. ) ;
#622 = COLOUR_RGB ( '',1.000000000000000000, 1.000000000000000000, 1.000000000000000000 ) ;
#623 = CARTESIAN_POINT ( 'NONE',  ( -18.60000000000000142, -9.249999999999996447, 0.000000000000000000 ) ) ;
#624 = ORIENTED_EDGE ( 'NONE', *, *, #3005, .F. ) ;
#625 = SURFACE_SIDE_STYLE ('',( #9931 ) ) ;
#626 = UNCERTAINTY_MEASURE_WITH_UNIT (LENGTH_MEASURE( 1.000000000000000082E-05 ), #5007, 'distance_accuracy_value', 'NONE');
#627 = MECHANICAL_DESIGN_GEOMETRIC_PRESENTATION_REPRESENTATION (  '', ( #8683 ), #4357 ) ;
#628 = SURFACE_STYLE_FILL_AREA ( #8958 ) ;
#629 = MECHANICAL_DESIGN_GEOMETRIC_PRESENTATION_REPRESENTATION (  '', ( #4154 ), #7516 ) ;
#630 = CARTESIAN_POINT ( 'NONE',  ( 1.513834529167924270, -12.70999999999999730, 2.238332266187399888 ) ) ;
#631 = MECHANICAL_DESIGN_GEOMETRIC_PRESENTATION_REPRESENTATION (  '', ( #2764 ), #10655 ) ;
#632 = MECHANICAL_DESIGN_GEOMETRIC_PRESENTATION_REPRESENTATION (  '', ( #9678 ), #3365 ) ;
#633 = ORIENTED_EDGE ( 'NONE', *, *, #51, .T. ) ;
#634 = LINE ( 'NONE', #2226, #6032 ) ;
#635 = CARTESIAN_POINT ( 'NONE',  ( 0.7567174731018385669, -12.70999999999999730, 1.102570035597664866 ) ) ;
#636 = UNCERTAINTY_MEASURE_WITH_UNIT (LENGTH_MEASURE( 1.000000000000000082E-05 ), #1434, 'distance_accuracy_value', 'NONE');
#637 = ORIENTED_EDGE ( 'NONE', *, *, #993, .F. ) ;
#638 =( LENGTH_UNIT ( ) NAMED_UNIT ( * ) SI_UNIT ( .MILLI., .METRE. ) );
#639 = ORIENTED_EDGE ( 'NONE', *, *, #1080, .T. ) ;
#640 = STYLED_ITEM ( 'NONE', ( #9965 ), #8649 ) ;
#641 = PRESENTATION_LAYER_ASSIGNMENT (  '', '', ( #426 ) ) ;
#642 = CARTESIAN_POINT ( 'NONE',  ( 0.5915692573922514130, -12.69999999999999751, 2.227588101050506086 ) ) ;
#643 = PRESENTATION_LAYER_ASSIGNMENT (  '', '', ( #7132 ) ) ;
#644 = COLOUR_RGB ( '',1.000000000000000000, 1.000000000000000000, 1.000000000000000000 ) ;
#645 = CARTESIAN_POINT ( 'NONE',  ( 0.9457801208848780616, -12.70999999999999730, 1.360083412869804054 ) ) ;
#646 = CARTESIAN_POINT ( 'NONE',  ( 0.9457801208848780616, -12.69999999999999751, 1.360083412869804054 ) ) ;
#647 = STYLED_ITEM ( 'NONE', ( #6302 ), #8277 ) ;
#648 =( NAMED_UNIT ( * ) PLANE_ANGLE_UNIT ( ) SI_UNIT ( $, .RADIAN. ) );
#649 = CARTESIAN_POINT ( 'NONE',  ( 0.2208955602248437455, -12.69999999999999751, 2.303837014914657200 ) ) ;
#650 = DIRECTION ( 'NONE',  ( 0.000000000000000000, 0.000000000000000000, -1.000000000000000000 ) ) ;
#651 = EDGE_CURVE ( 'NONE', #4347, #3994, #7688, .T. ) ;
#652 = LINE ( 'NONE', #6240, #5857 ) ;
#653 = ORIENTED_EDGE ( 'NONE', *, *, #1104, .T. ) ;
#654 = AXIS2_PLACEMENT_3D ( 'NONE', #2726, #6506, #10334 ) ;
#655 = STYLED_ITEM ( 'NONE', ( #10401 ), #6734 ) ;
#656 = FACE_OUTER_BOUND ( 'NONE', #2984, .T. ) ;
#657 = CARTESIAN_POINT ( 'NONE',  ( 2.626548792611196781, -12.70999999999999730, 1.180551879320356212 ) ) ;
#658 =( NAMED_UNIT ( * ) SI_UNIT ( $, .STERADIAN. ) SOLID_ANGLE_UNIT ( ) );
#659 = ORIENTED_EDGE ( 'NONE', *, *, #10536, .T. ) ;
#660 = VERTEX_POINT ( 'NONE', #2136 ) ;
#661 = CARTESIAN_POINT ( 'NONE',  ( 0.9227321537406997232, -12.69999999999999751, 2.466385835831797824 ) ) ;
#662 = ORIENTED_EDGE ( 'NONE', *, *, #11601, .T. ) ;
#663 = PRESENTATION_STYLE_ASSIGNMENT (( #9903 ) ) ;
#664 = MECHANICAL_DESIGN_GEOMETRIC_PRESENTATION_REPRESENTATION (  '', ( #11669 ), #7927 ) ;
#665 = DIRECTION ( 'NONE',  ( 0.000000000000000000, 0.000000000000000000, -1.000000000000000000 ) ) ;
#666 = CARTESIAN_POINT ( 'NONE',  ( 0.9965549657982581966, -12.69999999999999751, 1.227687571528463861 ) ) ;
#667 = VERTEX_POINT ( 'NONE', #11550 ) ;
#668 =( LENGTH_UNIT ( ) NAMED_UNIT ( * ) SI_UNIT ( .MILLI., .METRE. ) );
#670 = EDGE_LOOP ( 'NONE', ( #9015, #6383, #6520, #6374, #5999, #2562, #9890, #11761, #9774, #1074, #11806, #12117, #5503, #2078, #9378, #2142, #3926, #9992, #10784, #11152, #10954 ) ) ;
#669 = CARTESIAN_POINT ( 'NONE',  ( 1.787810740119434083, -12.69999999999999751, 2.590810199819180593 ) ) ;
#671 = LINE ( 'NONE', #4421, #1537 ) ;
#672 = SURFACE_STYLE_USAGE ( .BOTH. , #9047 ) ;
#673 = CARTESIAN_POINT ( 'NONE',  ( 1.787810740119434083, -12.69999999999999751, 2.421676245430290475 ) ) ;
#674 = MECHANICAL_DESIGN_GEOMETRIC_PRESENTATION_REPRESENTATION (  '', ( #6946 ), #10707 ) ;
#675 = EDGE_CURVE ( 'NONE', #2782, #4493, #3516, .T. ) ;
#676 = CARTESIAN_POINT ( 'NONE',  ( -3.250037426229637649, -12.69999999999999751, 2.630442285191726182 ) ) ;
#677 = EDGE_LOOP ( 'NONE', ( #933, #1655, #1415, #4772 ) ) ;
#678 = ORIENTED_EDGE ( 'NONE', *, *, #2668, .T. ) ;
#679 = APPLICATION_PROTOCOL_DEFINITION ( 'draft international standard', 'automotive_design', 1998, #4383 ) ;
#680 = DIRECTION ( 'NONE',  ( 1.000000000000000000, 0.000000000000000000, 0.000000000000000000 ) ) ;
#681 = CARTESIAN_POINT ( 'NONE',  ( 1.232406719817708218, -12.70999999999999730, 0.9303168074587356839 ) ) ;
#682 = CARTESIAN_POINT ( 'NONE',  ( 0.1642287537877698267, -12.70999999999999730, 2.238332266187399888 ) ) ;
#683 = ORIENTED_EDGE ( 'NONE', *, *, #10603, .F. ) ;
#684 = MECHANICAL_DESIGN_GEOMETRIC_PRESENTATION_REPRESENTATION (  '', ( #4407 ), #4811 ) ;
#685 = EDGE_CURVE ( 'NONE', #4618, #5229, #6749, .T. ) ;
#686 = CARTESIAN_POINT ( 'NONE',  ( 1.684181534457815488, -12.69999999999999751, 1.763509484403121608 ) ) ;
#687 = SURFACE_STYLE_USAGE ( .BOTH. , #3424 ) ;
#688 = ORIENTED_EDGE ( 'NONE', *, *, #2014, .T. ) ;
#689 = CARTESIAN_POINT ( 'NONE',  ( 0.1366751690044200052, -12.70999999999999730, 1.390929564389012718 ) ) ;
#690 = UNCERTAINTY_MEASURE_WITH_UNIT (LENGTH_MEASURE( 1.000000000000000082E-05 ), #300, 'distance_accuracy_value', 'NONE');
#691 = B_SPLINE_SURFACE_WITH_KNOTS ( 'NONE', 3, 1, ( 
 ( #8354, #6913 ),
 ( #6737, #10624 ),
 ( #2955, #11672 ),
 ( #7907, #11603 ) ),
 .UNSPECIFIED., .F., .F., .F.,
 ( 4, 4 ),
 ( 2, 2 ),
 ( 26.00000000000000000, 27.00000000000000000 ),
 ( 0.000000000000000000, 1.000000000000000000 ),
 .UNSPECIFIED. ) ;
#692 = CARTESIAN_POINT ( 'NONE',  ( -1.365434266760181314, -12.69999999999999751, 1.083236178157049645 ) ) ;
#693 = CARTESIAN_POINT ( 'NONE',  ( 2.048789977113333549, -12.69999999999999751, 1.085587322965344104 ) ) ;
#694 = PRESENTATION_LAYER_ASSIGNMENT (  '', '', ( #5215 ) ) ;
#695 =( NAMED_UNIT ( * ) SI_UNIT ( $, .STERADIAN. ) SOLID_ANGLE_UNIT ( ) );
#696 = EDGE_CURVE ( 'NONE', #6720, #9215, #894, .T. ) ;
#697 = CARTESIAN_POINT ( 'NONE',  ( 2.626548792611196781, -12.69999999999999751, 1.673743717628395355 ) ) ;
#698 = EDGE_CURVE ( 'NONE', #3411, #7360, #9850, .T. ) ;
#699 =( NAMED_UNIT ( * ) PLANE_ANGLE_UNIT ( ) SI_UNIT ( $, .RADIAN. ) );
#700 = CARTESIAN_POINT ( 'NONE',  ( 0.6416509303622058846, -12.70999999999999730, 1.397168111884435238 ) ) ;
#701 = CARTESIAN_POINT ( 'NONE',  ( -1.722111175716264375, -12.69999999999999751, 1.382073379651379552 ) ) ;
#702 = B_SPLINE_CURVE_WITH_KNOTS ( 'NONE', 3,
 ( #11132, #2784, #911, #2667 ),
 .UNSPECIFIED., .F., .F.,
 ( 4, 4 ),
 ( 5.000000000000000000, 6.000000000000000000 ),
 .UNSPECIFIED. ) ;
#703 = VECTOR ( 'NONE', #6862, 1000.000000000000000 ) ;
#704 = ORIENTED_EDGE ( 'NONE', *, *, #6379, .F. ) ;
#705 =( NAMED_UNIT ( * ) SI_UNIT ( $, .STERADIAN. ) SOLID_ANGLE_UNIT ( ) );
#706 =( LENGTH_UNIT ( ) NAMED_UNIT ( * ) SI_UNIT ( .MILLI., .METRE. ) );
#707 = CARTESIAN_POINT ( 'NONE',  ( 2.636773078785899393, -12.69999999999999751, 1.515353928376412807 ) ) ;
#708 = EDGE_LOOP ( 'NONE', ( #2558, #4051, #8495, #2613 ) ) ;
#709 = SURFACE_SIDE_STYLE ('',( #1557 ) ) ;
#710 = EDGE_CURVE ( 'NONE', #7575, #6885, #3408, .T. ) ;
#711 = FACE_OUTER_BOUND ( 'NONE', #7912, .T. ) ;
#712 = STYLED_ITEM ( 'NONE', ( #7289 ), #5454 ) ;
#713 = B_SPLINE_CURVE_WITH_KNOTS ( 'NONE', 3,
 ( #9100, #7234, #6312, #4465 ),
 .UNSPECIFIED., .F., .F.,
 ( 4, 4 ),
 ( 10.00000000000000000, 11.00000000000000000 ),
 .UNSPECIFIED. ) ;
#714 = CARTESIAN_POINT ( 'NONE',  ( 2.176853493808293294, -12.70999999999999730, 1.085587322965344104 ) ) ;
#715 = CARTESIAN_POINT ( 'NONE',  ( 0.8963916198606550756, -12.69999999999999751, 1.143467180305729691 ) ) ;
#716 =( NAMED_UNIT ( * ) SI_UNIT ( $, .STERADIAN. ) SOLID_ANGLE_UNIT ( ) );
#717 = COLOUR_RGB ( '',1.000000000000000000, 1.000000000000000000, 1.000000000000000000 ) ;
#718 = DIRECTION ( 'NONE',  ( -0.000000000000000000, -0.000000000000000000, 1.000000000000000000 ) ) ;
#719 = FILL_AREA_STYLE_COLOUR ( '', #3480 ) ;
#720 = PRESENTATION_STYLE_ASSIGNMENT (( #5385 ) ) ;
#721 = ORIENTED_EDGE ( 'NONE', *, *, #8318, .T. ) ;
#722 = ORIENTED_EDGE ( 'NONE', *, *, #7869, .T. ) ;
#723 =( LENGTH_UNIT ( ) NAMED_UNIT ( * ) SI_UNIT ( .MILLI., .METRE. ) );
#724 = EDGE_CURVE ( 'NONE', #12095, #5889, #6324, .T. ) ;
#725 = CARTESIAN_POINT ( 'NONE',  ( -1.370254150449937702, -12.69999999999999751, 2.664181976646810224 ) ) ;
#726 = ORIENTED_EDGE ( 'NONE', *, *, #2333, .F. ) ;
#727 = PLANE ( 'NONE',  #8501 ) ;
#728 = ORIENTED_EDGE ( 'NONE', *, *, #9754, .F. ) ;
#730 = ORIENTED_EDGE ( 'NONE', *, *, #9362, .F. ) ;
#729 = FILL_AREA_STYLE_COLOUR ( '', #11452 ) ;
#731 =( NAMED_UNIT ( * ) PLANE_ANGLE_UNIT ( ) SI_UNIT ( $, .RADIAN. ) );
#732 = CARTESIAN_POINT ( 'NONE',  ( 0.1919556315546779024, -12.70999999999999730, 2.487180994157543790 ) ) ;
#733 = FACE_OUTER_BOUND ( 'NONE', #6655, .T. ) ;
#734 = B_SPLINE_CURVE_WITH_KNOTS ( 'NONE', 3,
 ( #3966, #7732, #10524, #9587 ),
 .UNSPECIFIED., .F., .F.,
 ( 4, 4 ),
 ( 2.000000000000000000, 3.000000000000000000 ),
 .UNSPECIFIED. ) ;
#735 = CARTESIAN_POINT ( 'NONE',  ( 2.366782606518295307, -12.69999999999999751, 1.685527640680425820 ) ) ;
#736 = VERTEX_POINT ( 'NONE', #4351 ) ;
#737 = MECHANICAL_DESIGN_GEOMETRIC_PRESENTATION_REPRESENTATION (  '', ( #7996 ), #4260 ) ;
#738 = EDGE_CURVE ( 'NONE', #3318, #8308, #8989, .T. ) ;
#739 = EDGE_CURVE ( 'NONE', #774, #11654, #6204, .T. ) ;
#740 = VERTEX_POINT ( 'NONE', #8115 ) ;
#741 = CARTESIAN_POINT ( 'NONE',  ( 0.000000000000000000, 0.000000000000000000, 0.000000000000000000 ) ) ;
#742 = AXIS2_PLACEMENT_3D ( 'NONE', #147, #2239, #328 ) ;
#743 =( LENGTH_UNIT ( ) NAMED_UNIT ( * ) SI_UNIT ( .MILLI., .METRE. ) );
#744 = CARTESIAN_POINT ( 'NONE',  ( 0.3059824163768771754, -12.70999999999999730, 2.346813675457607218 ) ) ;
#745 = CARTESIAN_POINT ( 'NONE',  ( 0.5446068581723050306, -12.69999999999999751, 1.209318515004675687 ) ) ;
#746 = ORIENTED_EDGE ( 'NONE', *, *, #4938, .T. ) ;
#747 = EDGE_LOOP ( 'NONE', ( #8992, #8392, #2619, #2098 ) ) ;
#748 =( NAMED_UNIT ( * ) PLANE_ANGLE_UNIT ( ) SI_UNIT ( $, .RADIAN. ) );
#749 = PRESENTATION_LAYER_ASSIGNMENT (  '', '', ( #6232 ) ) ;
#750 = ORIENTED_EDGE ( 'NONE', *, *, #3227, .T. ) ;
#751 = DIRECTION ( 'NONE',  ( -1.000000000000000000, 0.000000000000000000, -0.000000000000000000 ) ) ;
#752 = CARTESIAN_POINT ( 'NONE',  ( 19.24999999999999645, -9.249999999999994671, 0.000000000000000000 ) ) ;
#753 = CARTESIAN_POINT ( 'NONE',  ( 0.5388881896321431331, -12.70999999999999730, 2.850403092926218296 ) ) ;
#754 =( LENGTH_UNIT ( ) NAMED_UNIT ( * ) SI_UNIT ( .MILLI., .METRE. ) );
#755 = CARTESIAN_POINT ( 'NONE',  ( 1.667198821825490063, -12.69999999999999751, 2.261900112291451048 ) ) ;
#756 = FILL_AREA_STYLE ('',( #3681 ) ) ;
#757 = ORIENTED_EDGE ( 'NONE', *, *, #9611, .T. ) ;
#758 = ORIENTED_EDGE ( 'NONE', *, *, #11661, .T. ) ;
#759 =( NAMED_UNIT ( * ) PLANE_ANGLE_UNIT ( ) SI_UNIT ( $, .RADIAN. ) );
#760 = ORIENTED_EDGE ( 'NONE', *, *, #2588, .T. ) ;
#761 = ORIENTED_EDGE ( 'NONE', *, *, #5381, .F. ) ;
#762 = CARTESIAN_POINT ( 'NONE',  ( 1.036239059605349011, -12.70999999999999730, 1.318839682190019680 ) ) ;
#763 = EDGE_CURVE ( 'NONE', #11426, #9508, #9112, .T. ) ;
#764 =( NAMED_UNIT ( * ) SI_UNIT ( $, .STERADIAN. ) SOLID_ANGLE_UNIT ( ) );
#765 = LINE ( 'NONE', #11905, #1053 ) ;
#766 = DIRECTION ( 'NONE',  ( -0.000000000000000000, 1.000000000000000000, -0.000000000000000000 ) ) ;
#767 =( GEOMETRIC_REPRESENTATION_CONTEXT ( 3 ) GLOBAL_UNCERTAINTY_ASSIGNED_CONTEXT ( ( #10538 ) ) GLOBAL_UNIT_ASSIGNED_CONTEXT ( ( #2049, #304, #10558 ) ) REPRESENTATION_CONTEXT ( 'NONE', 'WORKASPACE' ) );
#768 = COLOUR_RGB ( '',1.000000000000000000, 1.000000000000000000, 1.000000000000000000 ) ;
#769 = CARTESIAN_POINT ( 'NONE',  ( -2.594523361750517232, -12.70999999999999730, 1.348333642229618601 ) ) ;
#770 = PLANE ( 'NONE',  #1788 ) ;
#771 = CARTESIAN_POINT ( 'NONE',  ( 0.1919556315546779024, -12.69999999999999751, 2.487180994157543790 ) ) ;
#772 = CARTESIAN_POINT ( 'NONE',  ( 0.5388881896321431331, -12.70999999999999730, 2.850403092926218296 ) ) ;
#773 = STYLED_ITEM ( 'NONE', ( #4120 ), #2903 ) ;
#774 = VERTEX_POINT ( 'NONE', #7137 ) ;
#775 = SURFACE_STYLE_FILL_AREA ( #9212 ) ;
#776 = MECHANICAL_DESIGN_GEOMETRIC_PRESENTATION_REPRESENTATION (  '', ( #1558 ), #11575 ) ;
#777 =( GEOMETRIC_REPRESENTATION_CONTEXT ( 3 ) GLOBAL_UNCERTAINTY_ASSIGNED_CONTEXT ( ( #6938 ) ) GLOBAL_UNIT_ASSIGNED_CONTEXT ( ( #2511, #7154, #5296 ) ) REPRESENTATION_CONTEXT ( 'NONE', 'WORKASPACE' ) );
#778 =( GEOMETRIC_REPRESENTATION_CONTEXT ( 3 ) GLOBAL_UNCERTAINTY_ASSIGNED_CONTEXT ( ( #11504 ) ) GLOBAL_UNIT_ASSIGNED_CONTEXT ( ( #4506, #6425, #1803 ) ) REPRESENTATION_CONTEXT ( 'NONE', 'WORKASPACE' ) );
#779 = CARTESIAN_POINT ( 'NONE',  ( -2.141447308090255852, -12.70999999999999730, 3.020858839633884685 ) ) ;
#780 = ORIENTED_EDGE ( 'NONE', *, *, #3321, .F. ) ;
#781 = VERTEX_POINT ( 'NONE', #10904 ) ;
#782 = FILL_AREA_STYLE_COLOUR ( '', #2017 ) ;
#783 = CARTESIAN_POINT ( 'NONE',  ( 1.845690597459819671, -12.70999999999999730, 2.689240615895915454 ) ) ;
#784 = MECHANICAL_DESIGN_GEOMETRIC_PRESENTATION_REPRESENTATION (  '', ( #5672 ), #11784 ) ;
#785 = FILL_AREA_STYLE_COLOUR ( '', #2517 ) ;
#786 = AXIS2_PLACEMENT_3D ( 'NONE', #11307, #976, #11191 ) ;
#787 =( GEOMETRIC_REPRESENTATION_CONTEXT ( 3 ) GLOBAL_UNCERTAINTY_ASSIGNED_CONTEXT ( ( #6074 ) ) GLOBAL_UNIT_ASSIGNED_CONTEXT ( ( #12094, #846, #7426 ) ) REPRESENTATION_CONTEXT ( 'NONE', 'WORKASPACE' ) );
#788 = ORIENTED_EDGE ( 'NONE', *, *, #6843, .T. ) ;
#789 = CARTESIAN_POINT ( 'NONE',  ( 3.057355155937388602, -12.69999999999999751, 1.629380713198598674 ) ) ;
#790 = VERTEX_POINT ( 'NONE', #2496 ) ;
#791 = MECHANICAL_DESIGN_GEOMETRIC_PRESENTATION_REPRESENTATION (  '', ( #7478 ), #6858 ) ;
#792 = CARTESIAN_POINT ( 'NONE',  ( 0.1559106904551700312, -12.70999999999999730, 1.763509484403121608 ) ) ;
#794 = ORIENTED_EDGE ( 'NONE', *, *, #10726, .T. ) ;
#793 = CARTESIAN_POINT ( 'NONE',  ( 1.060500077652813067, -12.69999999999999751, 1.559370346829860754 ) ) ;
#795 = CARTESIAN_POINT ( 'NONE',  ( 0.4434037543172703044, -12.69999999999999751, 1.313294306638017828 ) ) ;
#796 =( LENGTH_UNIT ( ) NAMED_UNIT ( * ) SI_UNIT ( .MILLI., .METRE. ) );
#797 = CARTESIAN_POINT ( 'NONE',  ( 1.787810740119434083, -12.69999999999999751, 2.506243222624735978 ) ) ;
#798 = MECHANICAL_DESIGN_GEOMETRIC_PRESENTATION_REPRESENTATION (  '', ( #1172 ), #5104 ) ;
#799 = CARTESIAN_POINT ( 'NONE',  ( -3.042779255920823545, -12.69999999999999751, 2.630442285191726182 ) ) ;
#800 = COLOUR_RGB ( '',1.000000000000000000, 1.000000000000000000, 1.000000000000000000 ) ;
#801 = ORIENTED_EDGE ( 'NONE', *, *, #11299, .F. ) ;
#802 = LINE ( 'NONE', #1108, #7106 ) ;
#803 = B_SPLINE_CURVE_WITH_KNOTS ( 'NONE', 3,
 ( #3838, #7612, #2902, #6672 ),
 .UNSPECIFIED., .F., .F.,
 ( 4, 4 ),
 ( 1.000000000000000000, 2.000000000000000000 ),
 .UNSPECIFIED. ) ;
#804 = FILL_AREA_STYLE ('',( #6459 ) ) ;
#805 = CARTESIAN_POINT ( 'NONE',  ( -2.931920276282881765, -12.69999999999999751, 2.620802379916723268 ) ) ;
#806 = DIRECTION ( 'NONE',  ( 1.000000000000000000, -0.000000000000000000, -0.000000000000000000 ) ) ;
#807 = CARTESIAN_POINT ( 'NONE',  ( -1.789590466688415260, -12.69999999999999751, 1.232654778906526971 ) ) ;
#808 = EDGE_LOOP ( 'NONE', ( #4278, #10327, #3615, #7984 ) ) ;
#809 = CARTESIAN_POINT ( 'NONE',  ( 0.8880735565303700119, -12.70999999999999730, 1.074149985885020087 ) ) ;
#810 = ADVANCED_FACE ( 'NONE', ( #1587 ), #8931, .F. ) ;
#811 = FILL_AREA_STYLE ('',( #313 ) ) ;
#812 = VERTEX_POINT ( 'NONE', #9046 ) ;
#813 = PLANE ( 'NONE',  #6065 ) ;
#814 = SURFACE_SIDE_STYLE ('',( #3547 ) ) ;
#815 = UNCERTAINTY_MEASURE_WITH_UNIT (LENGTH_MEASURE( 1.000000000000000082E-05 ), #10147, 'distance_accuracy_value', 'NONE');
#816 = FILL_AREA_STYLE_COLOUR ( '', #10350 ) ;
#817 = LINE ( 'NONE', #4448, #2410 ) ;
#818 = COLOUR_RGB ( '',0.7529411764705882248, 0.7529411764705882248, 0.7529411764705882248 ) ;
#819 = COLOUR_RGB ( '',1.000000000000000000, 1.000000000000000000, 1.000000000000000000 ) ;
#820 = CARTESIAN_POINT ( 'NONE',  ( 1.513834529167924270, -12.69999999999999751, 2.238332266187399888 ) ) ;
#821 = COLOUR_RGB ( '',1.000000000000000000, 1.000000000000000000, 1.000000000000000000 ) ;
#822 = SURFACE_STYLE_USAGE ( .BOTH. , #9260 ) ;
#823 = ORIENTED_EDGE ( 'NONE', *, *, #6407, .T. ) ;
#824 = PLANE ( 'NONE',  #1202 ) ;
#825 = ORIENTED_EDGE ( 'NONE', *, *, #10950, .T. ) ;
#826 = EDGE_CURVE ( 'NONE', #6978, #6084, #671, .T. ) ;
#827 = FILL_AREA_STYLE_COLOUR ( '', #4633 ) ;
#828 = VECTOR ( 'NONE', #9127, 1000.000000000000000 ) ;
#829 = STYLED_ITEM ( 'NONE', ( #8789 ), #7883 ) ;
#830 = B_SPLINE_CURVE_WITH_KNOTS ( 'NONE', 3,
 ( #9197, #3489, #2754, #3680 ),
 .UNSPECIFIED., .F., .F.,
 ( 4, 4 ),
 ( 0.000000000000000000, 1.000000000000000000 ),
 .UNSPECIFIED. ) ;
#831 = MECHANICAL_DESIGN_GEOMETRIC_PRESENTATION_REPRESENTATION (  '', ( #5904 ), #4141 ) ;
#832 = CARTESIAN_POINT ( 'NONE',  ( -2.854800942131015429, -12.69999999999999751, 2.312325365080770023 ) ) ;
#833 = VECTOR ( 'NONE', #718, 1000.000000000000000 ) ;
#834 =( NAMED_UNIT ( * ) PLANE_ANGLE_UNIT ( ) SI_UNIT ( $, .RADIAN. ) );
#835 =( LENGTH_UNIT ( ) NAMED_UNIT ( * ) SI_UNIT ( .MILLI., .METRE. ) );
#836 =( NAMED_UNIT ( * ) SI_UNIT ( $, .STERADIAN. ) SOLID_ANGLE_UNIT ( ) );
#837 = ADVANCED_FACE ( 'NONE', ( #11688 ), #4228, .F. ) ;
#838 = CARTESIAN_POINT ( 'NONE',  ( 0.6995307877048746459, -12.70999999999999730, 2.822676215157017054 ) ) ;
#839 = CARTESIAN_POINT ( 'NONE',  ( 0.4666250144496134067, -12.69999999999999751, 1.580858677103661680 ) ) ;
#840 = PRESENTATION_LAYER_ASSIGNMENT (  '', '', ( #6132 ) ) ;
#841 = COLOUR_RGB ( '',0.2509803921568627416, 0.2509803921568627416, 0.2509803921568627416 ) ;
#842 = STYLED_ITEM ( 'NONE', ( #6390 ), #4478 ) ;
#843 = CARTESIAN_POINT ( 'NONE',  ( 0.2941984933271434288, -12.69999999999999751, 1.112274442814796815 ) ) ;
#844 = DIRECTION ( 'NONE',  ( 0.3315284183504000892, 0.000000000000000000, 0.9434452330824942834 ) ) ;
#845 = COLOUR_RGB ( '',1.000000000000000000, 1.000000000000000000, 1.000000000000000000 ) ;
#847 = AXIS2_PLACEMENT_3D ( 'NONE', #11127, #2778, #4527 ) ;
#846 =( NAMED_UNIT ( * ) PLANE_ANGLE_UNIT ( ) SI_UNIT ( $, .RADIAN. ) );
#848 = ORIENTED_EDGE ( 'NONE', *, *, #307, .T. ) ;
#849 = CARTESIAN_POINT ( 'NONE',  ( -2.989759891813533965, -12.70999999999999730, 0.7651190741792978089 ) ) ;
#850 =( NAMED_UNIT ( * ) SI_UNIT ( $, .STERADIAN. ) SOLID_ANGLE_UNIT ( ) );
#851 = EDGE_CURVE ( 'NONE', #6562, #5461, #10723, .T. ) ;
#852 = PLANE ( 'NONE',  #1236 ) ;
#853 = VERTEX_POINT ( 'NONE', #9290 ) ;
#854 = STYLED_ITEM ( 'NONE', ( #7437 ), #912 ) ;
#855 =( NAMED_UNIT ( * ) SI_UNIT ( $, .STERADIAN. ) SOLID_ANGLE_UNIT ( ) );
#856 = LINE ( 'NONE', #3652, #7908 ) ;
#857 = PRESENTATION_LAYER_ASSIGNMENT (  '', '', ( #445 ) ) ;
#858 = CARTESIAN_POINT ( 'NONE',  ( -1.485933197642125947, -12.69999999999999751, 2.770221049609327579 ) ) ;
#859 = ORIENTED_EDGE ( 'NONE', *, *, #4020, .T. ) ;
#860 = MECHANICAL_DESIGN_GEOMETRIC_PRESENTATION_REPRESENTATION (  '', ( #655 ), #9905 ) ;
#861 = FILL_AREA_STYLE_COLOUR ( '', #2785 ) ;
#862 = CARTESIAN_POINT ( 'NONE',  ( -2.416184815337920622, -12.69999999999999751, 1.570051969239089962 ) ) ;
#863 =( NAMED_UNIT ( * ) SI_UNIT ( $, .STERADIAN. ) SOLID_ANGLE_UNIT ( ) );
#864 = MECHANICAL_DESIGN_GEOMETRIC_PRESENTATION_REPRESENTATION (  '', ( #9914 ), #251 ) ;
#865 =( NAMED_UNIT ( * ) SI_UNIT ( $, .STERADIAN. ) SOLID_ANGLE_UNIT ( ) );
#866 = ORIENTED_EDGE ( 'NONE', *, *, #4438, .T. ) ;
#867 = DIRECTION ( 'NONE',  ( -1.000000000000000000, -0.000000000000000000, -0.000000000000000000 ) ) ;
#868 = FILL_AREA_STYLE ('',( #1853 ) ) ;
#869 =( GEOMETRIC_REPRESENTATION_CONTEXT ( 3 ) GLOBAL_UNCERTAINTY_ASSIGNED_CONTEXT ( ( #4749 ) ) GLOBAL_UNIT_ASSIGNED_CONTEXT ( ( #275, #6856, #2194 ) ) REPRESENTATION_CONTEXT ( 'NONE', 'WORKASPACE' ) );
#870 = ORIENTED_EDGE ( 'NONE', *, *, #9347, .T. ) ;
#871 = DIRECTION ( 'NONE',  ( -1.000000000000000000, 0.000000000000000000, -0.000000000000000000 ) ) ;
#872 = FACE_OUTER_BOUND ( 'NONE', #243, .T. ) ;
#873 = ORIENTED_EDGE ( 'NONE', *, *, #3949, .T. ) ;
#874 = STYLED_ITEM ( 'NONE', ( #1834 ), #7230 ) ;
#875 = EDGE_CURVE ( 'NONE', #5889, #4781, #11308, .T. ) ;
#876 = CARTESIAN_POINT ( 'NONE',  ( 3.183512449787953891, -12.70999999999999730, 1.347606317874361359 ) ) ;
#877 = EDGE_CURVE ( 'NONE', #11813, #6203, #856, .T. ) ;
#878 = ORIENTED_EDGE ( 'NONE', *, *, #10740, .F. ) ;
#879 = UNCERTAINTY_MEASURE_WITH_UNIT (LENGTH_MEASURE( 1.000000000000000082E-05 ), #5504, 'distance_accuracy_value', 'NONE');
#880 = CARTESIAN_POINT ( 'NONE',  ( 2.430727718372849733, -12.70999999999999730, 2.161043594408120772 ) ) ;
#881 = FILL_AREA_STYLE ('',( #11215 ) ) ;
#882 = DIRECTION ( 'NONE',  ( -0.000000000000000000, -0.000000000000000000, 1.000000000000000000 ) ) ;
#883 = DIRECTION ( 'NONE',  ( 1.000000000000000000, 0.000000000000000000, 0.000000000000000000 ) ) ;
#884 = VERTEX_POINT ( 'NONE', #974 ) ;
#885 = VERTEX_POINT ( 'NONE', #2842 ) ;
#886 = DIRECTION ( 'NONE',  ( 1.000000000000000000, 0.000000000000000000, -0.000000000000000000 ) ) ;
#887 = CARTESIAN_POINT ( 'NONE',  ( 1.199827638437622745, -12.70999999999999730, 2.161043594408120772 ) ) ;
#888 = ORIENTED_EDGE ( 'NONE', *, *, #724, .F. ) ;
#889 =( NAMED_UNIT ( * ) SI_UNIT ( $, .STERADIAN. ) SOLID_ANGLE_UNIT ( ) );
#890 = SURFACE_STYLE_USAGE ( .BOTH. , #10874 ) ;
#891 = EDGE_CURVE ( 'NONE', #11657, #3450, #4732, .T. ) ;
#892 =( LENGTH_UNIT ( ) NAMED_UNIT ( * ) SI_UNIT ( .MILLI., .METRE. ) );
#893 = UNCERTAINTY_MEASURE_WITH_UNIT (LENGTH_MEASURE( 1.000000000000000082E-05 ), #53, 'distance_accuracy_value', 'NONE');
#894 = B_SPLINE_CURVE_WITH_KNOTS ( 'NONE', 3,
 ( #5166, #603, #8044, #7924 ),
 .UNSPECIFIED., .F., .F.,
 ( 4, 4 ),
 ( 34.00000000000000000, 35.00000000000000000 ),
 .UNSPECIFIED. ) ;
#895 = PLANE ( 'NONE',  #1873 ) ;
#896 =( LENGTH_UNIT ( ) NAMED_UNIT ( * ) SI_UNIT ( .MILLI., .METRE. ) );
#897 = FILL_AREA_STYLE_COLOUR ( '', #9291 ) ;
#898 = CARTESIAN_POINT ( 'NONE',  ( 0.7572373520594096741, -12.70999999999999730, 1.482081675050595404 ) ) ;
#899 = VERTEX_POINT ( 'NONE', #8353 ) ;
#900 =( LENGTH_UNIT ( ) NAMED_UNIT ( * ) SI_UNIT ( .MILLI., .METRE. ) );
#901 = ORIENTED_EDGE ( 'NONE', *, *, #11098, .T. ) ;
#902 = CARTESIAN_POINT ( 'NONE',  ( -1.225655433392526916, -12.70999999999999730, 2.389444423432443010 ) ) ;
#903 = ORIENTED_EDGE ( 'NONE', *, *, #6335, .F. ) ;
#904 = ORIENTED_EDGE ( 'NONE', *, *, #3194, .T. ) ;
#905 = B_SPLINE_CURVE_WITH_KNOTS ( 'NONE', 3,
 ( #11416, #11771, #4125, #10864 ),
 .UNSPECIFIED., .F., .F.,
 ( 4, 4 ),
 ( 2.000000000000000000, 3.000000000000000000 ),
 .UNSPECIFIED. ) ;
#906 = FILL_AREA_STYLE ('',( #5625 ) ) ;
#907 = PLANE ( 'NONE',  #9884 ) ;
#908 = ORIENTED_EDGE ( 'NONE', *, *, #10253, .T. ) ;
#909 = SURFACE_STYLE_USAGE ( .BOTH. , #11984 ) ;
#910 = ORIENTED_EDGE ( 'NONE', *, *, #2759, .F. ) ;
#911 = CARTESIAN_POINT ( 'NONE',  ( 1.232406719817708218, -12.69999999999999751, 0.9303168074587356839 ) ) ;
#912 = ADVANCED_FACE ( 'NONE', ( #10270 ), #10526, .T. ) ;
#913 = CARTESIAN_POINT ( 'NONE',  ( 1.513834529167924270, -12.70999999999999730, 2.238332266187399888 ) ) ;
#914 = CARTESIAN_POINT ( 'NONE',  ( 1.709482310420420204, -12.69999999999999751, 2.809159362246437919 ) ) ;
#915 = FILL_AREA_STYLE_COLOUR ( '', #8854 ) ;
#916 = PRESENTATION_LAYER_ASSIGNMENT (  '', '', ( #4445 ) ) ;
#917 = LINE ( 'NONE', #9297, #9732 ) ;
#918 = B_SPLINE_CURVE_WITH_KNOTS ( 'NONE', 3,
 ( #10438, #1083, #4827, #9392 ),
 .UNSPECIFIED., .F., .F.,
 ( 4, 4 ),
 ( 12.00000000000000000, 13.00000000000000000 ),
 .UNSPECIFIED. ) ;
#919 = VERTEX_POINT ( 'NONE', #795 ) ;
#920 = EDGE_CURVE ( 'NONE', #6203, #3956, #8294, .T. ) ;
#921 = CARTESIAN_POINT ( 'NONE',  ( 0.8880735565303700119, -12.69999999999999751, 1.074149985885020087 ) ) ;
#922 = ORIENTED_EDGE ( 'NONE', *, *, #2486, .T. ) ;
#923 = CARTESIAN_POINT ( 'NONE',  ( -3.447655645294449567, -12.70999999999999730, 2.548503021390325696 ) ) ;
#924 = LINE ( 'NONE', #5459, #4953 ) ;
#925 = EDGE_LOOP ( 'NONE', ( #14, #3441, #514, #3425 ) ) ;
#926 = CARTESIAN_POINT ( 'NONE',  ( 0.5915692573922514130, -12.70999999999999730, 2.227588101050506086 ) ) ;
#927 = VERTEX_POINT ( 'NONE', #7383 ) ;
#928 = CARTESIAN_POINT ( 'NONE',  ( 0.4434037543172685836, -12.70999999999999730, 1.313294306638018272 ) ) ;
#929 = CARTESIAN_POINT ( 'NONE',  ( 1.415404113091203397, -12.70999999999999730, 2.760983912123202266 ) ) ;
#930 = SURFACE_STYLE_FILL_AREA ( #868 ) ;
#931 = FILL_AREA_STYLE ('',( #5768 ) ) ;
#932 = B_SPLINE_CURVE_WITH_KNOTS ( 'NONE', 3,
 ( #12138, #9203, #12086, #11165 ),
 .UNSPECIFIED., .F., .F.,
 ( 4, 4 ),
 ( 35.00000000000000000, 36.00000000000000000 ),
 .UNSPECIFIED. ) ;
#933 = ORIENTED_EDGE ( 'NONE', *, *, #3170, .T. ) ;
#934 = UNCERTAINTY_MEASURE_WITH_UNIT (LENGTH_MEASURE( 1.000000000000000082E-05 ), #8434, 'distance_accuracy_value', 'NONE');
#935 = FILL_AREA_STYLE ('',( #9588 ) ) ;
#936 =( LENGTH_UNIT ( ) NAMED_UNIT ( * ) SI_UNIT ( .MILLI., .METRE. ) );
#937 = UNCERTAINTY_MEASURE_WITH_UNIT (LENGTH_MEASURE( 1.000000000000000082E-05 ), #3970, 'distance_accuracy_value', 'NONE');
#938 = FACE_OUTER_BOUND ( 'NONE', #5091, .T. ) ;
#939 = FILL_AREA_STYLE ('',( #4563 ) ) ;
#940 = ORIENTED_EDGE ( 'NONE', *, *, #3485, .F. ) ;
#941 =( NAMED_UNIT ( * ) PLANE_ANGLE_UNIT ( ) SI_UNIT ( $, .RADIAN. ) );
#942 = VECTOR ( 'NONE', #4239, 1000.000000000000000 ) ;
#943 = FACE_OUTER_BOUND ( 'NONE', #8698, .T. ) ;
#944 = MECHANICAL_DESIGN_GEOMETRIC_PRESENTATION_REPRESENTATION (  '', ( #5255 ), #4469 ) ;
#945 = LINE ( 'NONE', #7279, #6689 ) ;
#946 = CARTESIAN_POINT ( 'NONE',  ( 0.2898661686738288057, -12.69999999999999751, 2.750586332958024460 ) ) ;
#947 = CYLINDRICAL_SURFACE ( 'NONE', #8629, 0.6500000000000012434 ) ;
#948 = CARTESIAN_POINT ( 'NONE',  ( 0.1713337662147740026, -12.69999999999999751, 1.085587322965344104 ) ) ;
#949 = VERTEX_POINT ( 'NONE', #6844 ) ;
#950 = COLOUR_RGB ( '',1.000000000000000000, 1.000000000000000000, 1.000000000000000000 ) ;
#951 = FILL_AREA_STYLE_COLOUR ( '', #9110 ) ;
#952 = DIRECTION ( 'NONE',  ( 1.000000000000000000, 0.000000000000000000, -0.000000000000000000 ) ) ;
#953 = B_SPLINE_CURVE_WITH_KNOTS ( 'NONE', 3,
 ( #1833, #3515, #7725, #11421 ),
 .UNSPECIFIED., .F., .F.,
 ( 4, 4 ),
 ( 0.000000000000000000, 1.000000000000000000 ),
 .UNSPECIFIED. ) ;
#954 = CARTESIAN_POINT ( 'NONE',  ( -2.594523361750517232, -12.69999999999999751, 1.348333642229618601 ) ) ;
#955 = CARTESIAN_POINT ( 'NONE',  ( 0.5203458401248410858, -12.69999999999999751, 1.183324567098666957 ) ) ;
#956 =( NAMED_UNIT ( * ) SI_UNIT ( $, .STERADIAN. ) SOLID_ANGLE_UNIT ( ) );
#957 = LINE ( 'NONE', #8341, #1411 ) ;
#958 = CARTESIAN_POINT ( 'NONE',  ( 1.517820267842606929, -12.69999999999999751, 2.760983912123202266 ) ) ;
#959 = AXIS2_PLACEMENT_3D ( 'NONE', #11276, #7529, #1184 ) ;
#960 = EDGE_CURVE ( 'NONE', #5279, #11791, #5711, .T. ) ;
#961 = EDGE_CURVE ( 'NONE', #10014, #10324, #3014, .T. ) ;
#962 = CARTESIAN_POINT ( 'NONE',  ( 0.9227321537406988350, -12.70999999999999730, 2.544021093582787607 ) ) ;
#963 = PRESENTATION_STYLE_ASSIGNMENT (( #10257 ) ) ;
#964 = VERTEX_POINT ( 'NONE', #1947 ) ;
#965 = AXIS2_PLACEMENT_3D ( 'NONE', #3383, #9153, #4454 ) ;
#966 = AXIS2_PLACEMENT_3D ( 'NONE', #8234, #3463, #11870 ) ;
#967 = SURFACE_SIDE_STYLE ('',( #5794 ) ) ;
#968 = COLOUR_RGB ( '',1.000000000000000000, 1.000000000000000000, 1.000000000000000000 ) ;
#969 = EDGE_CURVE ( 'NONE', #2026, #10194, #4002, .T. ) ;
#970 = CARTESIAN_POINT ( 'NONE',  ( 0.8447503100156967815, -12.69999999999999751, 1.446729905899129198 ) ) ;
#971 = ORIENTED_EDGE ( 'NONE', *, *, #9008, .T. ) ;
#972 = FILL_AREA_STYLE ('',( #1891 ) ) ;
#973 = CARTESIAN_POINT ( 'NONE',  ( -1.789590466688415260, -12.70999999999999730, 1.232654778906526971 ) ) ;
#974 = CARTESIAN_POINT ( 'NONE',  ( 2.728791654385999799, -12.70999999999999730, 1.433213052983943303 ) ) ;
#975 = PRESENTATION_LAYER_ASSIGNMENT (  '', '', ( #11779 ) ) ;
#976 = DIRECTION ( 'NONE',  ( 1.000000000000000000, 2.915501640297156255E-16, -0.000000000000000000 ) ) ;
#977 = B_SPLINE_SURFACE_WITH_KNOTS ( 'NONE', 3, 1, ( 
 ( #5357, #5702 ),
 ( #9367, #1907 ),
 ( #3541, #9423 ),
 ( #5591, #991 ) ),
 .UNSPECIFIED., .F., .F., .F.,
 ( 4, 4 ),
 ( 2, 2 ),
 ( 2.000000000000000000, 3.000000000000000000 ),
 ( 0.000000000000000000, 1.000000000000000000 ),
 .UNSPECIFIED. ) ;
#978 = CARTESIAN_POINT ( 'NONE',  ( -22.04999999999999005, -12.69999999999999751, 20.69999999999999929 ) ) ;
#979 = COLOUR_RGB ( '',1.000000000000000000, 1.000000000000000000, 1.000000000000000000 ) ;
#980 = EDGE_CURVE ( 'NONE', #11552, #5875, #4550, .T. ) ;
#981 = CARTESIAN_POINT ( 'NONE',  ( 22.05000000000000426, 11.90000000000000036, 20.69999999999999929 ) ) ;
#982 = ORIENTED_EDGE ( 'NONE', *, *, #6251, .F. ) ;
#983 = LINE ( 'NONE', #7559, #11466 ) ;
#984 = VECTOR ( 'NONE', #9275, 1000.000000000000000 ) ;
#985 = COLOUR_RGB ( '',0.2509803921568627416, 0.2509803921568627416, 0.2509803921568627416 ) ;
#986 = LINE ( 'NONE', #9594, #11402 ) ;
#987 = CARTESIAN_POINT ( 'NONE',  ( 0.7572373520594096741, -12.70999999999999730, 1.482081675050595404 ) ) ;
#988 =( LENGTH_UNIT ( ) NAMED_UNIT ( * ) SI_UNIT ( .MILLI., .METRE. ) );
#989 = VERTEX_POINT ( 'NONE', #6615 ) ;
#990 = PRESENTATION_STYLE_ASSIGNMENT (( #5367 ) ) ;
#991 = CARTESIAN_POINT ( 'NONE',  ( 1.200174224411630020, -12.69999999999999751, 0.8575337533163209791 ) ) ;
#992 = STYLED_ITEM ( 'NONE', ( #7930 ), #2466 ) ;
#993 = EDGE_CURVE ( 'NONE', #5046, #7737, #5136, .T. ) ;
#994 = FACE_OUTER_BOUND ( 'NONE', #4063, .T. ) ;
#995 = VERTEX_POINT ( 'NONE', #3835 ) ;
#996 = VECTOR ( 'NONE', #9920, 1000.000000000000000 ) ;
#997 = AXIS2_PLACEMENT_3D ( 'NONE', #3163, #9791, #5110 ) ;
#998 = PRESENTATION_STYLE_ASSIGNMENT (( #7517 ) ) ;
#999 = LINE ( 'NONE', #6585, #1693 ) ;
#1000 = CARTESIAN_POINT ( 'NONE',  ( 0.6995307877048738687, -12.69999999999999751, 2.189117058149034900 ) ) ;
#1001 = FILL_AREA_STYLE_COLOUR ( '', #11881 ) ;
#1002 = ORIENTED_EDGE ( 'NONE', *, *, #4129, .F. ) ;
#1003 = CARTESIAN_POINT ( 'NONE',  ( 3.077803728296038432, -12.69999999999999751, 1.638738534444029060 ) ) ;
#1004 =( NAMED_UNIT ( * ) SI_UNIT ( $, .STERADIAN. ) SOLID_ANGLE_UNIT ( ) );
#1005 = ORIENTED_EDGE ( 'NONE', *, *, #9712, .F. ) ;
#1006 = CARTESIAN_POINT ( 'NONE',  ( -3.519955003823156847, -12.70999999999999730, 1.859249403353907093 ) ) ;
#1007 = FILL_AREA_STYLE_COLOUR ( '', #7040 ) ;
#1008 = DIRECTION ( 'NONE',  ( -1.000000000000000000, -0.000000000000000000, -0.000000000000000000 ) ) ;
#1009 = SURFACE_SIDE_STYLE ('',( #4702 ) ) ;
#1010 = SURFACE_STYLE_USAGE ( .BOTH. , #4643 ) ;
#1011 = PRESENTATION_LAYER_ASSIGNMENT (  '', '', ( #6107 ) ) ;
#1012 = UNCERTAINTY_MEASURE_WITH_UNIT (LENGTH_MEASURE( 1.000000000000000082E-05 ), #1949, 'distance_accuracy_value', 'NONE');
#1013 = AXIS2_PLACEMENT_3D ( 'NONE', #5734, #3938, #8524 ) ;
#1014 = VECTOR ( 'NONE', #8515, 1000.000000000000000 ) ;
#1015 = CARTESIAN_POINT ( 'NONE',  ( 0.1366751690044200052, -12.70999999999999730, 1.390929564389012718 ) ) ;
#1016 = B_SPLINE_CURVE_WITH_KNOTS ( 'NONE', 3,
 ( #1109, #8731, #3023, #7617 ),
 .UNSPECIFIED., .F., .F.,
 ( 4, 4 ),
 ( 20.00000000000000000, 21.00000000000000000 ),
 .UNSPECIFIED. ) ;
#1017 =( NAMED_UNIT ( * ) SI_UNIT ( $, .STERADIAN. ) SOLID_ANGLE_UNIT ( ) );
#1018 = FACE_OUTER_BOUND ( 'NONE', #1222, .T. ) ;
#1019 = B_SPLINE_CURVE_WITH_KNOTS ( 'NONE', 3,
 ( #4304, #10225, #10525, #7398 ),
 .UNSPECIFIED., .F., .F.,
 ( 4, 4 ),
 ( 6.000000000000000000, 7.000000000000000000 ),
 .UNSPECIFIED. ) ;
#1020 = ORIENTED_EDGE ( 'NONE', *, *, #10741, .F. ) ;
#1021 = DIRECTION ( 'NONE',  ( -0.000000000000000000, 1.000000000000000000, -0.000000000000000000 ) ) ;
#1022 =( NAMED_UNIT ( * ) SI_UNIT ( $, .STERADIAN. ) SOLID_ANGLE_UNIT ( ) );
#1023 = CARTESIAN_POINT ( 'NONE',  ( 1.367228662967949537, -12.70999999999999730, 1.188176770707219276 ) ) ;
#1024 = FACE_OUTER_BOUND ( 'NONE', #2659, .T. ) ;
#1025 = STYLED_ITEM ( 'NONE', ( #10717 ), #3247 ) ;
#1026 = EDGE_LOOP ( 'NONE', ( #74, #6456, #11465, #3342 ) ) ;
#1027 = MECHANICAL_DESIGN_GEOMETRIC_PRESENTATION_REPRESENTATION (  '', ( #3142 ), #7885 ) ;
#1028 = SURFACE_STYLE_FILL_AREA ( #2885 ) ;
#1029 = PRESENTATION_LAYER_ASSIGNMENT (  '', '', ( #2001 ) ) ;
#1030 = ORIENTED_EDGE ( 'NONE', *, *, #10487, .T. ) ;
#1031 =( GEOMETRIC_REPRESENTATION_CONTEXT ( 3 ) GLOBAL_UNCERTAINTY_ASSIGNED_CONTEXT ( ( #9068 ) ) GLOBAL_UNIT_ASSIGNED_CONTEXT ( ( #9550, #172, #11812 ) ) REPRESENTATION_CONTEXT ( 'NONE', 'WORKASPACE' ) );
#1032 = CARTESIAN_POINT ( 'NONE',  ( -1.394354120492200089, -12.69999999999999751, 1.377253495963938423 ) ) ;
#1033 = DIRECTION ( 'NONE',  ( -0.000000000000000000, 1.000000000000000000, -0.000000000000000000 ) ) ;
#1034 = ADVANCED_FACE ( 'NONE', ( #11602 ), #8634, .T. ) ;
#1035 = SURFACE_STYLE_USAGE ( .BOTH. , #3828 ) ;
#1036 = LINE ( 'NONE', #4067, #9685 ) ;
#1037 = EDGE_LOOP ( 'NONE', ( #7778, #8453, #3763, #922 ) ) ;
#1038 = VECTOR ( 'NONE', #1959, 1000.000000000000000 ) ;
#1039 = CARTESIAN_POINT ( 'NONE',  ( 0.8447503100156967815, -12.70999999999999730, 1.446729905899129198 ) ) ;
#1040 = COLOUR_RGB ( '',1.000000000000000000, 1.000000000000000000, 1.000000000000000000 ) ;
#1041 = FILL_AREA_STYLE ('',( #4729 ) ) ;
#1042 = COLOUR_RGB ( '',1.000000000000000000, 1.000000000000000000, 1.000000000000000000 ) ;
#1043 = FACE_OUTER_BOUND ( 'NONE', #8790, .T. ) ;
#1044 = EDGE_CURVE ( 'NONE', #1528, #11568, #4895, .T. ) ;
#1045 = EDGE_CURVE ( 'NONE', #5051, #9811, #145, .T. ) ;
#1046 = DIRECTION ( 'NONE',  ( -0.000000000000000000, 0.000000000000000000, -1.000000000000000000 ) ) ;
#1047 = STYLED_ITEM ( 'NONE', ( #11289 ), #9009 ) ;
#1048 = COLOUR_RGB ( '',1.000000000000000000, 1.000000000000000000, 1.000000000000000000 ) ;
#1049 = ORIENTED_EDGE ( 'NONE', *, *, #12043, .F. ) ;
#1050 = ORIENTED_EDGE ( 'NONE', *, *, #7524, .F. ) ;
#1051 = CARTESIAN_POINT ( 'NONE',  ( 0.2838009141642797162, -12.70999999999999730, 2.492379783742445287 ) ) ;
#1052 = CARTESIAN_POINT ( 'NONE',  ( 0.8352191957844155024, -12.69999999999999751, 2.161043594408120772 ) ) ;
#1053 = VECTOR ( 'NONE', #10985, 1000.000000000000000 ) ;
#1054 = DIRECTION ( 'NONE',  ( 1.000000000000000000, 0.000000000000000000, 0.000000000000000000 ) ) ;
#1055 = CARTESIAN_POINT ( 'NONE',  ( 0.6995307877048738687, -12.69999999999999751, 2.731177518523739245 ) ) ;
#1056 = CARTESIAN_POINT ( 'NONE',  ( 2.334550111112243087, -12.70999999999999730, 2.423062589321753890 ) ) ;
#1057 = ORIENTED_EDGE ( 'NONE', *, *, #2824, .T. ) ;
#1058 = CARTESIAN_POINT ( 'NONE',  ( -2.782501675538016084, -12.70999999999999730, 1.054316140560536796 ) ) ;
#1059 = LINE ( 'NONE', #10156, #10535 ) ;
#1060 =( GEOMETRIC_REPRESENTATION_CONTEXT ( 3 ) GLOBAL_UNCERTAINTY_ASSIGNED_CONTEXT ( ( #10983 ) ) GLOBAL_UNIT_ASSIGNED_CONTEXT ( ( #10184, #10119, #2532 ) ) REPRESENTATION_CONTEXT ( 'NONE', 'WORKASPACE' ) );
#1061 = EDGE_CURVE ( 'NONE', #2830, #949, #6882, .T. ) ;
#1062 = VECTOR ( 'NONE', #8182, 1000.000000000000000 ) ;
#1063 = UNCERTAINTY_MEASURE_WITH_UNIT (LENGTH_MEASURE( 1.000000000000000082E-05 ), #6242, 'distance_accuracy_value', 'NONE');
#1064 = FILL_AREA_STYLE_COLOUR ( '', #2818 ) ;
#1065 = UNCERTAINTY_MEASURE_WITH_UNIT (LENGTH_MEASURE( 1.000000000000000082E-05 ), #8419, 'distance_accuracy_value', 'NONE');
#1066 = PRESENTATION_STYLE_ASSIGNMENT (( #6868 ) ) ;
#1067 = CARTESIAN_POINT ( 'NONE',  ( 0.5118544838086782622, -12.69999999999999751, 2.149606257327805636 ) ) ;
#1068 = FACE_OUTER_BOUND ( 'NONE', #299, .T. ) ;
#1069 = CARTESIAN_POINT ( 'NONE',  ( -0.7484797774236003898, -12.69999999999999751, 1.758030191093176597 ) ) ;
#1070 = EDGE_CURVE ( 'NONE', #8573, #10252, #10887, .T. ) ;
#1071 = FILL_AREA_STYLE_COLOUR ( '', #7069 ) ;
#1072 = ORIENTED_EDGE ( 'NONE', *, *, #1098, .T. ) ;
#1073 = SURFACE_STYLE_FILL_AREA ( #1129 ) ;
#1074 = ORIENTED_EDGE ( 'NONE', *, *, #5053, .T. ) ;
#1075 = ORIENTED_EDGE ( 'NONE', *, *, #11970, .T. ) ;
#1076 = ORIENTED_EDGE ( 'NONE', *, *, #160, .F. ) ;
#1078 = STYLED_ITEM ( 'NONE', ( #3884 ), #7276 ) ;
#1077 =( NAMED_UNIT ( * ) SI_UNIT ( $, .STERADIAN. ) SOLID_ANGLE_UNIT ( ) );
#1079 = CARTESIAN_POINT ( 'NONE',  ( 0.3468795610872523194, -12.69999999999999751, 1.180205293348632001 ) ) ;
#1080 = EDGE_CURVE ( 'NONE', #11573, #8059, #10521, .T. ) ;
#1081 = SURFACE_STYLE_USAGE ( .BOTH. , #1986 ) ;
#1082 = DIRECTION ( 'NONE',  ( -0.5048830486499233938, 0.000000000000000000, 0.8631877589412161322 ) ) ;
#1083 = CARTESIAN_POINT ( 'NONE',  ( 0.3477460260165245454, -12.69999999999999751, 1.492132668244072313 ) ) ;
#1084 = LINE ( 'NONE', #253, #9475 ) ;
#1085 = ORIENTED_EDGE ( 'NONE', *, *, #2173, .F. ) ;
#1086 = CARTESIAN_POINT ( 'NONE',  ( -22.04999999999999716, -11.89999999999999680, 21.50000000000000000 ) ) ;
#1087 = CARTESIAN_POINT ( 'NONE',  ( 1.777586453940106948, -12.70999999999999730, 2.256008150763128217 ) ) ;
#1088 = EDGE_LOOP ( 'NONE', ( #10507, #1300, #2473, #2368 ) ) ;
#1089 = CARTESIAN_POINT ( 'NONE',  ( 1.771694492416408639, -12.69999999999999751, 1.685527640680425820 ) ) ;
#1090 = EDGE_LOOP ( 'NONE', ( #97, #2599, #1493, #6224 ) ) ;
#1091 = FACE_OUTER_BOUND ( 'NONE', #6279, .T. ) ;
#1092 =( NAMED_UNIT ( * ) PLANE_ANGLE_UNIT ( ) SI_UNIT ( $, .RADIAN. ) );
#1093 = DIRECTION ( 'NONE',  ( 0.000000000000000000, 0.000000000000000000, 1.000000000000000000 ) ) ;
#1094 = CARTESIAN_POINT ( 'NONE',  ( 2.694652936130905285, -12.69999999999999751, 1.613784344453134345 ) ) ;
#1095 = VECTOR ( 'NONE', #8748, 1000.000000000000000 ) ;
#1096 = VERTEX_POINT ( 'NONE', #4330 ) ;
#1097 = LINE ( 'NONE', #4842, #11636 ) ;
#1098 = EDGE_CURVE ( 'NONE', #7999, #1674, #11724, .T. ) ;
#1099 = SURFACE_SIDE_STYLE ('',( #11304 ) ) ;
#1100 = FILL_AREA_STYLE_COLOUR ( '', #5918 ) ;
#1101 = CARTESIAN_POINT ( 'NONE',  ( 1.715374271948743479, -12.70999999999999730, 2.309035804494934396 ) ) ;
#1102 = LINE ( 'NONE', #5994, #532 ) ;
#1103 = CARTESIAN_POINT ( 'NONE',  ( 2.564336610619806667, -12.69999999999999751, 1.233579533052162169 ) ) ;
#1104 = EDGE_CURVE ( 'NONE', #6537, #8642, #8912, .T. ) ;
#1105 = SURFACE_SIDE_STYLE ('',( #11139 ) ) ;
#1106 = VERTEX_POINT ( 'NONE', #7906 ) ;
#1107 = ORIENTED_EDGE ( 'NONE', *, *, #9951, .F. ) ;
#1108 = CARTESIAN_POINT ( 'NONE',  ( 2.176853493808293294, -12.70999999999999730, 1.763509484403121608 ) ) ;
#1109 = CARTESIAN_POINT ( 'NONE',  ( -2.782501583604617412, -12.69999999999999751, 2.268945768346066316 ) ) ;
#1110 = SURFACE_STYLE_USAGE ( .BOTH. , #3787 ) ;
#1111 = SURFACE_SIDE_STYLE ('',( #9716 ) ) ;
#1112 = EDGE_LOOP ( 'NONE', ( #9971, #5269, #9676, #9907 ) ) ;
#1113 = CARTESIAN_POINT ( 'NONE',  ( 0.2526081766733467848, -12.70999999999999730, 1.215210476532994077 ) ) ;
#1114 = DIRECTION ( 'NONE',  ( 0.3493954794691467303, -0.000000000000000000, -0.9369753459544840624 ) ) ;
#1115 = DIRECTION ( 'NONE',  ( -0.000000000000000000, 1.000000000000000000, -0.000000000000000000 ) ) ;
#1116 = SURFACE_STYLE_FILL_AREA ( #931 ) ;
#1117 = ORIENTED_EDGE ( 'NONE', *, *, #11003, .F. ) ;
#1118 = ORIENTED_EDGE ( 'NONE', *, *, #7782, .F. ) ;
#1119 = EDGE_CURVE ( 'NONE', #3563, #10882, #9894, .T. ) ;
#1120 = ADVANCED_FACE ( 'NONE', ( #11788 ), #66, .T. ) ;
#1121 = FILL_AREA_STYLE_COLOUR ( '', #12092 ) ;
#1122 = CARTESIAN_POINT ( 'NONE',  ( 0.1642287537877698267, -12.70999999999999730, 2.238332266187399888 ) ) ;
#1123 = FACE_OUTER_BOUND ( 'NONE', #3034, .T. ) ;
#1124 = ORIENTED_EDGE ( 'NONE', *, *, #969, .F. ) ;
#1125 = FACE_OUTER_BOUND ( 'NONE', #2795, .T. ) ;
#1126 = SURFACE_STYLE_USAGE ( .BOTH. , #7755 ) ;
#1127 = CARTESIAN_POINT ( 'NONE',  ( 3.183512449787953891, -12.70999999999999730, 1.347606317874361359 ) ) ;
#1128 = EDGE_LOOP ( 'NONE', ( #8442, #11277, #2336, #9251 ) ) ;
#1129 = FILL_AREA_STYLE ('',( #9555 ) ) ;
#1130 = FACE_OUTER_BOUND ( 'NONE', #3493, .T. ) ;
#1131 = SURFACE_STYLE_USAGE ( .BOTH. , #5777 ) ;
#1132 = ORIENTED_EDGE ( 'NONE', *, *, #10055, .F. ) ;
#1133 = CYLINDRICAL_SURFACE ( 'NONE', #8980, 0.6500000000000012434 ) ;
#1134 = ORIENTED_EDGE ( 'NONE', *, *, #7670, .T. ) ;
#1135 = AXIS2_PLACEMENT_3D ( 'NONE', #12066, #11323, #1852 ) ;
#1136 = EDGE_CURVE ( 'NONE', #1866, #8552, #5073, .T. ) ;
#1137 = FILL_AREA_STYLE_COLOUR ( '', #950 ) ;
#1138 = COLOUR_RGB ( '',1.000000000000000000, 1.000000000000000000, 1.000000000000000000 ) ;
#1139 = UNCERTAINTY_MEASURE_WITH_UNIT (LENGTH_MEASURE( 1.000000000000000082E-05 ), #5862, 'distance_accuracy_value', 'NONE');
#1140 = CARTESIAN_POINT ( 'NONE',  ( 1.504650000908340779, -12.70999999999999730, 1.569767925995061653 ) ) ;
#1141 = CARTESIAN_POINT ( 'NONE',  ( 0.6995307877048746459, -12.70999999999999730, 2.731177518523737469 ) ) ;
#1142 = CARTESIAN_POINT ( 'NONE',  ( 2.212551848931451737, -12.69999999999999751, 2.715927735749983807 ) ) ;
#1143 = EDGE_CURVE ( 'NONE', #10092, #8573, #2476, .T. ) ;
#1144 = CARTESIAN_POINT ( 'NONE',  ( 0.3551976244175365505, -12.70999999999999730, 2.817130839605025194 ) ) ;
#1145 = CARTESIAN_POINT ( 'NONE',  ( 0.3387347907427868399, -12.70999999999999730, 1.198920935844121960 ) ) ;
#1146 =( LENGTH_UNIT ( ) NAMED_UNIT ( * ) SI_UNIT ( .MILLI., .METRE. ) );
#1147 = PRESENTATION_LAYER_ASSIGNMENT (  '', '', ( #11748 ) ) ;
#1148 = CARTESIAN_POINT ( 'NONE',  ( 1.372947331505797841, -12.70999999999999730, 1.012457682851205298 ) ) ;
#1149 = ORIENTED_EDGE ( 'NONE', *, *, #1044, .F. ) ;
#1150 = DIRECTION ( 'NONE',  ( 0.000000000000000000, 0.000000000000000000, 1.000000000000000000 ) ) ;
#1151 = DIRECTION ( 'NONE',  ( 0.000000000000000000, -0.000000000000000000, 1.000000000000000000 ) ) ;
#1152 = CARTESIAN_POINT ( 'NONE',  ( -0.1057617184844371061, -12.70999999999999730, 1.162875994744636765 ) ) ;
#1153 = LINE ( 'NONE', #7785, #10499 ) ;
#1154 = MECHANICAL_DESIGN_GEOMETRIC_PRESENTATION_REPRESENTATION (  '', ( #2874 ), #11760 ) ;
#1155 = DIRECTION ( 'NONE',  ( -0.000000000000000000, 1.000000000000000000, -0.000000000000000000 ) ) ;
#1156 = ORIENTED_EDGE ( 'NONE', *, *, #5501, .T. ) ;
#1157 = CARTESIAN_POINT ( 'NONE',  ( 0.9374620575545931089, -12.70999999999999730, 1.511888068654680728 ) ) ;
#1158 = LINE ( 'NONE', #4971, #10231 ) ;
#1159 = SURFACE_SIDE_STYLE ('',( #3546 ) ) ;
#1160 = DIRECTION ( 'NONE',  ( 1.000000000000000000, 0.000000000000000000, -0.000000000000000000 ) ) ;
#1161 = EDGE_CURVE ( 'NONE', #1516, #4552, #1330, .T. ) ;
#1162 = COLOUR_RGB ( '',1.000000000000000000, 1.000000000000000000, 1.000000000000000000 ) ;
#1163 = AXIS2_PLACEMENT_3D ( 'NONE', #9105, #2663, #2489 ) ;
#1164 = SURFACE_STYLE_FILL_AREA ( #2130 ) ;
#1165 = CARTESIAN_POINT ( 'NONE',  ( 1.598574799343609243, -12.70999999999999730, 2.760983912123202266 ) ) ;
#1166 = VECTOR ( 'NONE', #5342, 1000.000000000000000 ) ;
#1167 = LINE ( 'NONE', #4032, #8682 ) ;
#1168 = EDGE_LOOP ( 'NONE', ( #3312, #6226, #5572, #3706, #1364, #10112 ) ) ;
#1169 = CARTESIAN_POINT ( 'NONE',  ( -2.883720795863037978, -12.69999999999999751, 1.430272952002306752 ) ) ;
#1170 = CARTESIAN_POINT ( 'NONE',  ( -1.485933197642125947, -12.70999999999999730, 2.770221049609327579 ) ) ;
#1171 = CARTESIAN_POINT ( 'NONE',  ( -19.25000000000000355, -9.249999999999996447, -4.000000000000000000 ) ) ;
#1172 = STYLED_ITEM ( 'NONE', ( #8746 ), #2442 ) ;
#1173 = UNCERTAINTY_MEASURE_WITH_UNIT (LENGTH_MEASURE( 1.000000000000000082E-05 ), #3911, 'distance_accuracy_value', 'NONE');
#1174 = CIRCLE ( 'NONE', #11564, 0.7999999999999986011 ) ;
#1175 = DIRECTION ( 'NONE',  ( 1.000000000000000000, 0.000000000000000000, -0.000000000000000000 ) ) ;
#1176 = PRESENTATION_STYLE_ASSIGNMENT (( #1247 ) ) ;
#1177 = EDGE_CURVE ( 'NONE', #9150, #9064, #3192, .T. ) ;
#1178 = EDGE_CURVE ( 'NONE', #7772, #6219, #4266, .T. ) ;
#1179 = VECTOR ( 'NONE', #2140, 1000.000000000000000 ) ;
#1180 = VECTOR ( 'NONE', #10678, 1000.000000000000000 ) ;
#1181 = PRESENTATION_STYLE_ASSIGNMENT (( #9610 ) ) ;
#1182 = COLOUR_RGB ( '',1.000000000000000000, 1.000000000000000000, 1.000000000000000000 ) ;
#1183 = ORIENTED_EDGE ( 'NONE', *, *, #738, .T. ) ;
#1184 = DIRECTION ( 'NONE',  ( 0.3315284183576420185, 0.000000000000000000, 0.9434452330799495412 ) ) ;
#1185 = CARTESIAN_POINT ( 'NONE',  ( 1.332050186797736346, -12.70999999999999730, 0.9091750631612839362 ) ) ;
#1186 = FILL_AREA_STYLE_COLOUR ( '', #11616 ) ;
#1187 = ORIENTED_EDGE ( 'NONE', *, *, #8776, .F. ) ;
#1188 = VERTEX_POINT ( 'NONE', #6239 ) ;
#1189 = UNCERTAINTY_MEASURE_WITH_UNIT (LENGTH_MEASURE( 1.000000000000000082E-05 ), #10391, 'distance_accuracy_value', 'NONE');
#1190 = EDGE_CURVE ( 'NONE', #4493, #12072, #6185, .T. ) ;
#1191 = CIRCLE ( 'NONE', #8261, 0.7999999999999986011 ) ;
#1192 = CARTESIAN_POINT ( 'NONE',  ( -3.172918229980178584, -12.69999999999999751, 0.9000778399903864857 ) ) ;
#1193 = B_SPLINE_SURFACE_WITH_KNOTS ( 'NONE', 3, 1, ( 
 ( #3782, #1103 ),
 ( #6507, #10273 ),
 ( #4608, #9296 ),
 ( #7555, #11434 ) ),
 .UNSPECIFIED., .F., .F., .F.,
 ( 4, 4 ),
 ( 2, 2 ),
 ( 3.000000000000000000, 4.000000000000000000 ),
 ( 0.000000000000000000, 1.000000000000000000 ),
 .UNSPECIFIED. ) ;
#1194 = CARTESIAN_POINT ( 'NONE',  ( 0.4061457623167640252, -12.70999999999999730, 1.074149985885020087 ) ) ;
#1195 = CARTESIAN_POINT ( 'NONE',  ( 0.4061457623167640252, -12.69999999999999751, 1.074149985885020087 ) ) ;
#1196 = DIRECTION ( 'NONE',  ( -0.000000000000000000, -0.000000000000000000, -1.000000000000000000 ) ) ;
#1197 = DIRECTION ( 'NONE',  ( -0.000000000000000000, 1.000000000000000000, -0.000000000000000000 ) ) ;
#1198 = EDGE_CURVE ( 'NONE', #8687, #1536, #9278, .T. ) ;
#1199 = DIRECTION ( 'NONE',  ( -1.000000000000000000, 0.000000000000000000, -0.000000000000000000 ) ) ;
#1200 = EDGE_LOOP ( 'NONE', ( #8329, #9954, #8386, #5502 ) ) ;
#1201 = CARTESIAN_POINT ( 'NONE',  ( 1.514354408125495155, -12.70999999999999730, 2.161043594408120772 ) ) ;
#1202 = AXIS2_PLACEMENT_3D ( 'NONE', #4113, #11516, #7762 ) ;
#1203 = CARTESIAN_POINT ( 'NONE',  ( 2.558444649096109025, -12.70999999999999730, 1.733703090799036284 ) ) ;
#1204 = EDGE_CURVE ( 'NONE', #8965, #6885, #5143, .T. ) ;
#1205 = DIRECTION ( 'NONE',  ( -0.8863488427958621241, 0.000000000000000000, -0.4630180653866933227 ) ) ;
#1206 = B_SPLINE_CURVE_WITH_KNOTS ( 'NONE', 3,
 ( #3985, #11328, #4038, #168 ),
 .UNSPECIFIED., .F., .F.,
 ( 4, 4 ),
 ( 12.00000000000000000, 13.00000000000000000 ),
 .UNSPECIFIED. ) ;
#1207 = FILL_AREA_STYLE ('',( #6779 ) ) ;
#1208 = CARTESIAN_POINT ( 'NONE',  ( -3.519955003823156847, -12.70999999999999730, 1.859249403353907093 ) ) ;
#1209 = CARTESIAN_POINT ( 'NONE',  ( 1.787810740119434083, -12.70999999999999730, 2.421676245430290475 ) ) ;
#1210 = STYLED_ITEM ( 'NONE', ( #12064 ), #3385 ) ;
#1211 = DIRECTION ( 'NONE',  ( -1.000000000000000000, -0.000000000000000000, -0.000000000000000000 ) ) ;
#1212 = CARTESIAN_POINT ( 'NONE',  ( -3.230757569708321508, -12.69999999999999751, 1.415813300939981367 ) ) ;
#1213 = CARTESIAN_POINT ( 'NONE',  ( 1.359777064566932925, -12.70999999999999730, 1.165995268490024550 ) ) ;
#1214 = PRESENTATION_LAYER_ASSIGNMENT (  '', '', ( #4941 ) ) ;
#1215 = VECTOR ( 'NONE', #3732, 1000.000000000000000 ) ;
#1216 =( LENGTH_UNIT ( ) NAMED_UNIT ( * ) SI_UNIT ( .MILLI., .METRE. ) );
#1217 = CARTESIAN_POINT ( 'NONE',  ( 1.222875605584116787, -12.69999999999999751, 1.569767925995061653 ) ) ;
#1218 =( NAMED_UNIT ( * ) SI_UNIT ( $, .STERADIAN. ) SOLID_ANGLE_UNIT ( ) );
#1219 = EDGE_LOOP ( 'NONE', ( #6661, #10999, #2505, #848 ) ) ;
#1220 = LINE ( 'NONE', #5268, #10862 ) ;
#1221 = VECTOR ( 'NONE', #3335, 1000.000000000000000 ) ;
#1222 = EDGE_LOOP ( 'NONE', ( #7613, #4919, #8936, #198, #10126, #11756, #9343, #6884 ) ) ;
#1223 = CARTESIAN_POINT ( 'NONE',  ( -3.037959280299975084, -12.70999999999999730, 2.341245126877084637 ) ) ;
#1224 = CARTESIAN_POINT ( 'NONE',  ( 2.527425204591026375, -12.69999999999999751, 2.161043594408120772 ) ) ;
#1225 = EDGE_CURVE ( 'NONE', #10752, #9261, #957, .T. ) ;
#1226 = VECTOR ( 'NONE', #9111, 1000.000000000000000 ) ;
#1227 = SURFACE_STYLE_USAGE ( .BOTH. , #4980 ) ;
#1228 = COLOUR_RGB ( '',1.000000000000000000, 1.000000000000000000, 1.000000000000000000 ) ;
#1229 = DIRECTION ( 'NONE',  ( 1.000000000000000000, -0.000000000000000000, -0.000000000000000000 ) ) ;
#1230 = ORIENTED_EDGE ( 'NONE', *, *, #5249, .F. ) ;
#1231 =( NAMED_UNIT ( * ) PLANE_ANGLE_UNIT ( ) SI_UNIT ( $, .RADIAN. ) );
#1232 = MECHANICAL_DESIGN_GEOMETRIC_PRESENTATION_REPRESENTATION (  '', ( #21 ), #7716 ) ;
#1233 = CARTESIAN_POINT ( 'NONE',  ( 0.4132507747437730306, -12.69999999999999751, 1.373253679813293271 ) ) ;
#1234 = CARTESIAN_POINT ( 'NONE',  ( -1.047317162782429367, -12.70999999999999730, 1.753210123538929910 ) ) ;
#1235 = CARTESIAN_POINT ( 'NONE',  ( 22.05000000000000426, -11.89999999999999680, 21.50000000000000000 ) ) ;
#1236 = AXIS2_PLACEMENT_3D ( 'NONE', #1152, #3833, #9642 ) ;
#1237 = LINE ( 'NONE', #11691, #11589 ) ;
#1238 =( GEOMETRIC_REPRESENTATION_CONTEXT ( 3 ) GLOBAL_UNCERTAINTY_ASSIGNED_CONTEXT ( ( #2631 ) ) GLOBAL_UNIT_ASSIGNED_CONTEXT ( ( #2719, #1650, #5627 ) ) REPRESENTATION_CONTEXT ( 'NONE', 'WORKASPACE' ) );
#1239 = EDGE_CURVE ( 'NONE', #3412, #7188, #7296, .T. ) ;
#1240 = STYLED_ITEM ( 'NONE', ( #10456 ), #4498 ) ;
#1241 = FILL_AREA_STYLE ('',( #1064 ) ) ;
#1242 =( GEOMETRIC_REPRESENTATION_CONTEXT ( 3 ) GLOBAL_UNCERTAINTY_ASSIGNED_CONTEXT ( ( #5554 ) ) GLOBAL_UNIT_ASSIGNED_CONTEXT ( ( #7215, #5544, #10048 ) ) REPRESENTATION_CONTEXT ( 'NONE', 'WORKASPACE' ) );
#1243 = CARTESIAN_POINT ( 'NONE',  ( 0.5239849928324241679, -12.70999999999999730, 1.511888068654680728 ) ) ;
#1244 = CARTESIAN_POINT ( 'NONE',  ( -3.621174262048271864, -12.70999999999999730, 1.324234039920944239 ) ) ;
#1245 =( LENGTH_UNIT ( ) NAMED_UNIT ( * ) SI_UNIT ( .MILLI., .METRE. ) );
#1246 =( NAMED_UNIT ( * ) SI_UNIT ( $, .STERADIAN. ) SOLID_ANGLE_UNIT ( ) );
#1247 = SURFACE_STYLE_USAGE ( .BOTH. , #177 ) ;
#1248 = CARTESIAN_POINT ( 'NONE',  ( -3.519955003823156847, -12.70999999999999730, 2.124347051293271615 ) ) ;
#1249 = MECHANICAL_DESIGN_GEOMETRIC_PRESENTATION_REPRESENTATION (  '', ( #6158 ), #5563 ) ;
#1250 = ORIENTED_EDGE ( 'NONE', *, *, #9245, .F. ) ;
#1251 = SURFACE_SIDE_STYLE ('',( #9506 ) ) ;
#1252 =( NAMED_UNIT ( * ) PLANE_ANGLE_UNIT ( ) SI_UNIT ( $, .RADIAN. ) );
#1253 =( GEOMETRIC_REPRESENTATION_CONTEXT ( 3 ) GLOBAL_UNCERTAINTY_ASSIGNED_CONTEXT ( ( #5308 ) ) GLOBAL_UNIT_ASSIGNED_CONTEXT ( ( #370, #4250, #4121 ) ) REPRESENTATION_CONTEXT ( 'NONE', 'WORKASPACE' ) );
#1254 = DIRECTION ( 'NONE',  ( 0.000000000000000000, 0.000000000000000000, -1.000000000000000000 ) ) ;
#1255 = EDGE_CURVE ( 'NONE', #8839, #6310, #4719, .T. ) ;
#1256 = ORIENTED_EDGE ( 'NONE', *, *, #5084, .F. ) ;
#1257 =( GEOMETRIC_REPRESENTATION_CONTEXT ( 3 ) GLOBAL_UNCERTAINTY_ASSIGNED_CONTEXT ( ( #5830 ) ) GLOBAL_UNIT_ASSIGNED_CONTEXT ( ( #892, #3844, #2904 ) ) REPRESENTATION_CONTEXT ( 'NONE', 'WORKASPACE' ) );
#1258 =( NAMED_UNIT ( * ) SI_UNIT ( $, .STERADIAN. ) SOLID_ANGLE_UNIT ( ) );
#1259 = DIRECTION ( 'NONE',  ( 1.000000000000000000, 0.000000000000000000, 0.000000000000000000 ) ) ;
#1260 = EDGE_CURVE ( 'NONE', #10631, #11813, #6494, .T. ) ;
#1261 = SURFACE_STYLE_FILL_AREA ( #11581 ) ;
#1262 = CARTESIAN_POINT ( 'NONE',  ( 0.8858207477119407480, -12.69999999999999751, 1.298391109835989488 ) ) ;
#1263 = DIRECTION ( 'NONE',  ( -0.000000000000000000, 1.000000000000000000, -0.000000000000000000 ) ) ;
#1264 = LINE ( 'NONE', #258, #2923 ) ;
#1265 = SURFACE_STYLE_FILL_AREA ( #9812 ) ;
#1266 =( NAMED_UNIT ( * ) PLANE_ANGLE_UNIT ( ) SI_UNIT ( $, .RADIAN. ) );
#1267 = EDGE_CURVE ( 'NONE', #3530, #11256, #6308, .T. ) ;
#1268 = VECTOR ( 'NONE', #7931, 1000.000000000000000 ) ;
#1269 =( LENGTH_UNIT ( ) NAMED_UNIT ( * ) SI_UNIT ( .MILLI., .METRE. ) );
#1270 = ORIENTED_EDGE ( 'NONE', *, *, #3735, .F. ) ;
#1271 = CARTESIAN_POINT ( 'NONE',  ( -3.823612456736237952, -12.69999999999999751, 2.056867392582908849 ) ) ;
#1272 = FACE_OUTER_BOUND ( 'NONE', #10166, .T. ) ;
#1273 = CARTESIAN_POINT ( 'NONE',  ( -3.519955003823156847, -12.69999999999999751, 1.661631138320091017 ) ) ;
#1274 = CARTESIAN_POINT ( 'NONE',  ( -1.640171865943553797, -12.70999999999999730, 1.382073379651379552 ) ) ;
#1275 =( NAMED_UNIT ( * ) PLANE_ANGLE_UNIT ( ) SI_UNIT ( $, .RADIAN. ) );
#1276 = DIRECTION ( 'NONE',  ( 0.000000000000000000, 1.000000000000000000, 0.000000000000000000 ) ) ;
#1277 = DIRECTION ( 'NONE',  ( 1.000000000000000000, 0.000000000000000000, -0.000000000000000000 ) ) ;
#1278 = B_SPLINE_SURFACE_WITH_KNOTS ( 'NONE', 3, 1, ( 
 ( #1600, #9925 ),
 ( #1420, #3285 ),
 ( #11024, #7078 ),
 ( #2317, #2563 ) ),
 .UNSPECIFIED., .F., .F., .F.,
 ( 4, 4 ),
 ( 2, 2 ),
 ( 3.000000000000000000, 4.000000000000000000 ),
 ( 0.000000000000000000, 1.000000000000000000 ),
 .UNSPECIFIED. ) ;
#1279 = CARTESIAN_POINT ( 'NONE',  ( 0.4666250144496134067, -12.69999999999999751, 1.580858677103661680 ) ) ;
#1280 = ORIENTED_EDGE ( 'NONE', *, *, #9825, .F. ) ;
#1281 = PRESENTATION_STYLE_ASSIGNMENT (( #2848 ) ) ;
#1282 = PRESENTATION_STYLE_ASSIGNMENT (( #5877 ) ) ;
#1283 = EDGE_CURVE ( 'NONE', #1758, #10777, #4647, .T. ) ;
#1284 = STYLED_ITEM ( 'NONE', ( #11874 ), #5233 ) ;
#1285 = CARTESIAN_POINT ( 'NONE',  ( -22.84999999999999432, -11.89999999999999147, 0.000000000000000000 ) ) ;
#1286 = SURFACE_STYLE_USAGE ( .BOTH. , #1111 ) ;
#1287 = CARTESIAN_POINT ( 'NONE',  ( 0.6995307877048747569, -12.70999999999999730, 2.272990863400055961 ) ) ;
#1288 = VERTEX_POINT ( 'NONE', #9339 ) ;
#1289 =( NAMED_UNIT ( * ) SI_UNIT ( $, .STERADIAN. ) SOLID_ANGLE_UNIT ( ) );
#1290 = SURFACE_STYLE_USAGE ( .BOTH. , #8932 ) ;
#1291 = PRESENTATION_LAYER_ASSIGNMENT (  '', '', ( #8357 ) ) ;
#1292 = DIRECTION ( 'NONE',  ( -0.000000000000000000, 1.000000000000000000, -0.000000000000000000 ) ) ;
#1293 = EDGE_CURVE ( 'NONE', #150, #3995, #2652, .T. ) ;
#1294 = COLOUR_RGB ( '',1.000000000000000000, 1.000000000000000000, 1.000000000000000000 ) ;
#1295 = CARTESIAN_POINT ( 'NONE',  ( -2.502944008800396691, -12.70999999999999730, 1.671271089566408241 ) ) ;
#1296 = ORIENTED_EDGE ( 'NONE', *, *, #3115, .T. ) ;
#1297 =( NAMED_UNIT ( * ) SI_UNIT ( $, .STERADIAN. ) SOLID_ANGLE_UNIT ( ) );
#1298 = FILL_AREA_STYLE_COLOUR ( '', #3915 ) ;
#1299 = DIRECTION ( 'NONE',  ( 0.3493954794691467303, -0.000000000000000000, -0.9369753459544840624 ) ) ;
#1300 = ORIENTED_EDGE ( 'NONE', *, *, #1744, .F. ) ;
#1301 = DIRECTION ( 'NONE',  ( 1.000000000000000000, -0.000000000000000000, -0.000000000000000000 ) ) ;
#1302 = MECHANICAL_DESIGN_GEOMETRIC_PRESENTATION_REPRESENTATION (  '', ( #7773 ), #11324 ) ;
#1303 = CARTESIAN_POINT ( 'NONE',  ( 1.362029873383048040, -12.70999999999999730, 1.165995268490024550 ) ) ;
#1304 =( LENGTH_UNIT ( ) NAMED_UNIT ( * ) SI_UNIT ( .MILLI., .METRE. ) );
#1305 = CARTESIAN_POINT ( 'NONE',  ( 2.448923481906140509, -12.70999999999999730, 1.162875994744636765 ) ) ;
#1306 = ORIENTED_EDGE ( 'NONE', *, *, #6983, .T. ) ;
#1307 = ORIENTED_EDGE ( 'NONE', *, *, #8015, .T. ) ;
#1308 = UNCERTAINTY_MEASURE_WITH_UNIT (LENGTH_MEASURE( 1.000000000000000082E-05 ), #11108, 'distance_accuracy_value', 'NONE');
#1309 = SURFACE_SIDE_STYLE ('',( #3868 ) ) ;
#1310 = B_SPLINE_CURVE_WITH_KNOTS ( 'NONE', 3,
 ( #3025, #3144, #222, #95 ),
 .UNSPECIFIED., .F., .F.,
 ( 4, 4 ),
 ( 18.00000000000000000, 19.00000000000000000 ),
 .UNSPECIFIED. ) ;
#1311 =( LENGTH_UNIT ( ) NAMED_UNIT ( * ) SI_UNIT ( .MILLI., .METRE. ) );
#1312 = ADVANCED_FACE ( 'NONE', ( #10062 ), #6569, .F. ) ;
#1313 = CARTESIAN_POINT ( 'NONE',  ( 1.083721337782844074, -12.69999999999999751, 1.249175901797617394 ) ) ;
#1314 = CARTESIAN_POINT ( 'NONE',  ( 2.626548792611196781, -12.70999999999999730, 1.180551879320356212 ) ) ;
#1315 = CARTESIAN_POINT ( 'NONE',  ( -1.365434266760180870, -12.70999999999999730, 1.083236178157049645 ) ) ;
#1316 = B_SPLINE_CURVE_WITH_KNOTS ( 'NONE', 3,
 ( #5321, #5261, #11725, #3255 ),
 .UNSPECIFIED., .F., .F.,
 ( 4, 4 ),
 ( 1.000000000000000000, 2.000000000000000000 ),
 .UNSPECIFIED. ) ;
#1317 =( LENGTH_UNIT ( ) NAMED_UNIT ( * ) SI_UNIT ( .MILLI., .METRE. ) );
#1318 = LINE ( 'NONE', #7897, #1367 ) ;
#1319 =( NAMED_UNIT ( * ) SI_UNIT ( $, .STERADIAN. ) SOLID_ANGLE_UNIT ( ) );
#1320 = DIRECTION ( 'NONE',  ( -0.000000000000000000, 1.000000000000000000, -0.000000000000000000 ) ) ;
#1321 = SURFACE_STYLE_USAGE ( .BOTH. , #8838 ) ;
#1322 = ORIENTED_EDGE ( 'NONE', *, *, #8251, .F. ) ;
#1323 = LINE ( 'NONE', #5070, #10455 ) ;
#1324 = CARTESIAN_POINT ( 'NONE',  ( 1.787810740119434083, -12.70999999999999730, 2.506243222624735978 ) ) ;
#1325 = SURFACE_STYLE_USAGE ( .BOTH. , #323 ) ;
#1326 = EDGE_CURVE ( 'NONE', #1766, #11253, #11918, .T. ) ;
#1327 = EDGE_CURVE ( 'NONE', #3318, #2099, #11832, .T. ) ;
#1328 = DIRECTION ( 'NONE',  ( -0.000000000000000000, 1.000000000000000000, -0.000000000000000000 ) ) ;
#1329 = DIRECTION ( 'NONE',  ( -0.000000000000000000, 1.000000000000000000, -0.000000000000000000 ) ) ;
#1330 = B_SPLINE_CURVE_WITH_KNOTS ( 'NONE', 3,
 ( #5206, #519, #2421, #9026 ),
 .UNSPECIFIED., .F., .F.,
 ( 4, 4 ),
 ( 17.00000000000000000, 18.00000000000000000 ),
 .UNSPECIFIED. ) ;
#1331 = FILL_AREA_STYLE_COLOUR ( '', #8242 ) ;
#1332 = CARTESIAN_POINT ( 'NONE',  ( 1.036239059605349011, -12.69999999999999751, 1.318839682190019680 ) ) ;
#1333 = ORIENTED_EDGE ( 'NONE', *, *, #7297, .F. ) ;
#1334 = CARTESIAN_POINT ( 'NONE',  ( 1.193589090939889408, -12.69999999999999751, 0.9303168074587356839 ) ) ;
#1335 = ORIENTED_EDGE ( 'NONE', *, *, #11268, .F. ) ;
#1336 = PRESENTATION_LAYER_ASSIGNMENT (  '', '', ( #3466 ) ) ;
#1337 =( LENGTH_UNIT ( ) NAMED_UNIT ( * ) SI_UNIT ( .MILLI., .METRE. ) );
#1338 = VECTOR ( 'NONE', #11991, 1000.000000000000000 ) ;
#1339 = CARTESIAN_POINT ( 'NONE',  ( -0.7484797774236003898, -12.70999999999999730, 1.589331687860300324 ) ) ;
#1340 = ORIENTED_EDGE ( 'NONE', *, *, #10529, .F. ) ;
#1341 = FACE_OUTER_BOUND ( 'NONE', #6405, .T. ) ;
#1342 = CARTESIAN_POINT ( 'NONE',  ( 0.5210390120705497008, -12.69999999999999751, 1.102916621569366429 ) ) ;
#1343 = SURFACE_STYLE_USAGE ( .BOTH. , #3462 ) ;
#1344 = CARTESIAN_POINT ( 'NONE',  ( 0.8116513496803728911, -12.70999999999999730, 1.542387634197562862 ) ) ;
#1345 = PRESENTATION_LAYER_ASSIGNMENT (  '', '', ( #11960 ) ) ;
#1346 = DIRECTION ( 'NONE',  ( 0.000000000000000000, -0.000000000000000000, 1.000000000000000000 ) ) ;
#1347 = ORIENTED_EDGE ( 'NONE', *, *, #826, .F. ) ;
#1348 = CARTESIAN_POINT ( 'NONE',  ( 2.048789977113333549, -12.70999999999999730, 1.085587322965344104 ) ) ;
#1349 =( GEOMETRIC_REPRESENTATION_CONTEXT ( 3 ) GLOBAL_UNCERTAINTY_ASSIGNED_CONTEXT ( ( #7928 ) ) GLOBAL_UNIT_ASSIGNED_CONTEXT ( ( #9736, #5842, #11519 ) ) REPRESENTATION_CONTEXT ( 'NONE', 'WORKASPACE' ) );
#1350 = VECTOR ( 'NONE', #9176, 1000.000000000000000 ) ;
#1351 =( LENGTH_UNIT ( ) NAMED_UNIT ( * ) SI_UNIT ( .MILLI., .METRE. ) );
#1352 = SURFACE_STYLE_FILL_AREA ( #3103 ) ;
#1353 = ORIENTED_EDGE ( 'NONE', *, *, #4717, .F. ) ;
#1354 = CARTESIAN_POINT ( 'NONE',  ( 0.1713337662147740026, -12.70999999999999730, 1.162875994744636765 ) ) ;
#1355 = ORIENTED_EDGE ( 'NONE', *, *, #7262, .F. ) ;
#1356 = EDGE_CURVE ( 'NONE', #7058, #4068, #7652, .T. ) ;
#1357 = FILL_AREA_STYLE_COLOUR ( '', #9932 ) ;
#1358 = AXIS2_PLACEMENT_3D ( 'NONE', #139, #2834, #3887 ) ;
#1359 = CARTESIAN_POINT ( 'NONE',  ( 0.9227321537406988350, -12.69999999999999751, 2.544021093582787607 ) ) ;
#1360 = VECTOR ( 'NONE', #6918, 1000.000000000000000 ) ;
#1361 = MECHANICAL_DESIGN_GEOMETRIC_PRESENTATION_REPRESENTATION (  '', ( #11578 ), #4097 ) ;
#1362 = CARTESIAN_POINT ( 'NONE',  ( 1.879829315710288773, -12.69999999999999751, 2.508669324431330505 ) ) ;
#1363 = CARTESIAN_POINT ( 'NONE',  ( 0.5118544838086782622, -12.70999999999999730, 2.149606257327805636 ) ) ;
#1364 = ORIENTED_EDGE ( 'NONE', *, *, #462, .F. ) ;
#1365 = STYLED_ITEM ( 'NONE', ( #7013 ), #2319 ) ;
#1366 =( GEOMETRIC_REPRESENTATION_CONTEXT ( 3 ) GLOBAL_UNCERTAINTY_ASSIGNED_CONTEXT ( ( #10548 ) ) GLOBAL_UNIT_ASSIGNED_CONTEXT ( ( #4477, #8541, #5756 ) ) REPRESENTATION_CONTEXT ( 'NONE', 'WORKASPACE' ) );
#1367 = VECTOR ( 'NONE', #5066, 1000.000000000000000 ) ;
#1368 = SURFACE_SIDE_STYLE ('',( #628 ) ) ;
#1369 = CARTESIAN_POINT ( 'NONE',  ( 2.208392817266298991, -12.70999999999999730, 2.704836984641384667 ) ) ;
#1370 = FACE_OUTER_BOUND ( 'NONE', #7641, .T. ) ;
#1371 = B_SPLINE_SURFACE_WITH_KNOTS ( 'NONE', 3, 1, ( 
 ( #3143, #7429 ),
 ( #7185, #8225 ),
 ( #11982, #725 ),
 ( #7308, #9220 ) ),
 .UNSPECIFIED., .F., .F., .F.,
 ( 4, 4 ),
 ( 2, 2 ),
 ( 0.000000000000000000, 1.000000000000000000 ),
 ( 0.000000000000000000, 1.000000000000000000 ),
 .UNSPECIFIED. ) ;
#1372 = DIRECTION ( 'NONE',  ( -0.000000000000000000, 0.000000000000000000, -1.000000000000000000 ) ) ;
#1373 = ORIENTED_EDGE ( 'NONE', *, *, #7239, .F. ) ;
#1374 = PLANE ( 'NONE',  #543 ) ;
#1375 = UNCERTAINTY_MEASURE_WITH_UNIT (LENGTH_MEASURE( 1.000000000000000082E-05 ), #3446, 'distance_accuracy_value', 'NONE');
#1376 = CARTESIAN_POINT ( 'NONE',  ( 2.636773078785899393, -12.70999999999999730, 1.515353928376412807 ) ) ;
#1377 = ORIENTED_EDGE ( 'NONE', *, *, #710, .T. ) ;
#1378 =( GEOMETRIC_REPRESENTATION_CONTEXT ( 3 ) GLOBAL_UNCERTAINTY_ASSIGNED_CONTEXT ( ( #2258 ) ) GLOBAL_UNIT_ASSIGNED_CONTEXT ( ( #8098, #9213, #522 ) ) REPRESENTATION_CONTEXT ( 'NONE', 'WORKASPACE' ) );
#1379 = SURFACE_STYLE_USAGE ( .BOTH. , #3122 ) ;
#1380 = DIRECTION ( 'NONE',  ( -0.000000000000000000, 1.000000000000000000, -0.000000000000000000 ) ) ;
#1381 = CARTESIAN_POINT ( 'NONE',  ( 2.366782606518294862, -12.70999999999999730, 1.685527640680426043 ) ) ;
#1382 = VECTOR ( 'NONE', #7486, 1000.000000000000000 ) ;
#1383 = ORIENTED_EDGE ( 'NONE', *, *, #7936, .F. ) ;
#1384 = CARTESIAN_POINT ( 'NONE',  ( 0.3219253710940298552, -12.70999999999999730, 1.086973666852187215 ) ) ;
#1385 = LINE ( 'NONE', #6304, #11309 ) ;
#1386 = CARTESIAN_POINT ( 'NONE',  ( -19.25000000000000355, -9.249999999999996447, -4.000000000000000000 ) ) ;
#1387 = SURFACE_STYLE_USAGE ( .BOTH. , #9760 ) ;
#1388 = CARTESIAN_POINT ( 'NONE',  ( 1.327891155132578049, -12.69999999999999751, 2.838965755845902272 ) ) ;
#1389 = ORIENTED_EDGE ( 'NONE', *, *, #7217, .F. ) ;
#1390 =( NAMED_UNIT ( * ) SI_UNIT ( $, .STERADIAN. ) SOLID_ANGLE_UNIT ( ) );
#1391 = SURFACE_STYLE_FILL_AREA ( #8723 ) ;
#1392 = ORIENTED_EDGE ( 'NONE', *, *, #2651, .F. ) ;
#1393 = ADVANCED_FACE ( 'NONE', ( #4708 ), #9435, .T. ) ;
#1394 = ORIENTED_EDGE ( 'NONE', *, *, #2661, .F. ) ;
#1395 = EDGE_CURVE ( 'NONE', #885, #8285, #10612, .T. ) ;
#1396 = DIRECTION ( 'NONE',  ( -1.000000000000000000, 0.000000000000000000, 0.000000000000000000 ) ) ;
#1397 = CARTESIAN_POINT ( 'NONE',  ( -2.782501675538016084, -12.70999999999999730, 1.430272952002306752 ) ) ;
#1398 = LINE ( 'NONE', #9962, #4316 ) ;
#1399 = CARTESIAN_POINT ( 'NONE',  ( -2.136627424400495467, -12.70999999999999730, 2.731661405519053787 ) ) ;
#1400 = VECTOR ( 'NONE', #6361, 1000.000000000000227 ) ;
#1401 = SURFACE_SIDE_STYLE ('',( #339 ) ) ;
#1402 = ORIENTED_EDGE ( 'NONE', *, *, #9119, .T. ) ;
#1403 = AXIS2_PLACEMENT_3D ( 'NONE', #5547, #1740, #9329 ) ;
#1404 = CARTESIAN_POINT ( 'NONE',  ( 1.060500077652813733, -12.70999999999999730, 1.559370346829860754 ) ) ;
#1405 = EDGE_CURVE ( 'NONE', #2559, #4302, #2993, .T. ) ;
#1406 = CARTESIAN_POINT ( 'NONE',  ( 0.1366751690044173961, -12.69999999999999751, 1.468564822140004056 ) ) ;
#1407 = UNCERTAINTY_MEASURE_WITH_UNIT (LENGTH_MEASURE( 1.000000000000000082E-05 ), #6264, 'distance_accuracy_value', 'NONE');
#1408 = STYLED_ITEM ( 'NONE', ( #8379 ), #3161 ) ;
#1409 = PLANE ( 'NONE',  #9489 ) ;
#1410 = DIRECTION ( 'NONE',  ( -0.3416038306902427490, 0.000000000000000000, 0.9398440417738210817 ) ) ;
#1411 = VECTOR ( 'NONE', #9159, 1000.000000000000000 ) ;
#1412 = SURFACE_STYLE_USAGE ( .BOTH. , #2503 ) ;
#1413 = MECHANICAL_DESIGN_GEOMETRIC_PRESENTATION_REPRESENTATION (  '', ( #10060 ), #4560 ) ;
#1414 = FACE_OUTER_BOUND ( 'NONE', #5899, .T. ) ;
#1415 = ORIENTED_EDGE ( 'NONE', *, *, #7813, .F. ) ;
#1416 = ORIENTED_EDGE ( 'NONE', *, *, #8993, .T. ) ;
#1417 = EDGE_CURVE ( 'NONE', #11867, #10600, #3053, .T. ) ;
#1418 = PRESENTATION_LAYER_ASSIGNMENT (  '', '', ( #11240 ) ) ;
#1419 = MECHANICAL_DESIGN_GEOMETRIC_PRESENTATION_REPRESENTATION (  '', ( #10304 ), #4565 ) ;
#1420 = CARTESIAN_POINT ( 'NONE',  ( 2.728791654385999799, -12.70999999999999730, 1.533722984895554031 ) ) ;
#1421 = COLOUR_RGB ( '',0.2509803921568627416, 0.2509803921568627416, 0.2509803921568627416 ) ;
#1422 = LINE ( 'NONE', #9667, #4886 ) ;
#1423 = EDGE_LOOP ( 'NONE', ( #5212, #3626, #9564, #4216, #9878, #12134, #7286 ) ) ;
#1424 = SURFACE_STYLE_USAGE ( .BOTH. , #9866 ) ;
#1425 = EDGE_LOOP ( 'NONE', ( #1828, #9205, #7881, #5837 ) ) ;
#1426 = LINE ( 'NONE', #11764, #10143 ) ;
#1427 = MECHANICAL_DESIGN_GEOMETRIC_PRESENTATION_REPRESENTATION (  '', ( #6719 ), #4579 ) ;
#1428 = LINE ( 'NONE', #3234, #4892 ) ;
#1429 = EDGE_CURVE ( 'NONE', #7179, #3815, #5149, .T. ) ;
#1430 = FACE_OUTER_BOUND ( 'NONE', #10935, .T. ) ;
#1431 = VECTOR ( 'NONE', #9463, 1000.000000000000000 ) ;
#1432 = SURFACE_STYLE_USAGE ( .BOTH. , #7162 ) ;
#1433 =( NAMED_UNIT ( * ) PLANE_ANGLE_UNIT ( ) SI_UNIT ( $, .RADIAN. ) );
#1434 =( LENGTH_UNIT ( ) NAMED_UNIT ( * ) SI_UNIT ( .MILLI., .METRE. ) );
#1435 = VECTOR ( 'NONE', #11615, 1000.000000000000000 ) ;
#1436 = EDGE_LOOP ( 'NONE', ( #4812, #9006, #2429, #3707 ) ) ;
#1437 = ORIENTED_EDGE ( 'NONE', *, *, #10515, .F. ) ;
#1438 = SURFACE_STYLE_FILL_AREA ( #7952 ) ;
#1439 = EDGE_LOOP ( 'NONE', ( #8605, #5349, #3841, #5944 ) ) ;
#1440 = CARTESIAN_POINT ( 'NONE',  ( 2.636773078785899393, -12.69999999999999751, 1.430786951181954203 ) ) ;
#1441 = AXIS2_PLACEMENT_3D ( 'NONE', #9416, #10217, #1955 ) ;
#1442 = EDGE_CURVE ( 'NONE', #11826, #8478, #4774, .T. ) ;
#1443 =( LENGTH_UNIT ( ) NAMED_UNIT ( * ) SI_UNIT ( .MILLI., .METRE. ) );
#1444 = MECHANICAL_DESIGN_GEOMETRIC_PRESENTATION_REPRESENTATION (  '', ( #8933 ), #6163 ) ;
#1445 = CARTESIAN_POINT ( 'NONE',  ( 1.177992722196744779, -12.69999999999999751, 0.9303168074587356839 ) ) ;
#1446 = VERTEX_POINT ( 'NONE', #6656 ) ;
#1447 = SURFACE_STYLE_FILL_AREA ( #4210 ) ;
#1448 = FACE_OUTER_BOUND ( 'NONE', #5208, .T. ) ;
#1449 =( LENGTH_UNIT ( ) NAMED_UNIT ( * ) SI_UNIT ( .MILLI., .METRE. ) );
#1450 = ADVANCED_FACE ( 'NONE', ( #10441 ), #68, .F. ) ;
#1451 = CARTESIAN_POINT ( 'NONE',  ( 0.7567174731018385669, -12.69999999999999751, 1.102570035597664866 ) ) ;
#1452 = DIRECTION ( 'NONE',  ( -0.000000000000000000, 1.000000000000000000, -0.000000000000000000 ) ) ;
#1453 = EDGE_LOOP ( 'NONE', ( #12076, #8436, #8507, #6589, #7796, #10135, #1933 ) ) ;
#1454 = ORIENTED_EDGE ( 'NONE', *, *, #11885, .T. ) ;
#1455 = CARTESIAN_POINT ( 'NONE',  ( 1.777586453940106948, -12.69999999999999751, 2.749199989071176464 ) ) ;
#1456 = MECHANICAL_DESIGN_GEOMETRIC_PRESENTATION_REPRESENTATION (  '', ( #5580 ), #9711 ) ;
#1457 = CARTESIAN_POINT ( 'NONE',  ( 0.3477460260165245454, -12.69999999999999751, 1.492132668244072313 ) ) ;
#1458 = B_SPLINE_CURVE_WITH_KNOTS ( 'NONE', 3,
 ( #645, #8334, #6487, #7414 ),
 .UNSPECIFIED., .F., .F.,
 ( 4, 4 ),
 ( 14.00000000000000000, 15.00000000000000000 ),
 .UNSPECIFIED. ) ;
#1459 = ORIENTED_EDGE ( 'NONE', *, *, #9440, .F. ) ;
#1460 = EDGE_CURVE ( 'NONE', #11027, #7108, #11708, .T. ) ;
#1461 = LINE ( 'NONE', #3331, #9059 ) ;
#1462 =( NAMED_UNIT ( * ) SI_UNIT ( $, .STERADIAN. ) SOLID_ANGLE_UNIT ( ) );
#1463 = ORIENTED_EDGE ( 'NONE', *, *, #8048, .T. ) ;
#1464 = DIRECTION ( 'NONE',  ( -1.000000000000000000, 0.000000000000000000, 0.000000000000000000 ) ) ;
#1465 = B_SPLINE_SURFACE_WITH_KNOTS ( 'NONE', 3, 1, ( 
 ( #1532, #9921 ),
 ( #4171, #5351 ),
 ( #6080, #7146 ),
 ( #10774, #7929 ) ),
 .UNSPECIFIED., .F., .F., .F.,
 ( 4, 4 ),
 ( 2, 2 ),
 ( 20.00000000000000000, 21.00000000000000000 ),
 ( 0.000000000000000000, 1.000000000000000000 ),
 .UNSPECIFIED. ) ;
#1466 = CARTESIAN_POINT ( 'NONE',  ( 1.787810740119434083, -12.70999999999999730, 2.506243222624735978 ) ) ;
#1467 = ADVANCED_FACE ( 'NONE', ( #5059 ), #506, .F. ) ;
#1468 = SURFACE_STYLE_USAGE ( .BOTH. , #6145 ) ;
#1469 =( LENGTH_UNIT ( ) NAMED_UNIT ( * ) SI_UNIT ( .MILLI., .METRE. ) );
#1470 = CARTESIAN_POINT ( 'NONE',  ( -2.295685976389368665, -12.70999999999999730, 1.295314370058009423 ) ) ;
#1471 = CARTESIAN_POINT ( 'NONE',  ( 0.9374620575545931089, -12.69999999999999751, 1.511888068654680728 ) ) ;
#1472 = ORIENTED_EDGE ( 'NONE', *, *, #1326, .T. ) ;
#1473 = CARTESIAN_POINT ( 'NONE',  ( -1.225655433392526916, -12.69999999999999751, 2.389444423432443010 ) ) ;
#1474 = CARTESIAN_POINT ( 'NONE',  ( 2.863093718571758206, -12.70999999999999730, 1.085587322965344104 ) ) ;
#1475 = EDGE_CURVE ( 'NONE', #7667, #3284, #373, .T. ) ;
#1476 = EDGE_CURVE ( 'NONE', #7360, #298, #2334, .T. ) ;
#1477 = AXIS2_PLACEMENT_3D ( 'NONE', #8255, #751, #2743 ) ;
#1478 = ORIENTED_EDGE ( 'NONE', *, *, #877, .F. ) ;
#1479 = PLANE ( 'NONE',  #12200 ) ;
#1480 = ORIENTED_EDGE ( 'NONE', *, *, #10190, .F. ) ;
#1481 = B_SPLINE_CURVE_WITH_KNOTS ( 'NONE', 3,
 ( #3283, #6213, #1535, #4104 ),
 .UNSPECIFIED., .F., .F.,
 ( 4, 4 ),
 ( 5.000000000000000000, 6.000000000000000000 ),
 .UNSPECIFIED. ) ;
#1482 =( NAMED_UNIT ( * ) SI_UNIT ( $, .STERADIAN. ) SOLID_ANGLE_UNIT ( ) );
#1483 = MECHANICAL_DESIGN_GEOMETRIC_PRESENTATION_REPRESENTATION (  '', ( #6769 ), #7184 ) ;
#1484 = CARTESIAN_POINT ( 'NONE',  ( 0.2838009141642797162, -12.70999999999999730, 2.492379783742445287 ) ) ;
#1485 = UNCERTAINTY_MEASURE_WITH_UNIT (LENGTH_MEASURE( 1.000000000000000082E-05 ), #6927, 'distance_accuracy_value', 'NONE');
#1486 = DIRECTION ( 'NONE',  ( -0.000000000000000000, -0.000000000000000000, 1.000000000000000000 ) ) ;
#1487 = B_SPLINE_SURFACE_WITH_KNOTS ( 'NONE', 3, 1, ( 
 ( #255, #2687 ),
 ( #11940, #5524 ),
 ( #10040, #4492 ),
 ( #8063, #1724 ) ),
 .UNSPECIFIED., .F., .F., .F.,
 ( 4, 4 ),
 ( 2, 2 ),
 ( 0.000000000000000000, 1.000000000000000000 ),
 ( 0.000000000000000000, 1.000000000000000000 ),
 .UNSPECIFIED. ) ;
#1488 = ADVANCED_FACE ( 'NONE', ( #7093, #5125 ), #8764, .F. ) ;
#1489 = DIRECTION ( 'NONE',  ( -0.000000000000000000, -0.000000000000000000, 1.000000000000000000 ) ) ;
#1490 = FILL_AREA_STYLE ('',( #9935 ) ) ;
#1491 = FACE_BOUND ( 'NONE', #3479, .T. ) ;
#1492 = FILL_AREA_STYLE_COLOUR ( '', #3363 ) ;
#1493 = ORIENTED_EDGE ( 'NONE', *, *, #1442, .T. ) ;
#1494 = MECHANICAL_DESIGN_GEOMETRIC_PRESENTATION_REPRESENTATION (  '', ( #294 ), #3029 ) ;
#1495 = DIRECTION ( 'NONE',  ( -0.3416038306815477599, 0.000000000000000000, 0.9398440417769814426 ) ) ;
#1496 =( NAMED_UNIT ( * ) PLANE_ANGLE_UNIT ( ) SI_UNIT ( $, .RADIAN. ) );
#1497 = SURFACE_SIDE_STYLE ('',( #7099 ) ) ;
#1498 = ORIENTED_EDGE ( 'NONE', *, *, #10970, .F. ) ;
#1499 = CARTESIAN_POINT ( 'NONE',  ( 1.055301288070226162, -12.70999999999999730, 1.297351351920866147 ) ) ;
#1500 = ADVANCED_FACE ( 'NONE', ( #7948 ), #6891, .T. ) ;
#1501 = FILL_AREA_STYLE_COLOUR ( '', #644 ) ;
#1502 = CARTESIAN_POINT ( 'NONE',  ( 0.8877269705563358704, -12.69999999999999751, 1.505996107126357897 ) ) ;
#1503 = ORIENTED_EDGE ( 'NONE', *, *, #2296, .F. ) ;
#1504 = CARTESIAN_POINT ( 'NONE',  ( 0.8963916198606550756, -12.69999999999999751, 1.143467180305729691 ) ) ;
#1505 = LINE ( 'NONE', #9893, #4436 ) ;
#1506 = EDGE_CURVE ( 'NONE', #949, #301, #2639, .T. ) ;
#1507 = CARTESIAN_POINT ( 'NONE',  ( 0.9227321537406988350, -12.69999999999999751, 2.466385835831798712 ) ) ;
#1508 = SURFACE_SIDE_STYLE ('',( #2422 ) ) ;
#1509 = ORIENTED_EDGE ( 'NONE', *, *, #10129, .F. ) ;
#1510 = FACE_OUTER_BOUND ( 'NONE', #11081, .T. ) ;
#1511 = CARTESIAN_POINT ( 'NONE',  ( 2.470585105165786111, -12.69999999999999751, 1.085587322965344104 ) ) ;
#1512 = EDGE_LOOP ( 'NONE', ( #3307, #1521, #3325, #8995 ) ) ;
#1513 = FACE_OUTER_BOUND ( 'NONE', #3860, .T. ) ;
#1514 = ORIENTED_EDGE ( 'NONE', *, *, #9440, .T. ) ;
#1515 =( NAMED_UNIT ( * ) PLANE_ANGLE_UNIT ( ) SI_UNIT ( $, .RADIAN. ) );
#1516 = VERTEX_POINT ( 'NONE', #1681 ) ;
#1517 =( LENGTH_UNIT ( ) NAMED_UNIT ( * ) SI_UNIT ( .MILLI., .METRE. ) );
#1518 = CARTESIAN_POINT ( 'NONE',  ( 0.7567174731018385669, -12.70999999999999730, 1.190256286537488384 ) ) ;
#1519 = ADVANCED_FACE ( 'NONE', ( #3622 ), #10173, .T. ) ;
#1520 = AXIS2_PLACEMENT_3D ( 'NONE', #1826, #11121, #1695 ) ;
#1521 = ORIENTED_EDGE ( 'NONE', *, *, #3656, .T. ) ;
#1522 = VERTEX_POINT ( 'NONE', #12130 ) ;
#1523 = DIRECTION ( 'NONE',  ( 0.9409537876827095415, 0.000000000000000000, -0.3385350342956582326 ) ) ;
#1525 = ORIENTED_EDGE ( 'NONE', *, *, #5344, .T. ) ;
#1524 = DIRECTION ( 'NONE',  ( 1.000000000000000000, -0.000000000000000000, -0.000000000000000000 ) ) ;
#1526 = CARTESIAN_POINT ( 'NONE',  ( 1.917433893687110924, -12.70999999999999730, 2.161043594408120772 ) ) ;
#1527 = CARTESIAN_POINT ( 'NONE',  ( -3.621174262048271864, -12.69999999999999751, 1.324234039920944239 ) ) ;
#1528 = VERTEX_POINT ( 'NONE', #8198 ) ;
#1529 = ADVANCED_FACE ( 'NONE', ( #9198 ), #2756, .F. ) ;
#1530 = PLANE ( 'NONE',  #5218 ) ;
#1531 = CARTESIAN_POINT ( 'NONE',  ( 0.5915692573922514130, -12.69999999999999751, 2.227588101050506086 ) ) ;
#1532 = CARTESIAN_POINT ( 'NONE',  ( -2.782501583604617412, -12.70999999999999730, 2.268945768346066316 ) ) ;
#1533 = CARTESIAN_POINT ( 'NONE',  ( 0.5567373671960460513, -12.70999999999999730, 1.328544089411771933 ) ) ;
#1534 = SURFACE_SIDE_STYLE ('',( #7074 ) ) ;
#1535 = CARTESIAN_POINT ( 'NONE',  ( 0.7652088294180016126, -12.69999999999999751, 1.383651258973846776 ) ) ;
#1536 = VERTEX_POINT ( 'NONE', #182 ) ;
#1537 = VECTOR ( 'NONE', #11926, 1000.000000000000000 ) ;
#1538 = FACE_OUTER_BOUND ( 'NONE', #10660, .T. ) ;
#1539 =( NAMED_UNIT ( * ) SI_UNIT ( $, .STERADIAN. ) SOLID_ANGLE_UNIT ( ) );
#1540 = VERTEX_POINT ( 'NONE', #7634 ) ;
#1541 = CARTESIAN_POINT ( 'NONE',  ( 3.279690057048559648, -12.70999999999999730, 1.085587322965344104 ) ) ;
#1542 = ORIENTED_EDGE ( 'NONE', *, *, #152, .F. ) ;
#1543 =( GEOMETRIC_REPRESENTATION_CONTEXT ( 3 ) GLOBAL_UNCERTAINTY_ASSIGNED_CONTEXT ( ( #11385 ) ) GLOBAL_UNIT_ASSIGNED_CONTEXT ( ( #3442, #1631, #1077 ) ) REPRESENTATION_CONTEXT ( 'NONE', 'WORKASPACE' ) );
#1544 = UNCERTAINTY_MEASURE_WITH_UNIT (LENGTH_MEASURE( 1.000000000000000082E-05 ), #4039, 'distance_accuracy_value', 'NONE');
#1545 = SURFACE_STYLE_FILL_AREA ( #3293 ) ;
#1546 = ADVANCED_FACE ( 'NONE', ( #2812 ), #10360, .F. ) ;
#1547 = MECHANICAL_DESIGN_GEOMETRIC_PRESENTATION_REPRESENTATION (  '', ( #7047 ), #2129 ) ;
#1548 = CARTESIAN_POINT ( 'NONE',  ( 0.8447503100156967815, -12.70999999999999730, 1.446729905899129198 ) ) ;
#1549 =( LENGTH_UNIT ( ) NAMED_UNIT ( * ) SI_UNIT ( .MILLI., .METRE. ) );
#1550 = STYLED_ITEM ( 'NONE', ( #9411 ), #9917 ) ;
#1551 = LINE ( 'NONE', #8196, #1215 ) ;
#1552 =( NAMED_UNIT ( * ) PLANE_ANGLE_UNIT ( ) SI_UNIT ( $, .RADIAN. ) );
#1553 =( NAMED_UNIT ( * ) SI_UNIT ( $, .STERADIAN. ) SOLID_ANGLE_UNIT ( ) );
#1554 = CARTESIAN_POINT ( 'NONE',  ( -3.519955003823156847, -12.70999999999999730, 1.859249403353907093 ) ) ;
#1555 = CARTESIAN_POINT ( 'NONE',  ( 2.611992181780864897, -12.69999999999999751, 1.579125747240496702 ) ) ;
#1556 = AXIS2_PLACEMENT_3D ( 'NONE', #6417, #11032, #2807 ) ;
#1557 = SURFACE_STYLE_FILL_AREA ( #9020 ) ;
#1558 = STYLED_ITEM ( 'NONE', ( #7829 ), #10213 ) ;
#1559 = PRESENTATION_LAYER_ASSIGNMENT (  '', '', ( #8243 ) ) ;
#1560 = DIRECTION ( 'NONE',  ( 0.000000000000000000, 0.000000000000000000, -1.000000000000000000 ) ) ;
#1561 = B_SPLINE_CURVE_WITH_KNOTS ( 'NONE', 3,
 ( #3237, #6171, #443, #4314 ),
 .UNSPECIFIED., .F., .F.,
 ( 4, 4 ),
 ( 12.00000000000000000, 13.00000000000000000 ),
 .UNSPECIFIED. ) ;
#1562 =( NAMED_UNIT ( * ) SI_UNIT ( $, .STERADIAN. ) SOLID_ANGLE_UNIT ( ) );
#1563 = COLOUR_RGB ( '',1.000000000000000000, 1.000000000000000000, 1.000000000000000000 ) ;
#1564 = CARTESIAN_POINT ( 'NONE',  ( 0.9965549657982581966, -12.70999999999999730, 1.208971929032973902 ) ) ;
#1565 = PRESENTATION_STYLE_ASSIGNMENT (( #11908 ) ) ;
#1566 = FILL_AREA_STYLE_COLOUR ( '', #2586 ) ;
#1567 = CARTESIAN_POINT ( 'NONE',  ( -1.047317162782429367, -12.70999999999999730, 1.753210123538929910 ) ) ;
#1568 = CARTESIAN_POINT ( 'NONE',  ( 2.363316746801205070, -12.69999999999999751, 1.085587322965344104 ) ) ;
#1569 = AXIS2_PLACEMENT_3D ( 'NONE', #10641, #286, #3091 ) ;
#1570 = STYLED_ITEM ( 'NONE', ( #5437 ), #11621 ) ;
#1571 = ORIENTED_EDGE ( 'NONE', *, *, #573, .T. ) ;
#1572 = COLOUR_RGB ( '',1.000000000000000000, 1.000000000000000000, 1.000000000000000000 ) ;
#1573 =( NAMED_UNIT ( * ) PLANE_ANGLE_UNIT ( ) SI_UNIT ( $, .RADIAN. ) );
#1574 = SURFACE_SIDE_STYLE ('',( #5264 ) ) ;
#1575 = CARTESIAN_POINT ( 'NONE',  ( 1.199827638437622745, -12.69999999999999751, 2.238332266187401220 ) ) ;
#1576 = VERTEX_POINT ( 'NONE', #2927 ) ;
#1577 = ORIENTED_EDGE ( 'NONE', *, *, #10124, .T. ) ;
#1578 = ADVANCED_FACE ( 'NONE', ( #10552 ), #10714, .F. ) ;
#1579 = DIRECTION ( 'NONE',  ( -1.000000000000000000, 0.000000000000000000, -0.000000000000000000 ) ) ;
#1580 = EDGE_LOOP ( 'NONE', ( #7482, #9310, #11398, #10309 ) ) ;
#1581 = CARTESIAN_POINT ( 'NONE',  ( 2.264366451762265697, -12.70999999999999730, 1.685527640680425820 ) ) ;
#1582 = CARTESIAN_POINT ( 'NONE',  ( 2.728791654385999799, -12.69999999999999751, 1.433213052983943303 ) ) ;
#1583 = FACE_OUTER_BOUND ( 'NONE', #11300, .T. ) ;
#1584 = VERTEX_POINT ( 'NONE', #3800 ) ;
#1585 = CARTESIAN_POINT ( 'NONE',  ( 3.057355155937389046, -12.70999999999999730, 1.629380713198598674 ) ) ;
#1586 = CARTESIAN_POINT ( 'NONE',  ( 0.6416509303622062177, -12.70999999999999730, 1.397168111884435238 ) ) ;
#1587 = FACE_OUTER_BOUND ( 'NONE', #7942, .T. ) ;
#1588 = CARTESIAN_POINT ( 'NONE',  ( 2.048789977113333549, -12.70999999999999730, 1.085587322965344104 ) ) ;
#1589 = SURFACE_STYLE_USAGE ( .BOTH. , #4663 ) ;
#1590 = ORIENTED_EDGE ( 'NONE', *, *, #12098, .F. ) ;
#1591 = ADVANCED_FACE ( 'NONE', ( #7581 ), #8440, .F. ) ;
#1592 = MECHANICAL_DESIGN_GEOMETRIC_PRESENTATION_REPRESENTATION (  '', ( #6879 ), #3739 ) ;
#1593 =( LENGTH_UNIT ( ) NAMED_UNIT ( * ) SI_UNIT ( .MILLI., .METRE. ) );
#1594 = CARTESIAN_POINT ( 'NONE',  ( 1.193589090939889408, -12.69999999999999751, 0.9303168074587356839 ) ) ;
#1595 = CARTESIAN_POINT ( 'NONE',  ( 1.261346648487901012, -12.70999999999999730, 0.9528448956476549547 ) ) ;
#1596 = ORIENTED_EDGE ( 'NONE', *, *, #4679, .F. ) ;
#1597 =( NAMED_UNIT ( * ) SI_UNIT ( $, .STERADIAN. ) SOLID_ANGLE_UNIT ( ) );
#1598 = ORIENTED_EDGE ( 'NONE', *, *, #6611, .F. ) ;
#1599 = B_SPLINE_CURVE_WITH_KNOTS ( 'NONE', 3,
 ( #4052, #2162, #6761, #5778 ),
 .UNSPECIFIED., .F., .F.,
 ( 4, 4 ),
 ( 5.000000000000000000, 6.000000000000000000 ),
 .UNSPECIFIED. ) ;
#1600 = CARTESIAN_POINT ( 'NONE',  ( 2.728791654385999799, -12.70999999999999730, 1.433213052983943303 ) ) ;
#1601 = EDGE_CURVE ( 'NONE', #9976, #11632, #2320, .T. ) ;
#1602 = MECHANICAL_DESIGN_GEOMETRIC_PRESENTATION_REPRESENTATION (  '', ( #7505 ), #10462 ) ;
#1603 =( NAMED_UNIT ( * ) PLANE_ANGLE_UNIT ( ) SI_UNIT ( $, .RADIAN. ) );
#1604 = ORIENTED_EDGE ( 'NONE', *, *, #7565, .F. ) ;
#1605 = VECTOR ( 'NONE', #5058, 1000.000000000000000 ) ;
#1606 = PLANE ( 'NONE',  #9431 ) ;
#1607 = CARTESIAN_POINT ( 'NONE',  ( 0.5388881896321431331, -12.69999999999999751, 2.850403092926218296 ) ) ;
#1608 = ORIENTED_EDGE ( 'NONE', *, *, #2173, .T. ) ;
#1609 = ORIENTED_EDGE ( 'NONE', *, *, #6552, .F. ) ;
#1610 = STYLED_ITEM ( 'NONE', ( #10772 ), #5922 ) ;
#1611 = SURFACE_STYLE_USAGE ( .BOTH. , #2515 ) ;
#1612 = DIRECTION ( 'NONE',  ( -0.000000000000000000, 1.000000000000000000, -0.000000000000000000 ) ) ;
#1613 = VECTOR ( 'NONE', #1229, 1000.000000000000000 ) ;
#1614 = CARTESIAN_POINT ( 'NONE',  ( -3.004219634811589490, -12.70999999999999730, 2.630442285191726182 ) ) ;
#1615 = MECHANICAL_DESIGN_GEOMETRIC_PRESENTATION_REPRESENTATION (  '', ( #11439 ), #7896 ) ;
#1616 = FILL_AREA_STYLE_COLOUR ( '', #3078 ) ;
#1617 = MECHANICAL_DESIGN_GEOMETRIC_PRESENTATION_REPRESENTATION (  '', ( #17 ), #11057 ) ;
#1618 = PRESENTATION_STYLE_ASSIGNMENT (( #12127 ) ) ;
#1619 = VECTOR ( 'NONE', #10004, 1000.000000000000000 ) ;
#1620 = LINE ( 'NONE', #4742, #9484 ) ;
#1621 = CARTESIAN_POINT ( 'NONE',  ( -1.423273790357425961, -12.69999999999999751, 2.129166751113926281 ) ) ;
#1622 = DIRECTION ( 'NONE',  ( 1.000000000000000000, 0.000000000000000000, 0.000000000000000000 ) ) ;
#1623 = EDGE_LOOP ( 'NONE', ( #8185, #8548, #3018, #2434 ) ) ;
#1624 = CARTESIAN_POINT ( 'NONE',  ( -3.037959280299975084, -12.70999999999999730, 2.341245126877084637 ) ) ;
#1625 = UNCERTAINTY_MEASURE_WITH_UNIT (LENGTH_MEASURE( 1.000000000000000082E-05 ), #9044, 'distance_accuracy_value', 'NONE');
#1626 = ADVANCED_FACE ( 'NONE', ( #733 ), #7752, .T. ) ;
#1627 = CARTESIAN_POINT ( 'NONE',  ( -2.295685976389368665, -12.69999999999999751, 0.9820171497631016155 ) ) ;
#1628 = ORIENTED_EDGE ( 'NONE', *, *, #2015, .F. ) ;
#1629 = MECHANICAL_DESIGN_GEOMETRIC_PRESENTATION_REPRESENTATION (  '', ( #1047 ), #8908 ) ;
#1630 = AXIS2_PLACEMENT_3D ( 'NONE', #11719, #2347, #11664 ) ;
#1631 =( NAMED_UNIT ( * ) PLANE_ANGLE_UNIT ( ) SI_UNIT ( $, .RADIAN. ) );
#1632 =( GEOMETRIC_REPRESENTATION_CONTEXT ( 3 ) GLOBAL_UNCERTAINTY_ASSIGNED_CONTEXT ( ( #11150 ) ) GLOBAL_UNIT_ASSIGNED_CONTEXT ( ( #5256, #5015, #1319 ) ) REPRESENTATION_CONTEXT ( 'NONE', 'WORKASPACE' ) );
#1633 = SURFACE_STYLE_USAGE ( .BOTH. , #10058 ) ;
#1634 = EDGE_CURVE ( 'NONE', #5968, #2484, #10605, .T. ) ;
#1635 = SURFACE_STYLE_USAGE ( .BOTH. , #3445 ) ;
#1636 = ORIENTED_EDGE ( 'NONE', *, *, #2141, .F. ) ;
#1637 =( GEOMETRIC_REPRESENTATION_CONTEXT ( 3 ) GLOBAL_UNCERTAINTY_ASSIGNED_CONTEXT ( ( #8010 ) ) GLOBAL_UNIT_ASSIGNED_CONTEXT ( ( #11286, #8521, #3936 ) ) REPRESENTATION_CONTEXT ( 'NONE', 'WORKASPACE' ) );
#1638 = SURFACE_STYLE_FILL_AREA ( #9157 ) ;
#1639 = SURFACE_STYLE_USAGE ( .BOTH. , #1816 ) ;
#1640 = SURFACE_STYLE_FILL_AREA ( #6975 ) ;
#1641 = DIRECTION ( 'NONE',  ( -1.000000000000000000, -0.000000000000000000, -0.000000000000000000 ) ) ;
#1642 = CARTESIAN_POINT ( 'NONE',  ( 0.2999171618649956184, -12.70999999999999730, 1.453315039366249062 ) ) ;
#1643 = STYLED_ITEM ( 'NONE', ( #153 ), #6900 ) ;
#1644 = EDGE_CURVE ( 'NONE', #7002, #4246, #5894, .T. ) ;
#1645 = FILL_AREA_STYLE ('',( #3324 ) ) ;
#1646 = CARTESIAN_POINT ( 'NONE',  ( 0.7572373520594096741, -12.70999999999999730, 1.439105014512265912 ) ) ;
#1647 = SURFACE_SIDE_STYLE ('',( #2717 ) ) ;
#1648 =( NAMED_UNIT ( * ) PLANE_ANGLE_UNIT ( ) SI_UNIT ( $, .RADIAN. ) );
#1649 = STYLED_ITEM ( 'NONE', ( #1281 ), #7092 ) ;
#1650 =( NAMED_UNIT ( * ) PLANE_ANGLE_UNIT ( ) SI_UNIT ( $, .RADIAN. ) );
#1651 =( NAMED_UNIT ( * ) SI_UNIT ( $, .STERADIAN. ) SOLID_ANGLE_UNIT ( ) );
#1652 = VERTEX_POINT ( 'NONE', #353 ) ;
#1653 = CARTESIAN_POINT ( 'NONE',  ( 0.5245048717899720714, -12.69999999999999751, 2.227588101050506086 ) ) ;
#1655 = ORIENTED_EDGE ( 'NONE', *, *, #4045, .F. ) ;
#1654 = CARTESIAN_POINT ( 'NONE',  ( 0.9457801208848780616, -12.69999999999999751, 1.580858677103661680 ) ) ;
#1656 = SURFACE_SIDE_STYLE ('',( #7316 ) ) ;
#1657 = FACE_OUTER_BOUND ( 'NONE', #2601, .T. ) ;
#1658 = SURFACE_STYLE_USAGE ( .BOTH. , #7320 ) ;
#1659 = PRESENTATION_LAYER_ASSIGNMENT (  '', '', ( #4609 ) ) ;
#1660 = CARTESIAN_POINT ( 'NONE',  ( 1.083721337782844074, -12.69999999999999751, 1.172926987933466281 ) ) ;
#1661 = VERTEX_POINT ( 'NONE', #4110 ) ;
#1662 = VERTEX_POINT ( 'NONE', #11639 ) ;
#1663 = EDGE_CURVE ( 'NONE', #2097, #10014, #429, .T. ) ;
#1664 = DIRECTION ( 'NONE',  ( -1.000000000000000000, 0.000000000000000000, 0.000000000000000000 ) ) ;
#1665 = VERTEX_POINT ( 'NONE', #9412 ) ;
#1666 =( NAMED_UNIT ( * ) SI_UNIT ( $, .STERADIAN. ) SOLID_ANGLE_UNIT ( ) );
#1667 = CARTESIAN_POINT ( 'NONE',  ( 0.8927524671530719935, -12.70999999999999730, 1.580858677103661680 ) ) ;
#1668 = ORIENTED_EDGE ( 'NONE', *, *, #546, .F. ) ;
#1669 = SURFACE_STYLE_FILL_AREA ( #7509 ) ;
#1670 = EDGE_LOOP ( 'NONE', ( #11218, #10900, #8328, #9121 ) ) ;
#1671 = STYLED_ITEM ( 'NONE', ( #6472 ), #7504 ) ;
#1672 =( LENGTH_UNIT ( ) NAMED_UNIT ( * ) SI_UNIT ( .MILLI., .METRE. ) );
#1673 = ADVANCED_FACE ( 'NONE', ( #11078, #1843 ), #10394, .F. ) ;
#1674 = VERTEX_POINT ( 'NONE', #4539 ) ;
#1675 =( LENGTH_UNIT ( ) NAMED_UNIT ( * ) SI_UNIT ( .MILLI., .METRE. ) );
#1676 = ORIENTED_EDGE ( 'NONE', *, *, #2418, .T. ) ;
#1677 = EDGE_CURVE ( 'NONE', #10015, #7000, #12054, .T. ) ;
#1678 = FILL_AREA_STYLE ('',( #10104 ) ) ;
#1679 = COLOUR_RGB ( '',1.000000000000000000, 1.000000000000000000, 1.000000000000000000 ) ;
#1680 = CARTESIAN_POINT ( 'NONE',  ( 2.430727718372851509, -12.69999999999999751, 2.161043594408121216 ) ) ;
#1681 = CARTESIAN_POINT ( 'NONE',  ( 1.029134047176034183, -12.70999999999999730, 1.112621028786494159 ) ) ;
#1682 = COLOUR_RGB ( '',1.000000000000000000, 1.000000000000000000, 1.000000000000000000 ) ;
#1683 = ORIENTED_EDGE ( 'NONE', *, *, #4248, .T. ) ;
#1684 = FACE_OUTER_BOUND ( 'NONE', #1219, .T. ) ;
#1685 = EDGE_LOOP ( 'NONE', ( #6194, #2522, #3459, #7686 ) ) ;
#1686 = ORIENTED_EDGE ( 'NONE', *, *, #2441, .F. ) ;
#1687 = ADVANCED_FACE ( 'NONE', ( #9477 ), #4733, .F. ) ;
#1688 = DIRECTION ( 'NONE',  ( -0.000000000000000000, 1.000000000000000000, -0.000000000000000000 ) ) ;
#1689 = CARTESIAN_POINT ( 'NONE',  ( -2.782501675538016084, -12.70999999999999730, 1.430272952002306752 ) ) ;
#1690 = CARTESIAN_POINT ( 'NONE',  ( 1.029134047176034183, -12.69999999999999751, 1.112621028786494159 ) ) ;
#1691 = LINE ( 'NONE', #7294, #10339 ) ;
#1692 = PLANE ( 'NONE',  #6887 ) ;
#1693 = VECTOR ( 'NONE', #9319, 1000.000000000000000 ) ;
#1694 = CARTESIAN_POINT ( 'NONE',  ( 3.070525422880872490, -12.70999999999999730, 1.676862991373792022 ) ) ;
#1695 = DIRECTION ( 'NONE',  ( -0.3416038306902427490, 0.000000000000000000, 0.9398440417738210817 ) ) ;
#1696 = CARTESIAN_POINT ( 'NONE',  ( -2.416184815337920622, -12.70999999999999730, 1.570051969239089740 ) ) ;
#1697 = ORIENTED_EDGE ( 'NONE', *, *, #2402, .F. ) ;
#1698 = PLANE ( 'NONE',  #9306 ) ;
#1699 = CARTESIAN_POINT ( 'NONE',  ( 0.5567373671960460513, -12.70999999999999730, 1.328544089411771933 ) ) ;
#1700 = EDGE_CURVE ( 'NONE', #10076, #5388, #8679, .T. ) ;
#1701 = EDGE_CURVE ( 'NONE', #10153, #3165, #6617, .T. ) ;
#1702 = SURFACE_SIDE_STYLE ('',( #4467 ) ) ;
#1703 = SURFACE_STYLE_USAGE ( .BOTH. , #10134 ) ;
#1704 = PRESENTATION_STYLE_ASSIGNMENT (( #6387 ) ) ;
#1705 = ORIENTED_EDGE ( 'NONE', *, *, #11423, .T. ) ;
#1706 =( NAMED_UNIT ( * ) SI_UNIT ( $, .STERADIAN. ) SOLID_ANGLE_UNIT ( ) );
#1708 = VERTEX_POINT ( 'NONE', #10210 ) ;
#1707 = CARTESIAN_POINT ( 'NONE',  ( -2.946380111214339959, -12.69999999999999751, 2.341245126877084637 ) ) ;
#1709 = CARTESIAN_POINT ( 'NONE',  ( 1.513834529167924270, -12.69999999999999751, 2.238332266187399888 ) ) ;
#1710 = FILL_AREA_STYLE ('',( #5450 ) ) ;
#1711 = DIRECTION ( 'NONE',  ( -0.000000000000000000, -0.000000000000000000, -1.000000000000000000 ) ) ;
#1712 = FILL_AREA_STYLE_COLOUR ( '', #8564 ) ;
#1713 = VERTEX_POINT ( 'NONE', #1771 ) ;
#1714 = SURFACE_STYLE_FILL_AREA ( #9301 ) ;
#1715 = ORIENTED_EDGE ( 'NONE', *, *, #2111, .T. ) ;
#1716 = SURFACE_STYLE_FILL_AREA ( #8053 ) ;
#1717 = MECHANICAL_DESIGN_GEOMETRIC_PRESENTATION_REPRESENTATION (  '', ( #7608 ), #9196 ) ;
#1718 = LINE ( 'NONE', #12060, #3373 ) ;
#1719 = CARTESIAN_POINT ( 'NONE',  ( -3.597074337972709479, -12.70999999999999730, 2.399084328707441038 ) ) ;
#1720 = CARTESIAN_POINT ( 'NONE',  ( -1.225655433392526916, -12.70999999999999730, 2.389444423432443010 ) ) ;
#1721 = CARTESIAN_POINT ( 'NONE',  ( 2.014131379900668151, -12.70999999999999730, 2.161043594408120772 ) ) ;
#1722 = VERTEX_POINT ( 'NONE', #7439 ) ;
#1723 = LINE ( 'NONE', #7396, #7803 ) ;
#1724 = CARTESIAN_POINT ( 'NONE',  ( 0.6995307877048746459, -12.69999999999999751, 2.189117058149032236 ) ) ;
#1725 = PRESENTATION_LAYER_ASSIGNMENT (  '', '', ( #10587 ) ) ;
#1726 = ORIENTED_EDGE ( 'NONE', *, *, #10183, .T. ) ;
#1727 =( NAMED_UNIT ( * ) PLANE_ANGLE_UNIT ( ) SI_UNIT ( $, .RADIAN. ) );
#1728 = ADVANCED_FACE ( 'NONE', ( #2729 ), #2122, .T. ) ;
#1729 = SURFACE_SIDE_STYLE ('',( #3613 ) ) ;
#1730 = VERTEX_POINT ( 'NONE', #5806 ) ;
#1731 = CARTESIAN_POINT ( 'NONE',  ( 3.081096295027299536, -12.69999999999999751, 1.629380713198598674 ) ) ;
#1732 = MECHANICAL_DESIGN_GEOMETRIC_PRESENTATION_REPRESENTATION (  '', ( #11363 ), #8013 ) ;
#1733 = CARTESIAN_POINT ( 'NONE',  ( -18.60000000000000142, -9.249999999999996447, -4.000000000000000000 ) ) ;
#1734 = CARTESIAN_POINT ( 'NONE',  ( 1.349379485401758227, -12.69999999999999751, 1.205852655282963592 ) ) ;
#1735 = DIRECTION ( 'NONE',  ( -0.000000000000000000, 0.000000000000000000, 1.000000000000000000 ) ) ;
#1736 = EDGE_LOOP ( 'NONE', ( #3797, #11236, #8927, #2177 ) ) ;
#1737 = DIRECTION ( 'NONE',  ( 1.000000000000000000, -0.000000000000000000, -0.000000000000000000 ) ) ;
#1738 = FILL_AREA_STYLE ('',( #3566 ) ) ;
#1739 = ORIENTED_EDGE ( 'NONE', *, *, #9008, .F. ) ;
#1740 = DIRECTION ( 'NONE',  ( 1.457750820148578128E-16, 1.000000000000000000, 0.000000000000000000 ) ) ;
#1741 = CARTESIAN_POINT ( 'NONE',  ( 1.024281843567454553, -12.69999999999999751, 1.500104145602659589 ) ) ;
#1742 = VECTOR ( 'NONE', #7298, 1000.000000000000000 ) ;
#1743 = CARTESIAN_POINT ( 'NONE',  ( 1.165169041227267943, -12.70999999999999730, 2.466385835831798712 ) ) ;
#1744 = EDGE_CURVE ( 'NONE', #7169, #3593, #5868, .T. ) ;
#1745 = CARTESIAN_POINT ( 'NONE',  ( -22.05000000000000426, 11.90000000000000036, 20.69999999999999929 ) ) ;
#1746 = UNCERTAINTY_MEASURE_WITH_UNIT (LENGTH_MEASURE( 1.000000000000000082E-05 ), #4437, 'distance_accuracy_value', 'NONE');
#1747 = CARTESIAN_POINT ( 'NONE',  ( 0.1559106904551700312, -12.70999999999999730, 1.763509484403121608 ) ) ;
#1748 = B_SPLINE_CURVE_WITH_KNOTS ( 'NONE', 3,
 ( #3816, #11292, #5492, #839 ),
 .UNSPECIFIED., .F., .F.,
 ( 4, 4 ),
 ( 1.000000000000000000, 2.000000000000000000 ),
 .UNSPECIFIED. ) ;
#1749 = DIRECTION ( 'NONE',  ( 1.000000000000000000, -6.505213034913037648E-15, 0.000000000000000000 ) ) ;
#1750 = SURFACE_STYLE_USAGE ( .BOTH. , #6435 ) ;
#1751 = B_SPLINE_CURVE_WITH_KNOTS ( 'NONE', 3,
 ( #12163, #5579, #4847, #7609 ),
 .UNSPECIFIED., .F., .F.,
 ( 4, 4 ),
 ( 15.00000000000000000, 16.00000000000000000 ),
 .UNSPECIFIED. ) ;
#1752 = DIRECTION ( 'NONE',  ( -0.000000000000000000, 1.000000000000000000, -0.000000000000000000 ) ) ;
#1753 = SURFACE_STYLE_USAGE ( .BOTH. , #10189 ) ;
#1754 = CARTESIAN_POINT ( 'NONE',  ( 0.6995307877048747569, -12.70999999999999730, 2.189117058149032236 ) ) ;
#1755 = PRESENTATION_LAYER_ASSIGNMENT (  '', '', ( #5286 ) ) ;
#1756 = COLOUR_RGB ( '',1.000000000000000000, 1.000000000000000000, 1.000000000000000000 ) ;
#1757 = COLOUR_RGB ( '',1.000000000000000000, 1.000000000000000000, 1.000000000000000000 ) ;
#1758 = VERTEX_POINT ( 'NONE', #1157 ) ;
#1759 = ORIENTED_EDGE ( 'NONE', *, *, #2961, .T. ) ;
#1760 = CARTESIAN_POINT ( 'NONE',  ( 1.184404562680328565, -12.70999999999999730, 2.760983912123202266 ) ) ;
#1761 =( NAMED_UNIT ( * ) PLANE_ANGLE_UNIT ( ) SI_UNIT ( $, .RADIAN. ) );
#1762 = FILL_AREA_STYLE ('',( #2608 ) ) ;
#1763 = STYLED_ITEM ( 'NONE', ( #9425 ), #10409 ) ;
#1764 = STYLED_ITEM ( 'NONE', ( #3058 ), #11800 ) ;
#1765 = FILL_AREA_STYLE_COLOUR ( '', #2192 ) ;
#1766 = VERTEX_POINT ( 'NONE', #8722 ) ;
#1767 = MECHANICAL_DESIGN_GEOMETRIC_PRESENTATION_REPRESENTATION (  '', ( #11206 ), #5485 ) ;
#1768 = DIRECTION ( 'NONE',  ( -0.000000000000000000, 1.000000000000000000, -0.000000000000000000 ) ) ;
#1769 = CARTESIAN_POINT ( 'NONE',  ( -2.295685976389368665, -12.70999999999999730, 1.247114797702457700 ) ) ;
#1770 = CARTESIAN_POINT ( 'NONE',  ( -0.7484797774236003898, -12.70999999999999730, 1.758030191093176597 ) ) ;
#1771 = CARTESIAN_POINT ( 'NONE',  ( 0.1559106904551700312, -12.70999999999999730, 1.685527640680425820 ) ) ;
#1772 = PLANE ( 'NONE',  #9455 ) ;
#1773 = MECHANICAL_DESIGN_GEOMETRIC_PRESENTATION_REPRESENTATION (  '', ( #374 ), #8455 ) ;
#1774 = EDGE_CURVE ( 'NONE', #7894, #7026, #10460, .T. ) ;
#1775 = EDGE_CURVE ( 'NONE', #12065, #3452, #1102, .T. ) ;
#1776 = SURFACE_STYLE_FILL_AREA ( #7443 ) ;
#1777 = ORIENTED_EDGE ( 'NONE', *, *, #5169, .F. ) ;
#1778 = DIRECTION ( 'NONE',  ( -0.000000000000000000, 1.000000000000000000, -0.000000000000000000 ) ) ;
#1779 = VERTEX_POINT ( 'NONE', #11536 ) ;
#1780 = FILL_AREA_STYLE ('',( #861 ) ) ;
#1781 = CARTESIAN_POINT ( 'NONE',  ( 1.193589090939889408, -12.70999999999999730, 0.9303168074587356839 ) ) ;
#1782 = LINE ( 'NONE', #3729, #11047 ) ;
#1783 = SURFACE_STYLE_USAGE ( .BOTH. , #4673 ) ;
#1784 = ORIENTED_EDGE ( 'NONE', *, *, #11129, .F. ) ;
#1785 = B_SPLINE_CURVE_WITH_KNOTS ( 'NONE', 3,
 ( #5204, #389, #4136, #6974 ),
 .UNSPECIFIED., .F., .F.,
 ( 4, 4 ),
 ( 16.00000000000000000, 17.00000000000000000 ),
 .UNSPECIFIED. ) ;
#1786 = ADVANCED_FACE ( 'NONE', ( #6916 ), #8779, .F. ) ;
#1787 = CARTESIAN_POINT ( 'NONE',  ( -3.597074337972709479, -12.70999999999999730, 2.399084328707441038 ) ) ;
#1788 = AXIS2_PLACEMENT_3D ( 'NONE', #10561, #1924, #2991 ) ;
#1789 = ORIENTED_EDGE ( 'NONE', *, *, #875, .F. ) ;
#1790 = UNCERTAINTY_MEASURE_WITH_UNIT (LENGTH_MEASURE( 1.000000000000000082E-05 ), #10646, 'distance_accuracy_value', 'NONE');
#1791 = CARTESIAN_POINT ( 'NONE',  ( 2.219483568374898574, -12.70999999999999730, 2.752319262821193213 ) ) ;
#1792 = EDGE_CURVE ( 'NONE', #8291, #566, #9868, .T. ) ;
#1793 =( NAMED_UNIT ( * ) PLANE_ANGLE_UNIT ( ) SI_UNIT ( $, .RADIAN. ) );
#1794 = EDGE_LOOP ( 'NONE', ( #5114, #1373, #7236, #1726 ) ) ;
#1795 =( LENGTH_UNIT ( ) NAMED_UNIT ( * ) SI_UNIT ( .MILLI., .METRE. ) );
#1796 = FACE_OUTER_BOUND ( 'NONE', #397, .T. ) ;
#1797 =( GEOMETRIC_REPRESENTATION_CONTEXT ( 3 ) GLOBAL_UNCERTAINTY_ASSIGNED_CONTEXT ( ( #7775 ) ) GLOBAL_UNIT_ASSIGNED_CONTEXT ( ( #2154, #180, #9443 ) ) REPRESENTATION_CONTEXT ( 'NONE', 'WORKASPACE' ) );
#1798 = LINE ( 'NONE', #10172, #9274 ) ;
#1799 = VECTOR ( 'NONE', #5184, 1000.000000000000000 ) ;
#1800 = PRESENTATION_STYLE_ASSIGNMENT (( #2582 ) ) ;
#1801 = VECTOR ( 'NONE', #8662, 1000.000000000000000 ) ;
#1802 = CARTESIAN_POINT ( 'NONE',  ( 0.1559106904551700312, -12.70999999999999730, 1.685527640680425820 ) ) ;
#1803 =( NAMED_UNIT ( * ) SI_UNIT ( $, .STERADIAN. ) SOLID_ANGLE_UNIT ( ) );
#1804 = DIRECTION ( 'NONE',  ( -0.000000000000000000, 1.000000000000000000, -0.000000000000000000 ) ) ;
#1805 = VERTEX_POINT ( 'NONE', #6738 ) ;
#1806 = CARTESIAN_POINT ( 'NONE',  ( 0.9833846988593942795, -12.69999999999999751, 1.511888068654680728 ) ) ;
#1807 =( GEOMETRIC_REPRESENTATION_CONTEXT ( 3 ) GLOBAL_UNCERTAINTY_ASSIGNED_CONTEXT ( ( #502 ) ) GLOBAL_UNIT_ASSIGNED_CONTEXT ( ( #3661, #6404, #10285 ) ) REPRESENTATION_CONTEXT ( 'NONE', 'WORKASPACE' ) );
#1808 = COLOUR_RGB ( '',1.000000000000000000, 1.000000000000000000, 1.000000000000000000 ) ;
#1810 = EDGE_CURVE ( 'NONE', #9763, #9952, #8659, .T. ) ;
#1809 = SPHERICAL_SURFACE ( 'NONE', #5740, 0.8000000000000000444 ) ;
#1811 = VECTOR ( 'NONE', #3406, 1000.000000000000000 ) ;
#1812 =( LENGTH_UNIT ( ) NAMED_UNIT ( * ) SI_UNIT ( .MILLI., .METRE. ) );
#1813 = VECTOR ( 'NONE', #3892, 1000.000000000000000 ) ;
#1814 = EDGE_LOOP ( 'NONE', ( #3074, #4650, #6759, #3853 ) ) ;
#1815 =( LENGTH_UNIT ( ) NAMED_UNIT ( * ) SI_UNIT ( .MILLI., .METRE. ) );
#1816 = SURFACE_SIDE_STYLE ('',( #9336 ) ) ;
#1817 = FACE_OUTER_BOUND ( 'NONE', #7776, .T. ) ;
#1818 =( GEOMETRIC_REPRESENTATION_CONTEXT ( 3 ) GLOBAL_UNCERTAINTY_ASSIGNED_CONTEXT ( ( #3675 ) ) GLOBAL_UNIT_ASSIGNED_CONTEXT ( ( #10575, #11427, #80 ) ) REPRESENTATION_CONTEXT ( 'NONE', 'WORKASPACE' ) );
#1819 = VECTOR ( 'NONE', #11362, 1000.000000000000000 ) ;
#1820 = CARTESIAN_POINT ( 'NONE',  ( 0.9457801208848780616, -12.69999999999999751, 1.360083412869804054 ) ) ;
#1821 = CARTESIAN_POINT ( 'NONE',  ( 0.4962581150632007776, -12.70999999999999730, 1.156984033216291285 ) ) ;
#1822 = MECHANICAL_DESIGN_GEOMETRIC_PRESENTATION_REPRESENTATION (  '', ( #3766 ), #8697 ) ;
#1823 =( GEOMETRIC_REPRESENTATION_CONTEXT ( 3 ) GLOBAL_UNCERTAINTY_ASSIGNED_CONTEXT ( ( #1139 ) ) GLOBAL_UNIT_ASSIGNED_CONTEXT ( ( #5862, #8536, #7604 ) ) REPRESENTATION_CONTEXT ( 'NONE', 'WORKASPACE' ) );
#1824 = ADVANCED_FACE ( 'NONE', ( #656 ), #2424, .F. ) ;
#1825 = COLOUR_RGB ( '',1.000000000000000000, 1.000000000000000000, 1.000000000000000000 ) ;
#1826 = CARTESIAN_POINT ( 'NONE',  ( 3.183512449787953891, -12.70999999999999730, 1.347606317874361359 ) ) ;
#1827 = SURFACE_STYLE_USAGE ( .BOTH. , #3642 ) ;
#1828 = ORIENTED_EDGE ( 'NONE', *, *, #9188, .F. ) ;
#1829 = MECHANICAL_DESIGN_GEOMETRIC_PRESENTATION_REPRESENTATION (  '', ( #9304 ), #1242 ) ;
#1830 = B_SPLINE_CURVE_WITH_KNOTS ( 'NONE', 3,
 ( #436, #5186, #10788, #2573 ),
 .UNSPECIFIED., .F., .F.,
 ( 4, 4 ),
 ( 3.000000000000000000, 4.000000000000000000 ),
 .UNSPECIFIED. ) ;
#1831 = STYLED_ITEM ( 'NONE', ( #2346 ), #6428 ) ;
#1832 = ORIENTED_EDGE ( 'NONE', *, *, #7194, .F. ) ;
#1833 = CARTESIAN_POINT ( 'NONE',  ( 0.8963916198606550756, -12.69999999999999751, 1.143467180305729691 ) ) ;
#1834 = PRESENTATION_STYLE_ASSIGNMENT (( #11919 ) ) ;
#1835 = CARTESIAN_POINT ( 'NONE',  ( -1.423273790357425961, -12.69999999999999751, 2.129166751113926281 ) ) ;
#1836 = PRESENTATION_STYLE_ASSIGNMENT (( #909 ) ) ;
#1837 = ORIENTED_EDGE ( 'NONE', *, *, #6380, .T. ) ;
#1838 = DIRECTION ( 'NONE',  ( 1.000000000000000000, -0.000000000000000000, -0.000000000000000000 ) ) ;
#1839 = MECHANICAL_DESIGN_GEOMETRIC_PRESENTATION_REPRESENTATION (  '', ( #10679 ), #7144 ) ;
#1840 = CARTESIAN_POINT ( 'NONE',  ( 1.025148308496749650, -12.69999999999999751, 1.573926957660192638 ) ) ;
#1841 = SURFACE_STYLE_USAGE ( .BOTH. , #9292 ) ;
#1842 = EDGE_CURVE ( 'NONE', #1992, #7582, #6241, .T. ) ;
#1843 = FACE_BOUND ( 'NONE', #129, .T. ) ;
#1844 = COLOUR_RGB ( '',1.000000000000000000, 1.000000000000000000, 1.000000000000000000 ) ;
#1845 = CARTESIAN_POINT ( 'NONE',  ( 1.127911049226790752, -12.70999999999999730, 1.569767925995061653 ) ) ;
#1846 = ADVANCED_FACE ( 'NONE', ( #8024 ), #7231, .F. ) ;
#1847 = CARTESIAN_POINT ( 'NONE',  ( -1.649811633320760640, -12.70999999999999730, 1.083236178157049645 ) ) ;
#1848 = PRESENTATION_STYLE_ASSIGNMENT (( #3727 ) ) ;
#1849 = DIRECTION ( 'NONE',  ( -0.3385350343141504403, 0.000000000000000000, -0.9409537876760563080 ) ) ;
#1850 = ORIENTED_EDGE ( 'NONE', *, *, #7043, .F. ) ;
#1851 = CARTESIAN_POINT ( 'NONE',  ( 0.4666250144496134067, -12.69999999999999751, 1.580858677103661680 ) ) ;
#1852 = DIRECTION ( 'NONE',  ( -0.000000000000000000, 0.000000000000000000, 1.000000000000000000 ) ) ;
#1853 = FILL_AREA_STYLE_COLOUR ( '', #12153 ) ;
#1854 =( GEOMETRIC_REPRESENTATION_CONTEXT ( 3 ) GLOBAL_UNCERTAINTY_ASSIGNED_CONTEXT ( ( #1910 ) ) GLOBAL_UNIT_ASSIGNED_CONTEXT ( ( #1517, #5271, #11862 ) ) REPRESENTATION_CONTEXT ( 'NONE', 'WORKASPACE' ) );
#1855 = ORIENTED_EDGE ( 'NONE', *, *, #5758, .F. ) ;
#1856 = CARTESIAN_POINT ( 'NONE',  ( 1.787810740119434083, -12.70999999999999730, 2.590810199819180593 ) ) ;
#1857 = FACE_OUTER_BOUND ( 'NONE', #1736, .T. ) ;
#1858 = CARTESIAN_POINT ( 'NONE',  ( 1.184404562680328565, -12.69999999999999751, 2.760983912123202266 ) ) ;
#1859 = VECTOR ( 'NONE', #4889, 1000.000000000000000 ) ;
#1860 = VERTEX_POINT ( 'NONE', #4142 ) ;
#1861 = UNCERTAINTY_MEASURE_WITH_UNIT (LENGTH_MEASURE( 1.000000000000000082E-05 ), #10386, 'distance_accuracy_value', 'NONE');
#1862 = ADVANCED_FACE ( 'NONE', ( #1510 ), #7556, .F. ) ;
#1863 = EDGE_CURVE ( 'NONE', #4203, #10807, #5619, .T. ) ;
#1864 = CARTESIAN_POINT ( 'NONE',  ( 1.599961143235076433, -12.69999999999999751, 2.238332266187399888 ) ) ;
#1865 =( NAMED_UNIT ( * ) SI_UNIT ( $, .STERADIAN. ) SOLID_ANGLE_UNIT ( ) );
#1866 = VERTEX_POINT ( 'NONE', #6553 ) ;
#1867 = SURFACE_STYLE_FILL_AREA ( #3803 ) ;
#1868 = PRESENTATION_STYLE_ASSIGNMENT (( #9262 ) ) ;
#1869 = FILL_AREA_STYLE ('',( #951 ) ) ;
#1870 = DIRECTION ( 'NONE',  ( -0.000000000000000000, -0.000000000000000000, 1.000000000000000000 ) ) ;
#1871 = FACE_OUTER_BOUND ( 'NONE', #1128, .T. ) ;
#1872 = CARTESIAN_POINT ( 'NONE',  ( 2.473011206967780318, -12.69999999999999751, 1.763509484403121608 ) ) ;
#1873 = AXIS2_PLACEMENT_3D ( 'NONE', #5489, #7419, #111 ) ;
#1874 = CARTESIAN_POINT ( 'NONE',  ( -3.597074337972709479, -12.70999999999999730, 2.399084328707441038 ) ) ;
#1875 = CARTESIAN_POINT ( 'NONE',  ( 0.4281539715458249074, -12.70999999999999730, 1.143813766277427035 ) ) ;
#1876 = EDGE_CURVE ( 'NONE', #9320, #1522, #2596, .T. ) ;
#1877 = LINE ( 'NONE', #4712, #7679 ) ;
#1878 = UNCERTAINTY_MEASURE_WITH_UNIT (LENGTH_MEASURE( 1.000000000000000082E-05 ), #10942, 'distance_accuracy_value', 'NONE');
#1879 = LINE ( 'NONE', #902, #984 ) ;
#1880 = ORIENTED_EDGE ( 'NONE', *, *, #7297, .T. ) ;
#1881 = ORIENTED_EDGE ( 'NONE', *, *, #2181, .F. ) ;
#1882 = CARTESIAN_POINT ( 'NONE',  ( 19.89999999999999858, -9.249999999999994671, -4.000000000000000000 ) ) ;
#1883 = CARTESIAN_POINT ( 'NONE',  ( 2.079289542656219236, -12.69999999999999751, 2.346467089485896551 ) ) ;
#1884 = EDGE_CURVE ( 'NONE', #6978, #6173, #3476, .T. ) ;
#1885 = VECTOR ( 'NONE', #7346, 1000.000000000000000 ) ;
#1886 =( LENGTH_UNIT ( ) NAMED_UNIT ( * ) SI_UNIT ( .MILLI., .METRE. ) );
#1887 = CARTESIAN_POINT ( 'NONE',  ( 0.8534149593200154316, -12.69999999999999751, 1.482081675050595404 ) ) ;
#1888 = EDGE_LOOP ( 'NONE', ( #4181, #452, #10278, #11808 ) ) ;
#1889 = PRESENTATION_STYLE_ASSIGNMENT (( #4962 ) ) ;
#1890 = EDGE_LOOP ( 'NONE', ( #5406, #9067, #8, #9182 ) ) ;
#1891 = FILL_AREA_STYLE_COLOUR ( '', #2037 ) ;
#1892 = CARTESIAN_POINT ( 'NONE',  ( -1.789590466688415260, -12.70999999999999730, 1.314593904812450864 ) ) ;
#1893 =( LENGTH_UNIT ( ) NAMED_UNIT ( * ) SI_UNIT ( .MILLI., .METRE. ) );
#1894 =( NAMED_UNIT ( * ) PLANE_ANGLE_UNIT ( ) SI_UNIT ( $, .RADIAN. ) );
#1895 =( LENGTH_UNIT ( ) NAMED_UNIT ( * ) SI_UNIT ( .MILLI., .METRE. ) );
#1896 = B_SPLINE_CURVE_WITH_KNOTS ( 'NONE', 3,
 ( #4354, #5225, #8175, #1527 ),
 .UNSPECIFIED., .F., .F.,
 ( 4, 4 ),
 ( 7.000000000000000000, 8.000000000000000000 ),
 .UNSPECIFIED. ) ;
#1897 = B_SPLINE_CURVE_WITH_KNOTS ( 'NONE', 3,
 ( #3660, #7332, #987, #4671 ),
 .UNSPECIFIED., .F., .F.,
 ( 4, 4 ),
 ( 6.000000000000000000, 7.000000000000000000 ),
 .UNSPECIFIED. ) ;
#1898 = CARTESIAN_POINT ( 'NONE',  ( -1.485933197642125947, -12.70999999999999730, 2.770221049609327579 ) ) ;
#1899 = ORIENTED_EDGE ( 'NONE', *, *, #2506, .T. ) ;
#1900 = CARTESIAN_POINT ( 'NONE',  ( 0.9965549657982581966, -12.69999999999999751, 1.227687571528463861 ) ) ;
#1901 = ORIENTED_EDGE ( 'NONE', *, *, #9152, .F. ) ;
#1902 = SURFACE_STYLE_FILL_AREA ( #1780 ) ;
#1903 =( NAMED_UNIT ( * ) SI_UNIT ( $, .STERADIAN. ) SOLID_ANGLE_UNIT ( ) );
#1904 = PRESENTATION_STYLE_ASSIGNMENT (( #7508 ) ) ;
#1905 = ORIENTED_EDGE ( 'NONE', *, *, #9453, .T. ) ;
#1906 =( NAMED_UNIT ( * ) SI_UNIT ( $, .STERADIAN. ) SOLID_ANGLE_UNIT ( ) );
#1907 = CARTESIAN_POINT ( 'NONE',  ( 1.160490130604566072, -12.69999999999999751, 0.8599598551229343801 ) ) ;
#1908 =( NAMED_UNIT ( * ) PLANE_ANGLE_UNIT ( ) SI_UNIT ( $, .RADIAN. ) );
#1909 = PLANE ( 'NONE',  #3618 ) ;
#1910 = UNCERTAINTY_MEASURE_WITH_UNIT (LENGTH_MEASURE( 1.000000000000000082E-05 ), #1517, 'distance_accuracy_value', 'NONE');
#1911 = CARTESIAN_POINT ( 'NONE',  ( 1.879829315710288773, -12.70999999999999730, 2.508669324431330505 ) ) ;
#1912 = CARTESIAN_POINT ( 'NONE',  ( 0.4061457623167640252, -12.69999999999999751, 1.074149985885020087 ) ) ;
#1913 = CARTESIAN_POINT ( 'NONE',  ( 0.2941984933271434288, -12.69999999999999751, 1.112274442814796815 ) ) ;
#1914 = EDGE_LOOP ( 'NONE', ( #8168, #9882, #8228, #8525 ) ) ;
#1915 = CARTESIAN_POINT ( 'NONE',  ( -2.633082890924043351, -12.69999999999999751, 1.733930496851108449 ) ) ;
#1916 = FILL_AREA_STYLE_COLOUR ( '', #7229 ) ;
#1917 = SURFACE_SIDE_STYLE ('',( #1867 ) ) ;
#1918 = ORIENTED_EDGE ( 'NONE', *, *, #7239, .T. ) ;
#1919 = DIRECTION ( 'NONE',  ( -0.000000000000000000, 0.000000000000000000, 1.000000000000000000 ) ) ;
#1920 = EDGE_CURVE ( 'NONE', #884, #812, #2714, .T. ) ;
#1921 = PRODUCT_DEFINITION ( 'δ֪', '', #7646, #5825 ) ;
#1922 =( NAMED_UNIT ( * ) SI_UNIT ( $, .STERADIAN. ) SOLID_ANGLE_UNIT ( ) );
#1923 = MECHANICAL_DESIGN_GEOMETRIC_PRESENTATION_REPRESENTATION (  '', ( #8417 ), #6631 ) ;
#1924 = DIRECTION ( 'NONE',  ( -1.000000000000000000, 0.000000000000000000, -0.000000000000000000 ) ) ;
#1925 = EDGE_CURVE ( 'NONE', #6200, #11858, #12147, .T. ) ;
#1926 = ADVANCED_FACE ( 'NONE', ( #6496 ), #10377, .T. ) ;
#1927 = ORIENTED_EDGE ( 'NONE', *, *, #4795, .F. ) ;
#1928 = FILL_AREA_STYLE_COLOUR ( '', #4363 ) ;
#1929 = CARTESIAN_POINT ( 'NONE',  ( 3.081096295027299536, -12.70999999999999730, 1.629380713198598674 ) ) ;
#1930 = COLOUR_RGB ( '',1.000000000000000000, 1.000000000000000000, 1.000000000000000000 ) ;
#1931 =( NAMED_UNIT ( * ) SI_UNIT ( $, .STERADIAN. ) SOLID_ANGLE_UNIT ( ) );
#1932 = CARTESIAN_POINT ( 'NONE',  ( -22.05000000000000426, 11.90000000000000036, 20.69999999999999929 ) ) ;
#1933 = ORIENTED_EDGE ( 'NONE', *, *, #11040, .T. ) ;
#1934 = ORIENTED_EDGE ( 'NONE', *, *, #3215, .F. ) ;
#1935 = EDGE_LOOP ( 'NONE', ( #9927, #1668, #10800, #4637 ) ) ;
#1936 = PRESENTATION_STYLE_ASSIGNMENT (( #9636 ) ) ;
#1937 = CARTESIAN_POINT ( 'NONE',  ( 0.2999171618649956184, -12.70999999999999730, 1.535802500730442999 ) ) ;
#1938 = B_SPLINE_SURFACE_WITH_KNOTS ( 'NONE', 3, 1, ( 
 ( #700, #9074 ),
 ( #3791, #7563 ),
 ( #5643, #3488 ),
 ( #6170, #1851 ) ),
 .UNSPECIFIED., .F., .F., .F.,
 ( 4, 4 ),
 ( 2, 2 ),
 ( 1.000000000000000000, 2.000000000000000000 ),
 ( 0.000000000000000000, 1.000000000000000000 ),
 .UNSPECIFIED. ) ;
#1939 = ADVANCED_FACE ( 'NONE', ( #9164 ), #5581, .F. ) ;
#1940 = CARTESIAN_POINT ( 'NONE',  ( 2.470585105165786111, -12.70999999999999730, 1.085587322965344104 ) ) ;
#1941 = ORIENTED_EDGE ( 'NONE', *, *, #11423, .F. ) ;
#1942 = COLOUR_RGB ( '',1.000000000000000000, 1.000000000000000000, 1.000000000000000000 ) ;
#1943 = EDGE_LOOP ( 'NONE', ( #8961, #10148, #3474, #1134 ) ) ;
#1944 =( NAMED_UNIT ( * ) PLANE_ANGLE_UNIT ( ) SI_UNIT ( $, .RADIAN. ) );
#1945 = PRESENTATION_STYLE_ASSIGNMENT (( #10387 ) ) ;
#1946 = SURFACE_SIDE_STYLE ('',( #5575 ) ) ;
#1947 = CARTESIAN_POINT ( 'NONE',  ( 1.145413640818973677, -12.70999999999999730, 0.8644654727597896882 ) ) ;
#1948 = MECHANICAL_DESIGN_GEOMETRIC_PRESENTATION_REPRESENTATION (  '', ( #8240 ), #574 ) ;
#1949 =( LENGTH_UNIT ( ) NAMED_UNIT ( * ) SI_UNIT ( .MILLI., .METRE. ) );
#1950 = SURFACE_SIDE_STYLE ('',( #7440 ) ) ;
#1951 = SURFACE_STYLE_FILL_AREA ( #11494 ) ;
#1952 = VECTOR ( 'NONE', #4384, 1000.000000000000000 ) ;
#1953 = ORIENTED_EDGE ( 'NONE', *, *, #4179, .F. ) ;
#1954 = FACE_OUTER_BOUND ( 'NONE', #7817, .T. ) ;
#1955 = DIRECTION ( 'NONE',  ( -0.3385350343141504403, 0.000000000000000000, -0.9409537876760563080 ) ) ;
#1956 = PRESENTATION_LAYER_ASSIGNMENT (  '', '', ( #11790 ) ) ;
#1957 = PRESENTATION_LAYER_ASSIGNMENT (  '', '', ( #11578 ) ) ;
#1958 = CARTESIAN_POINT ( 'NONE',  ( -1.394354120492199423, -12.69999999999999751, 1.377253495963937757 ) ) ;
#1959 = DIRECTION ( 'NONE',  ( -0.000000000000000000, 1.000000000000000000, -0.000000000000000000 ) ) ;
#1960 = CARTESIAN_POINT ( 'NONE',  ( 0.8447503100156967815, -12.70999999999999730, 1.446729905899129198 ) ) ;
#1961 = ORIENTED_EDGE ( 'NONE', *, *, #7722, .F. ) ;
#1962 =( NAMED_UNIT ( * ) SI_UNIT ( $, .STERADIAN. ) SOLID_ANGLE_UNIT ( ) );
#1963 = LINE ( 'NONE', #11089, #6970 ) ;
#1964 = PRESENTATION_LAYER_ASSIGNMENT (  '', '', ( #374 ) ) ;
#1965 = CARTESIAN_POINT ( 'NONE',  ( 0.8858207477119407480, -12.69999999999999751, 1.298391109835989488 ) ) ;
#1966 = ORIENTED_EDGE ( 'NONE', *, *, #9686, .T. ) ;
#1967 = ORIENTED_EDGE ( 'NONE', *, *, #5704, .F. ) ;
#1968 = VECTOR ( 'NONE', #9356, 1000.000000000000000 ) ;
#1969 = MECHANICAL_DESIGN_GEOMETRIC_PRESENTATION_REPRESENTATION (  '', ( #11555 ), #9418 ) ;
#1970 = ORIENTED_EDGE ( 'NONE', *, *, #330, .T. ) ;
#1971 = EDGE_CURVE ( 'NONE', #2342, #4823, #2996, .T. ) ;
#1972 = FACE_OUTER_BOUND ( 'NONE', #3513, .T. ) ;
#1973 = LINE ( 'NONE', #5887, #3901 ) ;
#1974 = FACE_OUTER_BOUND ( 'NONE', #5163, .T. ) ;
#1975 = EDGE_CURVE ( 'NONE', #11644, #5279, #7060, .T. ) ;
#1976 = FACE_OUTER_BOUND ( 'NONE', #7510, .T. ) ;
#1977 = CARTESIAN_POINT ( 'NONE',  ( 0.9457801208848780616, -12.70999999999999730, 1.360083412869804054 ) ) ;
#1978 = ORIENTED_EDGE ( 'NONE', *, *, #7565, .T. ) ;
#1979 = FACE_OUTER_BOUND ( 'NONE', #1890, .T. ) ;
#1980 = ORIENTED_EDGE ( 'NONE', *, *, #9611, .F. ) ;
#1981 =( NAMED_UNIT ( * ) PLANE_ANGLE_UNIT ( ) SI_UNIT ( $, .RADIAN. ) );
#1982 = ORIENTED_EDGE ( 'NONE', *, *, #10969, .F. ) ;
#1983 =( LENGTH_UNIT ( ) NAMED_UNIT ( * ) SI_UNIT ( .MILLI., .METRE. ) );
#1984 = SURFACE_SIDE_STYLE ('',( #7364 ) ) ;
#1985 = SURFACE_SIDE_STYLE ('',( #11283 ) ) ;
#1986 = SURFACE_SIDE_STYLE ('',( #10610 ) ) ;
#1987 = UNCERTAINTY_MEASURE_WITH_UNIT (LENGTH_MEASURE( 1.000000000000000082E-05 ), #3322, 'distance_accuracy_value', 'NONE');
#1988 = VECTOR ( 'NONE', #1804, 1000.000000000000000 ) ;
#1989 = CARTESIAN_POINT ( 'NONE',  ( 0.3550243314316907650, -12.70999999999999730, 2.696172335339371173 ) ) ;
#1990 = LINE ( 'NONE', #9517, #12017 ) ;
#1991 = SURFACE_STYLE_USAGE ( .BOTH. , #3052 ) ;
#1992 = VERTEX_POINT ( 'NONE', #2941 ) ;
#1993 = EDGE_CURVE ( 'NONE', #9003, #10828, #10503, .T. ) ;
#1994 = CARTESIAN_POINT ( 'NONE',  ( 2.219483568374898130, -12.70999999999999730, 2.752319262821193657 ) ) ;
#1995 = B_SPLINE_SURFACE_WITH_KNOTS ( 'NONE', 3, 1, ( 
 ( #10098, #2690 ),
 ( #1856, #5597 ),
 ( #8373, #12119 ),
 ( #9373, #3668 ) ),
 .UNSPECIFIED., .F., .F., .F.,
 ( 4, 4 ),
 ( 2, 2 ),
 ( 4.000000000000000000, 5.000000000000000000 ),
 ( 0.000000000000000000, 1.000000000000000000 ),
 .UNSPECIFIED. ) ;
#1996 = DIRECTION ( 'NONE',  ( 1.000000000000000000, -0.000000000000000000, -0.000000000000000000 ) ) ;
#1997 = CARTESIAN_POINT ( 'NONE',  ( 2.048789977113333549, -12.70999999999999730, 1.162875994744636765 ) ) ;
#1998 = EDGE_LOOP ( 'NONE', ( #5896, #3805, #3453, #9619 ) ) ;
#1999 = STYLED_ITEM ( 'NONE', ( #338 ), #7874 ) ;
#2000 = DIRECTION ( 'NONE',  ( -0.000000000000000000, 1.000000000000000000, -0.000000000000000000 ) ) ;
#2001 = STYLED_ITEM ( 'NONE', ( #990 ), #4055 ) ;
#2002 = EDGE_LOOP ( 'NONE', ( #11400, #3524, #10012, #6785 ) ) ;
#2003 = ORIENTED_EDGE ( 'NONE', *, *, #10215, .T. ) ;
#2004 = VECTOR ( 'NONE', #3130, 1000.000000000000000 ) ;
#2005 = DIRECTION ( 'NONE',  ( -1.000000000000000000, -0.000000000000000000, -0.000000000000000000 ) ) ;
#2006 = CARTESIAN_POINT ( 'NONE',  ( 2.363316746801205070, -12.70999999999999730, 1.085587322965344104 ) ) ;
#2007 = FILL_AREA_STYLE ('',( #12155 ) ) ;
#2008 = DIRECTION ( 'NONE',  ( 0.000000000000000000, 1.000000000000000000, 0.000000000000000000 ) ) ;
#2009 = VECTOR ( 'NONE', #7740, 1000.000000000000000 ) ;
#2010 = VECTOR ( 'NONE', #10449, 1000.000000000000000 ) ;
#2011 = CYLINDRICAL_SURFACE ( 'NONE', #6333, 0.7999999999999986011 ) ;
#2012 = PRESENTATION_LAYER_ASSIGNMENT (  '', '', ( #5158 ) ) ;
#2013 = LINE ( 'NONE', #5991, #10906 ) ;
#2014 = EDGE_CURVE ( 'NONE', #3593, #1708, #6826, .T. ) ;
#2015 = EDGE_CURVE ( 'NONE', #5875, #10107, #4948, .T. ) ;
#2016 = CARTESIAN_POINT ( 'NONE',  ( 2.447537138019319602, -12.69999999999999751, 1.685527640680426043 ) ) ;
#2017 = COLOUR_RGB ( '',1.000000000000000000, 1.000000000000000000, 1.000000000000000000 ) ;
#2018 = FILL_AREA_STYLE_COLOUR ( '', #1162 ) ;
#2019 = CARTESIAN_POINT ( 'NONE',  ( -1.278674889433214945, -12.70999999999999730, 2.534043140485237711 ) ) ;
#2020 = PRESENTATION_LAYER_ASSIGNMENT (  '', '', ( #6919 ) ) ;
#2021 =( NAMED_UNIT ( * ) PLANE_ANGLE_UNIT ( ) SI_UNIT ( $, .RADIAN. ) );
#2022 = FACE_OUTER_BOUND ( 'NONE', #7145, .T. ) ;
#2023 = FILL_AREA_STYLE ('',( #10464 ) ) ;
#2024 = PRESENTATION_LAYER_ASSIGNMENT (  '', '', ( #3771 ) ) ;
#2025 = PLANE ( 'NONE',  #2390 ) ;
#2026 = VERTEX_POINT ( 'NONE', #1086 ) ;
#2027 = CARTESIAN_POINT ( 'NONE',  ( 0.3061557093650378869, -12.69999999999999751, 1.358350483011264043 ) ) ;
#2028 = LINE ( 'NONE', #6801, #3004 ) ;
#2029 = CARTESIAN_POINT ( 'NONE',  ( 1.624048868296689596, -12.70999999999999730, 2.838965755845903161 ) ) ;
#2030 = COLOUR_RGB ( '',1.000000000000000000, 1.000000000000000000, 1.000000000000000000 ) ;
#2031 = DIRECTION ( 'NONE',  ( 0.000000000000000000, 0.000000000000000000, -1.000000000000000000 ) ) ;
#2032 = VECTOR ( 'NONE', #10528, 1000.000000000000000 ) ;
#2034 = ADVANCED_FACE ( 'NONE', ( #5852 ), #5670, .F. ) ;
#2033 = UNCERTAINTY_MEASURE_WITH_UNIT (LENGTH_MEASURE( 1.000000000000000082E-05 ), #6596, 'distance_accuracy_value', 'NONE');
#2035 =( NAMED_UNIT ( * ) SI_UNIT ( $, .STERADIAN. ) SOLID_ANGLE_UNIT ( ) );
#2036 = UNCERTAINTY_MEASURE_WITH_UNIT (LENGTH_MEASURE( 1.000000000000000082E-05 ), #9786, 'distance_accuracy_value', 'NONE');
#2037 = COLOUR_RGB ( '',0.2509803921568627416, 0.2509803921568627416, 0.2509803921568627416 ) ;
#2038 = CARTESIAN_POINT ( 'NONE',  ( 1.199827638437622745, -12.69999999999999751, 2.161043594408120772 ) ) ;
#2039 = CARTESIAN_POINT ( 'NONE',  ( 0.6510087516099508642, -12.70999999999999730, 2.758211224344896184 ) ) ;
#2040 = FILL_AREA_STYLE_COLOUR ( '', #8674 ) ;
#2041 = AXIS2_PLACEMENT_3D ( 'NONE', #7046, #8032, #11802 ) ;
#2042 = EDGE_CURVE ( 'NONE', #11791, #1730, #905, .T. ) ;
#2043 = FILL_AREA_STYLE ('',( #1357 ) ) ;
#2044 = FILL_AREA_STYLE_COLOUR ( '', #4072 ) ;
#2045 = EDGE_LOOP ( 'NONE', ( #2716, #1076, #3427, #9891 ) ) ;
#2046 = ORIENTED_EDGE ( 'NONE', *, *, #1810, .T. ) ;
#2047 = CARTESIAN_POINT ( 'NONE',  ( 1.332050186797736346, -12.69999999999999751, 0.9091750631612839362 ) ) ;
#2048 = SURFACE_STYLE_FILL_AREA ( #4998 ) ;
#2050 = MECHANICAL_DESIGN_GEOMETRIC_PRESENTATION_REPRESENTATION (  '', ( #874 ), #8132 ) ;
#2049 =( LENGTH_UNIT ( ) NAMED_UNIT ( * ) SI_UNIT ( .MILLI., .METRE. ) );
#2051 = ORIENTED_EDGE ( 'NONE', *, *, #218, .T. ) ;
#2052 = ORIENTED_EDGE ( 'NONE', *, *, #9085, .T. ) ;
#2053 = CARTESIAN_POINT ( 'NONE',  ( 0.5832511940619400370, -12.70999999999999730, 1.580858677103661680 ) ) ;
#2054 = PLANE ( 'NONE',  #1013 ) ;
#2055 = CARTESIAN_POINT ( 'NONE',  ( -2.295685976389368665, -12.70999999999999730, 1.247114797702457700 ) ) ;
#2056 = CARTESIAN_POINT ( 'NONE',  ( 0.6995307877048746459, -12.70999999999999730, 2.731177518523737469 ) ) ;
#2057 = EDGE_CURVE ( 'NONE', #7674, #1576, #11469, .T. ) ;
#2058 = DIRECTION ( 'NONE',  ( -1.000000000000000000, -0.000000000000000000, -0.000000000000000000 ) ) ;
#2059 = SURFACE_STYLE_FILL_AREA ( #7892 ) ;
#2060 = FILL_AREA_STYLE_COLOUR ( '', #4794 ) ;
#2061 = FILL_AREA_STYLE ('',( #4204 ) ) ;
#2062 = FILL_AREA_STYLE_COLOUR ( '', #6523 ) ;
#2063 = B_SPLINE_CURVE_WITH_KNOTS ( 'NONE', 3,
 ( #6876, #6755, #2209, #9672 ),
 .UNSPECIFIED., .F., .F.,
 ( 4, 4 ),
 ( 12.00000000000000000, 13.00000000000000000 ),
 .UNSPECIFIED. ) ;
#2064 = FACE_OUTER_BOUND ( 'NONE', #1200, .T. ) ;
#2065 = CARTESIAN_POINT ( 'NONE',  ( -0.7484797774236003898, -12.70999999999999730, 1.758030191093176597 ) ) ;
#2066 = ORIENTED_EDGE ( 'NONE', *, *, #6802, .T. ) ;
#2067 = FILL_AREA_STYLE ('',( #8718 ) ) ;
#2068 = FILL_AREA_STYLE_COLOUR ( '', #7521 ) ;
#2069 =( GEOMETRIC_REPRESENTATION_CONTEXT ( 3 ) GLOBAL_UNCERTAINTY_ASSIGNED_CONTEXT ( ( #11645 ) ) GLOBAL_UNIT_ASSIGNED_CONTEXT ( ( #4920, #6804, #2143 ) ) REPRESENTATION_CONTEXT ( 'NONE', 'WORKASPACE' ) );
#2070 = FILL_AREA_STYLE_COLOUR ( '', #1042 ) ;
#2071 = CARTESIAN_POINT ( 'NONE',  ( -1.789590466688415260, -12.69999999999999751, 1.232654778906526971 ) ) ;
#2072 = DIRECTION ( 'NONE',  ( -0.000000000000000000, 1.000000000000000000, -0.000000000000000000 ) ) ;
#2073 = FACE_OUTER_BOUND ( 'NONE', #11039, .T. ) ;
#2074 = CARTESIAN_POINT ( 'NONE',  ( 0.3612628789294233811, -12.70999999999999730, 1.283487913033960037 ) ) ;
#2075 = EDGE_CURVE ( 'NONE', #2583, #964, #7655, .T. ) ;
#2076 = CARTESIAN_POINT ( 'NONE',  ( 2.863093718571758206, -12.70999999999999730, 1.085587322965344104 ) ) ;
#2077 = VECTOR ( 'NONE', #1688, 1000.000000000000000 ) ;
#2078 = ORIENTED_EDGE ( 'NONE', *, *, #675, .T. ) ;
#2079 = DIRECTION ( 'NONE',  ( 0.000000000000000000, 0.000000000000000000, -1.000000000000000000 ) ) ;
#2080 = LINE ( 'NONE', #4979, #3779 ) ;
#2081 = CARTESIAN_POINT ( 'NONE',  ( -1.047317162782429367, -12.70999999999999730, 1.555591858505118497 ) ) ;
#2082 = SURFACE_STYLE_FILL_AREA ( #8604 ) ;
#2083 = SURFACE_SIDE_STYLE ('',( #4855 ) ) ;
#2084 = ORIENTED_EDGE ( 'NONE', *, *, #504, .F. ) ;
#2085 = CARTESIAN_POINT ( 'NONE',  ( -2.970479989325513603, -12.70999999999999730, 1.348333642229618601 ) ) ;
#2086 = CARTESIAN_POINT ( 'NONE',  ( 1.025148308496749650, -12.70999999999999730, 1.573926957660192638 ) ) ;
#2087 = LINE ( 'NONE', #1404, #11792 ) ;
#2088 = CARTESIAN_POINT ( 'NONE',  ( 2.363316746801205070, -12.70999999999999730, 1.085587322965344104 ) ) ;
#2089 = ORIENTED_EDGE ( 'NONE', *, *, #6471, .F. ) ;
#2090 = DIRECTION ( 'NONE',  ( -1.000000000000000000, 0.000000000000000000, -0.000000000000000000 ) ) ;
#2091 =( NAMED_UNIT ( * ) PLANE_ANGLE_UNIT ( ) SI_UNIT ( $, .RADIAN. ) );
#2092 = SURFACE_STYLE_USAGE ( .BOTH. , #11093 ) ;
#2093 = CARTESIAN_POINT ( 'NONE',  ( -2.782501583604617412, -12.69999999999999751, 2.268945768346066316 ) ) ;
#2094 = B_SPLINE_SURFACE_WITH_KNOTS ( 'NONE', 3, 1, ( 
 ( #11158, #8619 ),
 ( #115, #5967 ),
 ( #1185, #2047 ),
 ( #356, #4871 ) ),
 .UNSPECIFIED., .F., .F., .F.,
 ( 4, 4 ),
 ( 2, 2 ),
 ( 1.000000000000000000, 2.000000000000000000 ),
 ( 0.000000000000000000, 1.000000000000000000 ),
 .UNSPECIFIED. ) ;
#2095 = FILL_AREA_STYLE_COLOUR ( '', #8747 ) ;
#2096 = CARTESIAN_POINT ( 'NONE',  ( 0.7813250771210221712, -12.69999999999999751, 1.362509514676395028 ) ) ;
#2097 = VERTEX_POINT ( 'NONE', #5250 ) ;
#2098 = ORIENTED_EDGE ( 'NONE', *, *, #7643, .T. ) ;
#2099 = VERTEX_POINT ( 'NONE', #7891 ) ;
#2100 = CARTESIAN_POINT ( 'NONE',  ( -19.25000000000000355, -9.249999999999996447, -4.000000000000000000 ) ) ;
#2101 = EDGE_CURVE ( 'NONE', #11813, #10107, #634, .T. ) ;
#2102 = CARTESIAN_POINT ( 'NONE',  ( 2.334550111112243087, -12.70999999999999730, 2.423062589321753890 ) ) ;
#2103 = CARTESIAN_POINT ( 'NONE',  ( 0.3075420532518858274, -12.70999999999999730, 2.645570783409540105 ) ) ;
#2104 = LINE ( 'NONE', #6548, #9654 ) ;
#2105 = CARTESIAN_POINT ( 'NONE',  ( -22.05000000000000426, 11.90000000000000036, 21.50000000000000000 ) ) ;
#2106 = CARTESIAN_POINT ( 'NONE',  ( 2.225375529898619309, -12.70999999999999730, 2.729791174632274497 ) ) ;
#2107 = SURFACE_STYLE_USAGE ( .BOTH. , #4060 ) ;
#2108 = CARTESIAN_POINT ( 'NONE',  ( 1.327891155132578049, -12.69999999999999751, 2.838965755845903161 ) ) ;
#2109 = CARTESIAN_POINT ( 'NONE',  ( 1.332050186797736346, -12.69999999999999751, 0.9091750631612839362 ) ) ;
#2110 = UNCERTAINTY_MEASURE_WITH_UNIT (LENGTH_MEASURE( 1.000000000000000082E-05 ), #5191, 'distance_accuracy_value', 'NONE');
#2111 = EDGE_CURVE ( 'NONE', #12112, #11657, #11897, .T. ) ;
#2112 = CARTESIAN_POINT ( 'NONE',  ( 0.4281539715458249074, -12.69999999999999751, 1.143813766277427035 ) ) ;
#2113 = COLOUR_RGB ( '',1.000000000000000000, 1.000000000000000000, 1.000000000000000000 ) ;
#2114 = CARTESIAN_POINT ( 'NONE',  ( 1.709482310420420204, -12.69999999999999751, 2.192582917870760095 ) ) ;
#2115 = FACE_OUTER_BOUND ( 'NONE', #4183, .T. ) ;
#2116 = CARTESIAN_POINT ( 'NONE',  ( 1.222875605584116787, -12.70999999999999730, 1.569767925995061653 ) ) ;
#2117 = CARTESIAN_POINT ( 'NONE',  ( 0.000000000000000000, -12.70999999999999730, 0.000000000000000000 ) ) ;
#2118 = ORIENTED_EDGE ( 'NONE', *, *, #2780, .F. ) ;
#2119 = SURFACE_STYLE_FILL_AREA ( #2067 ) ;
#2120 = FILL_AREA_STYLE ('',( #2068 ) ) ;
#2121 = CARTESIAN_POINT ( 'NONE',  ( 0.1919556315546779024, -12.70999999999999730, 2.596355575371172453 ) ) ;
#2122 = PLANE ( 'NONE',  #8021 ) ;
#2123 = SURFACE_STYLE_USAGE ( .BOTH. , #4145 ) ;
#2124 =( NAMED_UNIT ( * ) PLANE_ANGLE_UNIT ( ) SI_UNIT ( $, .RADIAN. ) );
#2125 = VERTEX_POINT ( 'NONE', #8963 ) ;
#2126 = CARTESIAN_POINT ( 'NONE',  ( 1.184404562680328565, -12.70999999999999730, 2.760983912123202266 ) ) ;
#2127 = ORIENTED_EDGE ( 'NONE', *, *, #11034, .F. ) ;
#2128 = FILL_AREA_STYLE ('',( #10586 ) ) ;
#2129 =( GEOMETRIC_REPRESENTATION_CONTEXT ( 3 ) GLOBAL_UNCERTAINTY_ASSIGNED_CONTEXT ( ( #5415 ) ) GLOBAL_UNIT_ASSIGNED_CONTEXT ( ( #8476, #5570, #8588 ) ) REPRESENTATION_CONTEXT ( 'NONE', 'WORKASPACE' ) );
#2130 = FILL_AREA_STYLE ('',( #3141 ) ) ;
#2131 = VECTOR ( 'NONE', #5074, 1000.000000000000000 ) ;
#2132 = FILL_AREA_STYLE ('',( #6799 ) ) ;
#2133 = ORIENTED_EDGE ( 'NONE', *, *, #4938, .F. ) ;
#2134 = FILL_AREA_STYLE ('',( #7799 ) ) ;
#2135 = CARTESIAN_POINT ( 'NONE',  ( 1.177992722196744779, -12.69999999999999751, 0.9303168074587356839 ) ) ;
#2136 = CARTESIAN_POINT ( 'NONE',  ( -2.295685976389367333, -12.69999999999999751, 1.247114797702460143 ) ) ;
#2137 = CARTESIAN_POINT ( 'NONE',  ( 1.715374271948743479, -12.69999999999999751, 2.309035804494934396 ) ) ;
#2138 = B_SPLINE_SURFACE_WITH_KNOTS ( 'NONE', 3, 1, ( 
 ( #11220, #2643 ),
 ( #10367, #5660 ),
 ( #2817, #1079 ),
 ( #6644, #11162 ) ),
 .UNSPECIFIED., .F., .F., .F.,
 ( 4, 4 ),
 ( 2, 2 ),
 ( 2.000000000000000000, 3.000000000000000000 ),
 ( 0.000000000000000000, 1.000000000000000000 ),
 .UNSPECIFIED. ) ;
#2139 = ADVANCED_FACE ( 'NONE', ( #5982 ), #1374, .F. ) ;
#2140 = DIRECTION ( 'NONE',  ( -0.000000000000000000, 1.000000000000000000, -0.000000000000000000 ) ) ;
#2141 = EDGE_CURVE ( 'NONE', #4253, #6427, #3308, .T. ) ;
#2142 = ORIENTED_EDGE ( 'NONE', *, *, #7757, .T. ) ;
#2143 =( NAMED_UNIT ( * ) SI_UNIT ( $, .STERADIAN. ) SOLID_ANGLE_UNIT ( ) );
#2144 = PRESENTATION_LAYER_ASSIGNMENT (  '', '', ( #11975 ) ) ;
#2145 = B_SPLINE_CURVE_WITH_KNOTS ( 'NONE', 3,
 ( #6289, #701, #9381, #10047 ),
 .UNSPECIFIED., .F., .F.,
 ( 4, 4 ),
 ( 27.00000000000000000, 28.00000000000000000 ),
 .UNSPECIFIED. ) ;
#2146 = DIRECTION ( 'NONE',  ( 0.000000000000000000, 0.000000000000000000, -1.000000000000000000 ) ) ;
#2147 = PLANE ( 'NONE',  #4293 ) ;
#2148 = DIRECTION ( 'NONE',  ( -1.000000000000000000, 0.000000000000000000, -0.000000000000000000 ) ) ;
#2149 = ORIENTED_EDGE ( 'NONE', *, *, #6735, .T. ) ;
#2150 = AXIS2_PLACEMENT_3D ( 'NONE', #7147, #10911, #8867 ) ;
#2151 = CARTESIAN_POINT ( 'NONE',  ( 0.9747200495550709665, -12.70999999999999730, 1.255067863321315702 ) ) ;
#2152 = COLOUR_RGB ( '',0.2509803921568627416, 0.2509803921568627416, 0.2509803921568627416 ) ;
#2153 = AXIS2_PLACEMENT_3D ( 'NONE', #2230, #4128, #2172 ) ;
#2154 =( LENGTH_UNIT ( ) NAMED_UNIT ( * ) SI_UNIT ( .MILLI., .METRE. ) );
#2155 = EDGE_CURVE ( 'NONE', #11839, #7575, #2468, .T. ) ;
#2156 = CARTESIAN_POINT ( 'NONE',  ( 1.127911049226790752, -12.70999999999999730, 1.569767925995061653 ) ) ;
#2157 = EDGE_LOOP ( 'NONE', ( #3043, #9458, #10918, #9559 ) ) ;
#2158 = FILL_AREA_STYLE_COLOUR ( '', #10805 ) ;
#2159 = ORIENTED_EDGE ( 'NONE', *, *, #6878, .F. ) ;
#2160 = VECTOR ( 'NONE', #11803, 1000.000000000000000 ) ;
#2161 = UNCERTAINTY_MEASURE_WITH_UNIT (LENGTH_MEASURE( 1.000000000000000082E-05 ), #6704, 'distance_accuracy_value', 'NONE');
#2162 = CARTESIAN_POINT ( 'NONE',  ( 1.663906255085007002, -12.69999999999999751, 2.739842167825746522 ) ) ;
#2163 = FACE_OUTER_BOUND ( 'NONE', #11064, .T. ) ;
#2164 = CIRCLE ( 'NONE', #2730, 0.8000000000000003775 ) ;
#2165 = CARTESIAN_POINT ( 'NONE',  ( 0.4641989126453104353, -12.69999999999999751, 2.771381491283765097 ) ) ;
#2166 = CARTESIAN_POINT ( 'NONE',  ( 3.061514187607166981, -12.70999999999999730, 1.640471464302582838 ) ) ;
#2167 = B_SPLINE_CURVE_WITH_KNOTS ( 'NONE', 3,
 ( #9402, #8286, #849, #8348 ),
 .UNSPECIFIED., .F., .F.,
 ( 4, 4 ),
 ( 9.000000000000000000, 10.00000000000000000 ),
 .UNSPECIFIED. ) ;
#2168 = CARTESIAN_POINT ( 'NONE',  ( 1.372427452548226290, -12.70999999999999730, 1.205159483339544479 ) ) ;
#2169 = DIRECTION ( 'NONE',  ( -0.000000000000000000, -0.000000000000000000, -1.000000000000000000 ) ) ;
#2170 = ORIENTED_EDGE ( 'NONE', *, *, #9232, .T. ) ;
#2171 = CARTESIAN_POINT ( 'NONE',  ( 3.068445907045982857, -12.69999999999999751, 1.676862991373792244 ) ) ;
#2172 = DIRECTION ( 'NONE',  ( 1.000000000000000000, 0.000000000000000000, 0.000000000000000000 ) ) ;
#2173 = EDGE_CURVE ( 'NONE', #6514, #11548, #6174, .T. ) ;
#2174 = VECTOR ( 'NONE', #3574, 1000.000000000000000 ) ;
#2175 = PRESENTATION_STYLE_ASSIGNMENT (( #4132 ) ) ;
#2176 = CARTESIAN_POINT ( 'NONE',  ( -2.719842176319917648, -12.69999999999999751, 2.832880502860726679 ) ) ;
#2177 = ORIENTED_EDGE ( 'NONE', *, *, #724, .T. ) ;
#2178 = LINE ( 'NONE', #5258, #7876 ) ;
#2179 = CYLINDRICAL_SURFACE ( 'NONE', #9885, 0.7999999999999986011 ) ;
#2180 =( NAMED_UNIT ( * ) PLANE_ANGLE_UNIT ( ) SI_UNIT ( $, .RADIAN. ) );
#2181 = EDGE_CURVE ( 'NONE', #995, #3593, #9941, .T. ) ;
#2182 = DIRECTION ( 'NONE',  ( -8.673617379884030739E-15, 1.000000000000000000, 0.000000000000000000 ) ) ;
#2183 = CARTESIAN_POINT ( 'NONE',  ( 0.2999171618649956184, -12.70999999999999730, 1.453315039366249062 ) ) ;
#2184 = MECHANICAL_DESIGN_GEOMETRIC_PRESENTATION_REPRESENTATION (  '', ( #8282 ), #1797 ) ;
#2185 = ORIENTED_EDGE ( 'NONE', *, *, #11147, .T. ) ;
#2186 = AXIS2_PLACEMENT_3D ( 'NONE', #9742, #5192, #310 ) ;
#2187 = PRESENTATION_STYLE_ASSIGNMENT (( #10626 ) ) ;
#2188 = STYLED_ITEM ( 'NONE', ( #1066 ), #5892 ) ;
#2189 = CARTESIAN_POINT ( 'NONE',  ( -1.500393032575894736, -12.69999999999999751, 2.466563757579689042 ) ) ;
#2190 = ORIENTED_EDGE ( 'NONE', *, *, #4990, .F. ) ;
#2191 = CARTESIAN_POINT ( 'NONE',  ( 0.5397546545637254001, -12.69999999999999751, 2.771381491283765097 ) ) ;
#2192 = COLOUR_RGB ( '',1.000000000000000000, 1.000000000000000000, 1.000000000000000000 ) ;
#2193 = ORIENTED_EDGE ( 'NONE', *, *, #1190, .F. ) ;
#2194 =( NAMED_UNIT ( * ) SI_UNIT ( $, .STERADIAN. ) SOLID_ANGLE_UNIT ( ) );
#2195 = AXIS2_PLACEMENT_3D ( 'NONE', #9533, #3780, #210 ) ;
#2196 = CARTESIAN_POINT ( 'NONE',  ( 3.081096295027299536, -12.69999999999999751, 1.629380713198598674 ) ) ;
#2197 = CARTESIAN_POINT ( 'NONE',  ( 2.370248466240027607, -12.69999999999999751, 1.763509484403121608 ) ) ;
#2198 = PRESENTATION_LAYER_ASSIGNMENT (  '', '', ( #7328 ) ) ;
#2199 = LINE ( 'NONE', #10406, #2009 ) ;
#2200 = ORIENTED_EDGE ( 'NONE', *, *, #10084, .F. ) ;
#2201 = PRESENTATION_LAYER_ASSIGNMENT (  '', '', ( #8933 ) ) ;
#2202 =( GEOMETRIC_REPRESENTATION_CONTEXT ( 3 ) GLOBAL_UNCERTAINTY_ASSIGNED_CONTEXT ( ( #6816 ) ) GLOBAL_UNIT_ASSIGNED_CONTEXT ( ( #638, #6227, #11957 ) ) REPRESENTATION_CONTEXT ( 'NONE', 'WORKASPACE' ) );
#2203 = SURFACE_STYLE_USAGE ( .BOTH. , #5770 ) ;
#2204 =( GEOMETRIC_REPRESENTATION_CONTEXT ( 3 ) GLOBAL_UNCERTAINTY_ASSIGNED_CONTEXT ( ( #2036 ) ) GLOBAL_UNIT_ASSIGNED_CONTEXT ( ( #9786, #5730, #121 ) ) REPRESENTATION_CONTEXT ( 'NONE', 'WORKASPACE' ) );
#2205 = CARTESIAN_POINT ( 'NONE',  ( 2.264366451762265697, -12.70999999999999730, 1.162875994744636765 ) ) ;
#2206 = SURFACE_STYLE_FILL_AREA ( #11630 ) ;
#2207 = COLOUR_RGB ( '',1.000000000000000000, 1.000000000000000000, 1.000000000000000000 ) ;
#2208 = PLANE ( 'NONE',  #11820 ) ;
#2209 = CARTESIAN_POINT ( 'NONE',  ( 0.8534149593200154316, -12.69999999999999751, 1.482081675050595404 ) ) ;
#2210 = PRESENTATION_STYLE_ASSIGNMENT (( #551 ) ) ;
#2211 = ORIENTED_EDGE ( 'NONE', *, *, #9171, .F. ) ;
#2212 = CARTESIAN_POINT ( 'NONE',  ( -2.801781486092632889, -12.69999999999999751, 2.775041002249141631 ) ) ;
#2213 = PLANE ( 'NONE',  #4931 ) ;
#2214 = VERTEX_POINT ( 'NONE', #7165 ) ;
#2215 = EDGE_LOOP ( 'NONE', ( #10889, #11932, #8366, #3454 ) ) ;
#2216 = CYLINDRICAL_SURFACE ( 'NONE', #4108, 0.6500000000000012434 ) ;
#2217 = VECTOR ( 'NONE', #260, 1000.000000000000000 ) ;
#2218 = ADVANCED_FACE ( 'NONE', ( #448 ), #9728, .F. ) ;
#2219 = EDGE_CURVE ( 'NONE', #7169, #8403, #10238, .T. ) ;
#2220 = UNCERTAINTY_MEASURE_WITH_UNIT (LENGTH_MEASURE( 1.000000000000000082E-05 ), #1893, 'distance_accuracy_value', 'NONE');
#2221 = CARTESIAN_POINT ( 'NONE',  ( 1.165169041227267943, -12.69999999999999751, 2.544021093582787607 ) ) ;
#2222 = FACE_BOUND ( 'NONE', #10174, .T. ) ;
#2223 = CARTESIAN_POINT ( 'NONE',  ( -0.1932746764407473894, -12.70999999999999730, 1.085587322965344104 ) ) ;
#2224 = CARTESIAN_POINT ( 'NONE',  ( 22.05000000000000426, 11.90000000000000036, 21.50000000000000000 ) ) ;
#2225 =( GEOMETRIC_REPRESENTATION_CONTEXT ( 3 ) GLOBAL_UNCERTAINTY_ASSIGNED_CONTEXT ( ( #7345 ) ) GLOBAL_UNIT_ASSIGNED_CONTEXT ( ( #594, #5330, #6986 ) ) REPRESENTATION_CONTEXT ( 'NONE', 'WORKASPACE' ) );
#2226 = CARTESIAN_POINT ( 'NONE',  ( 1.327891155132578049, -12.70999999999999730, 2.838965755845903161 ) ) ;
#2227 = LINE ( 'NONE', #5911, #576 ) ;
#2228 = UNCERTAINTY_MEASURE_WITH_UNIT (LENGTH_MEASURE( 1.000000000000000082E-05 ), #3151, 'distance_accuracy_value', 'NONE');
#2229 = DIRECTION ( 'NONE',  ( -0.000000000000000000, 1.000000000000000000, -0.000000000000000000 ) ) ;
#2230 = CARTESIAN_POINT ( 'NONE',  ( 2.264366451762265697, -12.70999999999999730, 1.162875994744636765 ) ) ;
#2231 = LINE ( 'NONE', #318, #11458 ) ;
#2232 = CARTESIAN_POINT ( 'NONE',  ( 1.598574799343609243, -12.69999999999999751, 2.760983912123202266 ) ) ;
#2233 = DIRECTION ( 'NONE',  ( 1.000000000000000000, 0.000000000000000000, 0.000000000000000000 ) ) ;
#2234 = CARTESIAN_POINT ( 'NONE',  ( 1.160490130604566072, -12.70999999999999730, 0.8599598551229343801 ) ) ;
#2235 = SURFACE_SIDE_STYLE ('',( #6910 ) ) ;
#2236 = ADVANCED_FACE ( 'NONE', ( #10050 ), #11157, .F. ) ;
#2237 = DIRECTION ( 'NONE',  ( -0.000000000000000000, 1.000000000000000000, -0.000000000000000000 ) ) ;
#2238 = CARTESIAN_POINT ( 'NONE',  ( -1.726931059406025426, -12.70999999999999730, 1.088056061844491662 ) ) ;
#2239 = DIRECTION ( 'NONE',  ( 0.000000000000000000, 0.000000000000000000, 1.000000000000000000 ) ) ;
#2240 = FILL_AREA_STYLE_COLOUR ( '', #4119 ) ;
#2241 = ORIENTED_EDGE ( 'NONE', *, *, #3227, .F. ) ;
#2242 = CARTESIAN_POINT ( 'NONE',  ( 1.771694492416408639, -12.70999999999999730, 1.162875994744636765 ) ) ;
#2243 = CARTESIAN_POINT ( 'NONE',  ( 1.055301288070226162, -12.69999999999999751, 1.297351351920866147 ) ) ;
#2244 = ORIENTED_EDGE ( 'NONE', *, *, #11181, .T. ) ;
#2245 = EDGE_LOOP ( 'NONE', ( #7815, #481, #1628, #5805, #621, #7997, #10823 ) ) ;
#2246 = EDGE_CURVE ( 'NONE', #442, #3801, #10484, .T. ) ;
#2247 = PRESENTATION_STYLE_ASSIGNMENT (( #4220 ) ) ;
#2248 = VERTEX_POINT ( 'NONE', #3684 ) ;
#2249 =( NAMED_UNIT ( * ) SI_UNIT ( $, .STERADIAN. ) SOLID_ANGLE_UNIT ( ) );
#2250 = STYLED_ITEM ( 'NONE', ( #998 ), #5026 ) ;
#2251 = CARTESIAN_POINT ( 'NONE',  ( 0.4146371186329260716, -12.70999999999999730, 2.149606257327805636 ) ) ;
#2252 = SURFACE_STYLE_USAGE ( .BOTH. , #1401 ) ;
#2253 = ORIENTED_EDGE ( 'NONE', *, *, #1744, .T. ) ;
#2254 = CARTESIAN_POINT ( 'NONE',  ( 3.118180994046555909, -12.70999999999999730, 1.763509484403121608 ) ) ;
#2255 = DIRECTION ( 'NONE',  ( -0.000000000000000000, -0.000000000000000000, -1.000000000000000000 ) ) ;
#2256 = DIRECTION ( 'NONE',  ( 8.673617379884030739E-15, 1.000000000000000000, 0.000000000000000000 ) ) ;
#2257 = VECTOR ( 'NONE', #283, 1000.000000000000000 ) ;
#2258 = UNCERTAINTY_MEASURE_WITH_UNIT (LENGTH_MEASURE( 1.000000000000000082E-05 ), #8098, 'distance_accuracy_value', 'NONE');
#2259 = ADVANCED_FACE ( 'NONE', ( #1684 ), #5054, .F. ) ;
#2260 = LINE ( 'NONE', #7983, #6763 ) ;
#2261 = ORIENTED_EDGE ( 'NONE', *, *, #10183, .F. ) ;
#2262 = DIRECTION ( 'NONE',  ( -1.000000000000000000, 0.000000000000000000, 0.000000000000000000 ) ) ;
#2263 = CARTESIAN_POINT ( 'NONE',  ( 0.8464832398765511634, -12.70999999999999730, 1.143467180305729691 ) ) ;
#2264 = CARTESIAN_POINT ( 'NONE',  ( 0.8705709649381874193, -12.69999999999999751, 1.493865598102612102 ) ) ;
#2265 = ORIENTED_EDGE ( 'NONE', *, *, #9470, .T. ) ;
#2266 = DIRECTION ( 'NONE',  ( 0.000000000000000000, 0.000000000000000000, -1.000000000000000000 ) ) ;
#2267 = ORIENTED_EDGE ( 'NONE', *, *, #5654, .T. ) ;
#2268 = DIRECTION ( 'NONE',  ( -0.000000000000000000, -0.000000000000000000, 1.000000000000000000 ) ) ;
#2269 = ORIENTED_EDGE ( 'NONE', *, *, #9766, .F. ) ;
#2270 = ORIENTED_EDGE ( 'NONE', *, *, #7935, .F. ) ;
#2271 = PRESENTATION_STYLE_ASSIGNMENT (( #3869 ) ) ;
#2272 = CARTESIAN_POINT ( 'NONE',  ( 1.145413640818973899, -12.70999999999999730, 0.9400212146805150271 ) ) ;
#2273 = CARTESIAN_POINT ( 'NONE',  ( 3.210546155609103725, -12.70999999999999730, 1.271010818038490475 ) ) ;
#2274 = LINE ( 'NONE', #6035, #2570 ) ;
#2275 = LINE ( 'NONE', #564, #7696 ) ;
#2276 = FILL_AREA_STYLE_COLOUR ( '', #845 ) ;
#2277 = ADVANCED_FACE ( 'NONE', ( #9620 ), #10416, .F. ) ;
#2278 = FILL_AREA_STYLE ('',( #8894 ) ) ;
#2279 = PRESENTATION_STYLE_ASSIGNMENT (( #9695 ) ) ;
#2280 = ADVANCED_FACE ( 'NONE', ( #11344 ), #8543, .F. ) ;
#2281 = FILL_AREA_STYLE_COLOUR ( '', #4189 ) ;
#2282 = CARTESIAN_POINT ( 'NONE',  ( 1.621622766490103729, -12.69999999999999751, 2.161043594408120772 ) ) ;
#2283 = COLOUR_RGB ( '',1.000000000000000000, 1.000000000000000000, 1.000000000000000000 ) ;
#2284 = CARTESIAN_POINT ( 'NONE',  ( -3.230757569708321508, -12.70999999999999730, 1.415813300939981367 ) ) ;
#2285 = FILL_AREA_STYLE ('',( #10744 ) ) ;
#2286 = EDGE_CURVE ( 'NONE', #6235, #8929, #9800, .T. ) ;
#2287 =( LENGTH_UNIT ( ) NAMED_UNIT ( * ) SI_UNIT ( .MILLI., .METRE. ) );
#2288 = CARTESIAN_POINT ( 'NONE',  ( -1.789590466688415260, -12.70999999999999730, 1.232654778906526971 ) ) ;
#2289 = LINE ( 'NONE', #8020, #8724 ) ;
#2290 = DIRECTION ( 'NONE',  ( 1.000000000000000000, -0.000000000000000000, -0.000000000000000000 ) ) ;
#2291 = CARTESIAN_POINT ( 'NONE',  ( 0.5567373671960460513, -12.70999999999999730, 1.085587322965344104 ) ) ;
#2292 = VECTOR ( 'NONE', #8141, 1000.000000000000114 ) ;
#2293 = CARTESIAN_POINT ( 'NONE',  ( 3.057355155937388602, -12.70999999999999730, 1.629380713198598674 ) ) ;
#2294 = CARTESIAN_POINT ( 'NONE',  ( 1.879829315710288773, -12.69999999999999751, 2.508669324431330505 ) ) ;
#2295 = ORIENTED_EDGE ( 'NONE', *, *, #9538, .T. ) ;
#2296 = EDGE_CURVE ( 'NONE', #10266, #1288, #1428, .T. ) ;
#2297 = CARTESIAN_POINT ( 'NONE',  ( -3.519955003823156847, -12.70999999999999730, 1.661631138320091017 ) ) ;
#2298 = ORIENTED_EDGE ( 'NONE', *, *, #3455, .F. ) ;
#2299 =( GEOMETRIC_REPRESENTATION_CONTEXT ( 3 ) GLOBAL_UNCERTAINTY_ASSIGNED_CONTEXT ( ( #2706 ) ) GLOBAL_UNIT_ASSIGNED_CONTEXT ( ( #6070, #5094, #8861 ) ) REPRESENTATION_CONTEXT ( 'NONE', 'WORKASPACE' ) );
#2300 = CARTESIAN_POINT ( 'NONE',  ( -2.594523361750517232, -12.70999999999999730, 1.242294546281410339 ) ) ;
#2301 = PRESENTATION_LAYER_ASSIGNMENT (  '', '', ( #7625 ) ) ;
#2302 = CARTESIAN_POINT ( 'NONE',  ( -1.225655433392526916, -12.69999999999999751, 2.389444423432443010 ) ) ;
#2303 = CARTESIAN_POINT ( 'NONE',  ( 2.694652936130905285, -12.69999999999999751, 1.243977112217340641 ) ) ;
#2304 = CARTESIAN_POINT ( 'NONE',  ( -1.770310564202709935, -12.69999999999999751, 1.907448975704838512 ) ) ;
#2305 = ORIENTED_EDGE ( 'NONE', *, *, #1119, .T. ) ;
#2306 = SURFACE_STYLE_USAGE ( .BOTH. , #8113 ) ;
#2307 = FILL_AREA_STYLE_COLOUR ( '', #8608 ) ;
#2308 = DIRECTION ( 'NONE',  ( 0.000000000000000000, 0.000000000000000000, 1.000000000000000000 ) ) ;
#2309 = EDGE_CURVE ( 'NONE', #9365, #5046, #7884, .T. ) ;
#2310 = DIRECTION ( 'NONE',  ( -0.000000000000000000, 1.000000000000000000, -0.000000000000000000 ) ) ;
#2311 = COLOUR_RGB ( '',1.000000000000000000, 1.000000000000000000, 1.000000000000000000 ) ;
#2312 = VECTOR ( 'NONE', #1329, 1000.000000000000000 ) ;
#2313 =( NAMED_UNIT ( * ) PLANE_ANGLE_UNIT ( ) SI_UNIT ( $, .RADIAN. ) );
#2314 =( LENGTH_UNIT ( ) NAMED_UNIT ( * ) SI_UNIT ( .MILLI., .METRE. ) );
#2315 = FILL_AREA_STYLE ('',( #10843 ) ) ;
#2316 = EDGE_LOOP ( 'NONE', ( #8976, #4757 ) ) ;
#2317 = CARTESIAN_POINT ( 'NONE',  ( 2.626548792611196781, -12.70999999999999730, 1.673743717628395355 ) ) ;
#2318 =( LENGTH_UNIT ( ) NAMED_UNIT ( * ) SI_UNIT ( .MILLI., .METRE. ) );
#2319 = ADVANCED_FACE ( 'NONE', ( #9871 ), #10975, .F. ) ;
#2320 = LINE ( 'NONE', #2554, #3871 ) ;
#2321 =( GEOMETRIC_REPRESENTATION_CONTEXT ( 3 ) GLOBAL_UNCERTAINTY_ASSIGNED_CONTEXT ( ( #1407 ) ) GLOBAL_UNIT_ASSIGNED_CONTEXT ( ( #6264, #3416, #5402 ) ) REPRESENTATION_CONTEXT ( 'NONE', 'WORKASPACE' ) );
#2322 = STYLED_ITEM ( 'NONE', ( #10997 ), #11587 ) ;
#2323 = STYLED_ITEM ( 'NONE', ( #8079 ), #11293 ) ;
#2324 = FILL_AREA_STYLE ('',( #3231 ) ) ;
#2325 = COLOUR_RGB ( '',1.000000000000000000, 1.000000000000000000, 1.000000000000000000 ) ;
#2326 = ADVANCED_FACE ( 'NONE', ( #3296 ), #11705, .T. ) ;
#2327 =( NAMED_UNIT ( * ) SI_UNIT ( $, .STERADIAN. ) SOLID_ANGLE_UNIT ( ) );
#2328 = STYLED_ITEM ( 'NONE', ( #963 ), #11746 ) ;
#2329 = UNCERTAINTY_MEASURE_WITH_UNIT (LENGTH_MEASURE( 1.000000000000000082E-05 ), #1815, 'distance_accuracy_value', 'NONE');
#2330 =( LENGTH_UNIT ( ) NAMED_UNIT ( * ) SI_UNIT ( .MILLI., .METRE. ) );
#2331 = SURFACE_STYLE_FILL_AREA ( #5056 ) ;
#2332 = FACE_BOUND ( 'NONE', #11186, .T. ) ;
#2333 = EDGE_CURVE ( 'NONE', #8403, #1708, #2403, .T. ) ;
#2334 = LINE ( 'NONE', #565, #6136 ) ;
#2335 = STYLED_ITEM ( 'NONE', ( #7073 ), #2464 ) ;
#2336 = ORIENTED_EDGE ( 'NONE', *, *, #3690, .F. ) ;
#2337 = PRESENTATION_STYLE_ASSIGNMENT (( #6963 ) ) ;
#2338 = CARTESIAN_POINT ( 'NONE',  ( -3.519955003823156847, -12.70999999999999730, 2.124347051293271615 ) ) ;
#2339 = UNCERTAINTY_MEASURE_WITH_UNIT (LENGTH_MEASURE( 1.000000000000000082E-05 ), #3573, 'distance_accuracy_value', 'NONE');
#2340 = ORIENTED_EDGE ( 'NONE', *, *, #7644, .T. ) ;
#2341 = CARTESIAN_POINT ( 'NONE',  ( 1.359777064566932925, -12.70999999999999730, 1.165995268490024550 ) ) ;
#2342 = VERTEX_POINT ( 'NONE', #9138 ) ;
#2343 = EDGE_LOOP ( 'NONE', ( #3785, #11775, #11880, #7351 ) ) ;
#2344 = STYLED_ITEM ( 'NONE', ( #3769 ), #11031 ) ;
#2345 = ADVANCED_FACE ( 'NONE', ( #7402 ), #4686, .F. ) ;
#2346 = PRESENTATION_STYLE_ASSIGNMENT (( #5200 ) ) ;
#2347 = DIRECTION ( 'NONE',  ( 0.000000000000000000, 0.000000000000000000, -1.000000000000000000 ) ) ;
#2348 = ADVANCED_FACE ( 'NONE', ( #938 ), #5872, .F. ) ;
#2349 = VECTOR ( 'NONE', #2827, 1000.000000000000000 ) ;
#2350 =( LENGTH_UNIT ( ) NAMED_UNIT ( * ) SI_UNIT ( .MILLI., .METRE. ) );
#2351 = PRESENTATION_STYLE_ASSIGNMENT (( #1387 ) ) ;
#2352 = SURFACE_STYLE_USAGE ( .BOTH. , #3448 ) ;
#2353 = SURFACE_STYLE_FILL_AREA ( #8974 ) ;
#2354 =( NAMED_UNIT ( * ) SI_UNIT ( $, .STERADIAN. ) SOLID_ANGLE_UNIT ( ) );
#2355 = CARTESIAN_POINT ( 'NONE',  ( -1.461833411466664900, -12.70999999999999730, 2.129166751113926281 ) ) ;
#2356 = VERTEX_POINT ( 'NONE', #693 ) ;
#2357 = CARTESIAN_POINT ( 'NONE',  ( 0.8632926595230211442, -12.70999999999999730, 1.401673729525910739 ) ) ;
#2358 = ORIENTED_EDGE ( 'NONE', *, *, #9746, .F. ) ;
#2359 = FILL_AREA_STYLE ('',( #6130 ) ) ;
#2360 = B_SPLINE_CURVE_WITH_KNOTS ( 'NONE', 3,
 ( #9782, #9050, #608, #11747 ),
 .UNSPECIFIED., .F., .F.,
 ( 4, 4 ),
 ( 18.00000000000000000, 19.00000000000000000 ),
 .UNSPECIFIED. ) ;
#2361 = FILL_AREA_STYLE_COLOUR ( '', #10300 ) ;
#2362 = EDGE_CURVE ( 'NONE', #1288, #11644, #10757, .T. ) ;
#2363 = ADVANCED_FACE ( 'NONE', ( #4446 ), #10102, .F. ) ;
#2364 = CARTESIAN_POINT ( 'NONE',  ( 0.8464832398765511634, -12.70999999999999730, 1.143467180305729691 ) ) ;
#2365 = CARTESIAN_POINT ( 'NONE',  ( 0.9747200495550709665, -12.70999999999999730, 1.255067863321315702 ) ) ;
#2366 = MECHANICAL_DESIGN_GEOMETRIC_PRESENTATION_REPRESENTATION (  '', ( #6107 ), #3923 ) ;
#2367 = ORIENTED_EDGE ( 'NONE', *, *, #4205, .T. ) ;
#2368 = ORIENTED_EDGE ( 'NONE', *, *, #6075, .T. ) ;
#2369 =( GEOMETRIC_REPRESENTATION_CONTEXT ( 3 ) GLOBAL_UNCERTAINTY_ASSIGNED_CONTEXT ( ( #8896 ) ) GLOBAL_UNIT_ASSIGNED_CONTEXT ( ( #3874, #7769, #5669 ) ) REPRESENTATION_CONTEXT ( 'NONE', 'WORKASPACE' ) );
#2370 = ORIENTED_EDGE ( 'NONE', *, *, #10124, .F. ) ;
#2371 = FILL_AREA_STYLE ('',( #8169 ) ) ;
#2372 = LINE ( 'NONE', #7979, #8684 ) ;
#2373 = SURFACE_STYLE_USAGE ( .BOTH. , #10834 ) ;
#2374 = DIRECTION ( 'NONE',  ( -1.000000000000000000, -0.000000000000000000, -0.000000000000000000 ) ) ;
#2375 = SURFACE_STYLE_FILL_AREA ( #8119 ) ;
#2376 = PRESENTATION_LAYER_ASSIGNMENT (  '', '', ( #8683 ) ) ;
#2377 = VERTEX_POINT ( 'NONE', #9551 ) ;
#2378 = FILL_AREA_STYLE_COLOUR ( '', #3137 ) ;
#2379 =( GEOMETRIC_REPRESENTATION_CONTEXT ( 3 ) GLOBAL_UNCERTAINTY_ASSIGNED_CONTEXT ( ( #5841 ) ) GLOBAL_UNIT_ASSIGNED_CONTEXT ( ( #342, #5701, #9490 ) ) REPRESENTATION_CONTEXT ( 'NONE', 'WORKASPACE' ) );
#2380 = CARTESIAN_POINT ( 'NONE',  ( 0.9374620575545931089, -12.70999999999999730, 1.511888068654680728 ) ) ;
#2381 = MECHANICAL_DESIGN_GEOMETRIC_PRESENTATION_REPRESENTATION (  '', ( #7706 ), #11248 ) ;
#2382 =( NAMED_UNIT ( * ) PLANE_ANGLE_UNIT ( ) SI_UNIT ( $, .RADIAN. ) );
#2383 = CARTESIAN_POINT ( 'NONE',  ( 0.8877269705563358704, -12.69999999999999751, 1.505996107126357897 ) ) ;
#2384 = CARTESIAN_POINT ( 'NONE',  ( 0.5567373671960460513, -12.69999999999999751, 1.242244182354171000 ) ) ;
#2385 = ORIENTED_EDGE ( 'NONE', *, *, #264, .T. ) ;
#2386 = DIRECTION ( 'NONE',  ( -0.2524218971878660067, -0.000000000000000000, 0.9676172723861837799 ) ) ;
#2387 = ORIENTED_EDGE ( 'NONE', *, *, #11299, .T. ) ;
#2388 = VECTOR ( 'NONE', #3522, 1000.000000000000000 ) ;
#2389 = SURFACE_STYLE_FILL_AREA ( #10846 ) ;
#2390 = AXIS2_PLACEMENT_3D ( 'NONE', #2490, #5275, #5160 ) ;
#2391 = VECTOR ( 'NONE', #7784, 1000.000000000000000 ) ;
#2392 = SURFACE_STYLE_USAGE ( .BOTH. , #7994 ) ;
#2393 =( GEOMETRIC_REPRESENTATION_CONTEXT ( 3 ) GLOBAL_UNCERTAINTY_ASSIGNED_CONTEXT ( ( #1189 ) ) GLOBAL_UNIT_ASSIGNED_CONTEXT ( ( #10391, #18, #7671 ) ) REPRESENTATION_CONTEXT ( 'NONE', 'WORKASPACE' ) );
#2394 = ORIENTED_EDGE ( 'NONE', *, *, #8069, .F. ) ;
#2395 = STYLED_ITEM ( 'NONE', ( #1800 ), #1519 ) ;
#2396 = STYLED_ITEM ( 'NONE', ( #4599 ), #6217 ) ;
#2397 =( NAMED_UNIT ( * ) PLANE_ANGLE_UNIT ( ) SI_UNIT ( $, .RADIAN. ) );
#2398 = EDGE_LOOP ( 'NONE', ( #3063, #8178, #4182, #8310 ) ) ;
#2399 = UNCERTAINTY_MEASURE_WITH_UNIT (LENGTH_MEASURE( 1.000000000000000082E-05 ), #4305, 'distance_accuracy_value', 'NONE');
#2400 = CARTESIAN_POINT ( 'NONE',  ( 2.636773078785899393, -12.70999999999999730, 1.430786951181954203 ) ) ;
#2401 = STYLED_ITEM ( 'NONE', ( #11579 ), #8418 ) ;
#2402 = EDGE_CURVE ( 'NONE', #3407, #8642, #1973, .T. ) ;
#2403 = LINE ( 'NONE', #5470, #4300 ) ;
#2404 = PRESENTATION_STYLE_ASSIGNMENT (( #4249 ) ) ;
#2405 = MECHANICAL_DESIGN_GEOMETRIC_PRESENTATION_REPRESENTATION (  '', ( #8511 ), #9897 ) ;
#2406 = LINE ( 'NONE', #5123, #11272 ) ;
#2407 =( NAMED_UNIT ( * ) SI_UNIT ( $, .STERADIAN. ) SOLID_ANGLE_UNIT ( ) );
#2408 = DIRECTION ( 'NONE',  ( -0.000000000000000000, 1.000000000000000000, -0.000000000000000000 ) ) ;
#2409 =( LENGTH_UNIT ( ) NAMED_UNIT ( * ) SI_UNIT ( .MILLI., .METRE. ) );
#2410 = VECTOR ( 'NONE', #8195, 1000.000000000000000 ) ;
#2411 = EDGE_LOOP ( 'NONE', ( #7011, #10775, #8203, #1880 ) ) ;
#2412 =( NAMED_UNIT ( * ) SI_UNIT ( $, .STERADIAN. ) SOLID_ANGLE_UNIT ( ) );
#2413 = ORIENTED_EDGE ( 'NONE', *, *, #11770, .T. ) ;
#2414 = CARTESIAN_POINT ( 'NONE',  ( -1.196735763529605867, -12.69999999999999751, 1.391713330897701661 ) ) ;
#2415 = CARTESIAN_POINT ( 'NONE',  ( 1.177992722196744779, -12.70999999999999730, 0.9303168074587356839 ) ) ;
#2416 = DIRECTION ( 'NONE',  ( 0.000000000000000000, 0.000000000000000000, -1.000000000000000000 ) ) ;
#2417 = DIRECTION ( 'NONE',  ( -0.000000000000000000, 0.000000000000000000, 1.000000000000000000 ) ) ;
#2418 = EDGE_CURVE ( 'NONE', #9303, #9976, #10482, .T. ) ;
#2419 = CARTESIAN_POINT ( 'NONE',  ( 0.5567373671960460513, -12.70999999999999730, 1.328544089411771933 ) ) ;
#2420 = PRESENTATION_LAYER_ASSIGNMENT (  '', '', ( #8719 ) ) ;
#2421 = CARTESIAN_POINT ( 'NONE',  ( 1.083721337782844074, -12.70999999999999730, 1.172926987933466281 ) ) ;
#2422 = SURFACE_STYLE_FILL_AREA ( #10880 ) ;
#2423 = ORIENTED_EDGE ( 'NONE', *, *, #1700, .F. ) ;
#2424 = PLANE ( 'NONE',  #4491 ) ;
#2425 = CARTESIAN_POINT ( 'NONE',  ( 2.558444649096109025, -12.70999999999999730, 1.117126646423376668 ) ) ;
#2426 = ORIENTED_EDGE ( 'NONE', *, *, #6645, .F. ) ;
#2427 =( LENGTH_UNIT ( ) NAMED_UNIT ( * ) SI_UNIT ( .MILLI., .METRE. ) );
#2428 = EDGE_LOOP ( 'NONE', ( #4507, #10754, #2127, #11381 ) ) ;
#2429 = ORIENTED_EDGE ( 'NONE', *, *, #10369, .F. ) ;
#2430 = COLOUR_RGB ( '',1.000000000000000000, 1.000000000000000000, 1.000000000000000000 ) ;
#2431 = DIRECTION ( 'NONE',  ( -0.000000000000000000, 1.000000000000000000, -0.000000000000000000 ) ) ;
#2432 = FILL_AREA_STYLE ('',( #7918 ) ) ;
#2433 = FILL_AREA_STYLE ('',( #11380 ) ) ;
#2434 = ORIENTED_EDGE ( 'NONE', *, *, #9341, .T. ) ;
#2435 = SURFACE_STYLE_FILL_AREA ( #2371 ) ;
#2437 = ORIENTED_EDGE ( 'NONE', *, *, #11404, .T. ) ;
#2436 = CARTESIAN_POINT ( 'NONE',  ( 19.89999999999999858, -1.249999999999995115, 0.000000000000000000 ) ) ;
#2438 = PRESENTATION_STYLE_ASSIGNMENT (( #1343 ) ) ;
#2439 = SURFACE_SIDE_STYLE ('',( #10905 ) ) ;
#2440 = CARTESIAN_POINT ( 'NONE',  ( 1.362029873383047152, -12.69999999999999751, 1.165995268490024994 ) ) ;
#2441 = EDGE_CURVE ( 'NONE', #8051, #3403, #6807, .T. ) ;
#2442 = ADVANCED_FACE ( 'NONE', ( #5772 ), #11390, .F. ) ;
#2443 =( NAMED_UNIT ( * ) PLANE_ANGLE_UNIT ( ) SI_UNIT ( $, .RADIAN. ) );
#2444 = EDGE_LOOP ( 'NONE', ( #12166, #5065, #1503, #2538 ) ) ;
#2445 = SURFACE_SIDE_STYLE ('',( #10910 ) ) ;
#2446 = FILL_AREA_STYLE_COLOUR ( '', #10432 ) ;
#2447 = VECTOR ( 'NONE', #1114, 1000.000000000000000 ) ;
#2448 = EDGE_LOOP ( 'NONE', ( #5840, #8114, #1050, #5636, #1389, #6244, #1901, #4427 ) ) ;
#2449 = EDGE_CURVE ( 'NONE', #10797, #2482, #5743, .T. ) ;
#2450 = PRESENTATION_LAYER_ASSIGNMENT (  '', '', ( #6193 ) ) ;
#2451 = LINE ( 'NONE', #492, #942 ) ;
#2452 = MECHANICAL_DESIGN_GEOMETRIC_PRESENTATION_REPRESENTATION (  '', ( #500 ), #5407 ) ;
#2453 = FACE_OUTER_BOUND ( 'NONE', #10330, .T. ) ;
#2454 = ORIENTED_EDGE ( 'NONE', *, *, #6791, .T. ) ;
#2455 = EDGE_LOOP ( 'NONE', ( #7593, #7562, #3145, #6141 ) ) ;
#2456 = CARTESIAN_POINT ( 'NONE',  ( 0.4654119635463069837, -12.69999999999999751, 1.143813766277427035 ) ) ;
#2457 = CARTESIAN_POINT ( 'NONE',  ( 0.4026799025950586475, -12.69999999999999751, 2.746427301292870382 ) ) ;
#2458 = EDGE_CURVE ( 'NONE', #11104, #1584, #5651, .T. ) ;
#2459 = PRESENTATION_LAYER_ASSIGNMENT (  '', '', ( #7773 ) ) ;
#2460 = UNCERTAINTY_MEASURE_WITH_UNIT (LENGTH_MEASURE( 1.000000000000000082E-05 ), #10808, 'distance_accuracy_value', 'NONE');
#2461 = CARTESIAN_POINT ( 'NONE',  ( 0.3633423947619750516, -12.69999999999999751, 1.165648682518300117 ) ) ;
#2462 = CARTESIAN_POINT ( 'NONE',  ( 0.9601634387270491233, -12.70999999999999730, 1.267198372345056390 ) ) ;
#2463 = LINE ( 'NONE', #8137, #3132 ) ;
#2464 = ADVANCED_FACE ( 'NONE', ( #3989 ), #108, .F. ) ;
#2465 = ORIENTED_EDGE ( 'NONE', *, *, #11413, .F. ) ;
#2466 = ADVANCED_FACE ( 'NONE', ( #9057 ), #4007, .F. ) ;
#2467 = MECHANICAL_DESIGN_GEOMETRIC_PRESENTATION_REPRESENTATION (  '', ( #8572 ), #9376 ) ;
#2468 = LINE ( 'NONE', #5062, #9201 ) ;
#2469 =( LENGTH_UNIT ( ) NAMED_UNIT ( * ) SI_UNIT ( .MILLI., .METRE. ) );
#2470 = UNCERTAINTY_MEASURE_WITH_UNIT (LENGTH_MEASURE( 1.000000000000000082E-05 ), #4657, 'distance_accuracy_value', 'NONE');
#2471 = SURFACE_STYLE_USAGE ( .BOTH. , #1497 ) ;
#2472 = LINE ( 'NONE', #3444, #7528 ) ;
#2473 = ORIENTED_EDGE ( 'NONE', *, *, #8850, .F. ) ;
#2474 =( NAMED_UNIT ( * ) PLANE_ANGLE_UNIT ( ) SI_UNIT ( $, .RADIAN. ) );
#2475 = SURFACE_SIDE_STYLE ('',( #1640 ) ) ;
#2476 = LINE ( 'NONE', #10686, #6902 ) ;
#2477 = PLANE ( 'NONE',  #4294 ) ;
#2478 = ORIENTED_EDGE ( 'NONE', *, *, #9403, .T. ) ;
#2479 = EDGE_CURVE ( 'NONE', #7002, #4080, #8258, .T. ) ;
#2480 = DIRECTION ( 'NONE',  ( 1.000000000000000000, 0.000000000000000000, -0.000000000000000000 ) ) ;
#2481 = DIRECTION ( 'NONE',  ( -0.000000000000000000, 1.000000000000000000, -0.000000000000000000 ) ) ;
#2482 = VERTEX_POINT ( 'NONE', #8998 ) ;
#2483 = ORIENTED_EDGE ( 'NONE', *, *, #11505, .T. ) ;
#2484 = VERTEX_POINT ( 'NONE', #4296 ) ;
#2485 = LINE ( 'NONE', #5270, #10101 ) ;
#2486 = EDGE_CURVE ( 'NONE', #5700, #4618, #8055, .T. ) ;
#2487 = CARTESIAN_POINT ( 'NONE',  ( 22.05000000000000071, -11.89999999999999680, 21.50000000000000000 ) ) ;
#2488 = EDGE_CURVE ( 'NONE', #9398, #7008, #7269, .T. ) ;
#2489 = DIRECTION ( 'NONE',  ( 0.000000000000000000, 0.000000000000000000, 1.000000000000000000 ) ) ;
#2490 = CARTESIAN_POINT ( 'NONE',  ( 3.279690057048559648, -12.70999999999999730, 1.085587322965344104 ) ) ;
#2491 =( GEOMETRIC_REPRESENTATION_CONTEXT ( 3 ) GLOBAL_UNCERTAINTY_ASSIGNED_CONTEXT ( ( #9515 ) ) GLOBAL_UNIT_ASSIGNED_CONTEXT ( ( #10735, #509, #1553 ) ) REPRESENTATION_CONTEXT ( 'NONE', 'WORKASPACE' ) );
#2492 = ORIENTED_EDGE ( 'NONE', *, *, #3008, .T. ) ;
#2493 = FACE_OUTER_BOUND ( 'NONE', #1512, .T. ) ;
#2494 = EDGE_LOOP ( 'NONE', ( #6190, #3802, #4254, #10838 ) ) ;
#2495 = LINE ( 'NONE', #5340, #8302 ) ;
#2496 = CARTESIAN_POINT ( 'NONE',  ( 0.1559106904551708916, -12.69999999999999751, 1.685527640680428041 ) ) ;
#2497 = LINE ( 'NONE', #7138, #4704 ) ;
#2498 = LINE ( 'NONE', #541, #5876 ) ;
#2499 = PRESENTATION_STYLE_ASSIGNMENT (( #8994 ) ) ;
#2500 = PRESENTATION_LAYER_ASSIGNMENT (  '', '', ( #11544 ) ) ;
#2501 = DIRECTION ( 'NONE',  ( -0.000000000000000000, -0.000000000000000000, -1.000000000000000000 ) ) ;
#2502 = ORIENTED_EDGE ( 'NONE', *, *, #6735, .F. ) ;
#2503 = SURFACE_SIDE_STYLE ('',( #9855 ) ) ;
#2504 = CARTESIAN_POINT ( 'NONE',  ( 1.232406719817708218, -12.70999999999999730, 0.9303168074587356839 ) ) ;
#2505 = ORIENTED_EDGE ( 'NONE', *, *, #4265, .F. ) ;
#2506 = EDGE_CURVE ( 'NONE', #3165, #8570, #5959, .T. ) ;
#2507 = LINE ( 'NONE', #9979, #11735 ) ;
#2508 = COLOUR_RGB ( '',1.000000000000000000, 1.000000000000000000, 1.000000000000000000 ) ;
#2509 = PLANE ( 'NONE',  #4501 ) ;
#2510 = EDGE_LOOP ( 'NONE', ( #8690, #4611, #2627, #9226 ) ) ;
#2511 =( LENGTH_UNIT ( ) NAMED_UNIT ( * ) SI_UNIT ( .MILLI., .METRE. ) );
#2512 = CARTESIAN_POINT ( 'NONE',  ( 0.6036997664159702293, -12.69999999999999751, 2.850403092926218296 ) ) ;
#2513 = PRESENTATION_LAYER_ASSIGNMENT (  '', '', ( #11555 ) ) ;
#2514 = MECHANICAL_DESIGN_GEOMETRIC_PRESENTATION_REPRESENTATION (  '', ( #10987 ), #6056 ) ;
#2515 = SURFACE_SIDE_STYLE ('',( #11827 ) ) ;
#2516 = CARTESIAN_POINT ( 'NONE',  ( 0.5245048717899720714, -12.70999999999999730, 2.227588101050506086 ) ) ;
#2517 = COLOUR_RGB ( '',1.000000000000000000, 1.000000000000000000, 1.000000000000000000 ) ;
#2518 = ADVANCED_FACE ( 'NONE', ( #5288 ), #372, .F. ) ;
#2519 =( GEOMETRIC_REPRESENTATION_CONTEXT ( 3 ) GLOBAL_UNCERTAINTY_ASSIGNED_CONTEXT ( ( #5324 ) ) GLOBAL_UNIT_ASSIGNED_CONTEXT ( ( #1317, #5060, #10442 ) ) REPRESENTATION_CONTEXT ( 'NONE', 'WORKASPACE' ) );
#2520 = FACE_OUTER_BOUND ( 'NONE', #9132, .T. ) ;
#2521 = CARTESIAN_POINT ( 'NONE',  ( 2.107016420425415593, -12.70999999999999730, 2.423062589321753890 ) ) ;
#2522 = ORIENTED_EDGE ( 'NONE', *, *, #6156, .F. ) ;
#2523 = ORIENTED_EDGE ( 'NONE', *, *, #4571, .T. ) ;
#2524 = SURFACE_STYLE_FILL_AREA ( #10982 ) ;
#2525 = CARTESIAN_POINT ( 'NONE',  ( 0.8378185905745648698, -12.70999999999999730, 1.074149985885020087 ) ) ;
#2526 = ORIENTED_EDGE ( 'NONE', *, *, #10420, .F. ) ;
#2527 = DIRECTION ( 'NONE',  ( -1.000000000000000000, -0.000000000000000000, -0.000000000000000000 ) ) ;
#2528 = DIRECTION ( 'NONE',  ( -0.000000000000000000, 1.000000000000000000, -0.000000000000000000 ) ) ;
#2529 = COLOUR_RGB ( '',0.7529411764705882248, 0.7529411764705882248, 0.7529411764705882248 ) ;
#2530 = STYLED_ITEM ( 'NONE', ( #496 ), #11411 ) ;
#2531 = FILL_AREA_STYLE_COLOUR ( '', #5543 ) ;
#2532 =( NAMED_UNIT ( * ) SI_UNIT ( $, .STERADIAN. ) SOLID_ANGLE_UNIT ( ) );
#2533 = AXIS2_PLACEMENT_3D ( 'NONE', #4172, #8805, #11753 ) ;
#2534 =( NAMED_UNIT ( * ) SI_UNIT ( $, .STERADIAN. ) SOLID_ANGLE_UNIT ( ) );
#2535 = CARTESIAN_POINT ( 'NONE',  ( -2.295685976389368665, -12.70999999999999730, 0.9820171497631016155 ) ) ;
#2536 = VECTOR ( 'NONE', #2528, 1000.000000000000000 ) ;
#2537 = EDGE_CURVE ( 'NONE', #9982, #9768, #163, .T. ) ;
#2538 = ORIENTED_EDGE ( 'NONE', *, *, #3024, .T. ) ;
#2539 = VERTEX_POINT ( 'NONE', #5517 ) ;
#2540 = CARTESIAN_POINT ( 'NONE',  ( 0.7572373520594096741, -12.69999999999999751, 1.439105014512265912 ) ) ;
#2541 = ORIENTED_EDGE ( 'NONE', *, *, #491, .T. ) ;
#2542 = FACE_OUTER_BOUND ( 'NONE', #6639, .T. ) ;
#2543 = CARTESIAN_POINT ( 'NONE',  ( -3.163278186800462688, -12.70999999999999730, 1.598971731040015554 ) ) ;
#2544 = EDGE_CURVE ( 'NONE', #9780, #7865, #3689, .T. ) ;
#2545 = CARTESIAN_POINT ( 'NONE',  ( 2.636773078785899393, -12.70999999999999730, 1.430786951181954203 ) ) ;
#2546 = CARTESIAN_POINT ( 'NONE',  ( 0.9747200495550709665, -12.69999999999999751, 1.255067863321315702 ) ) ;
#2547 = EDGE_LOOP ( 'NONE', ( #3016, #5154, #8488, #1978 ) ) ;
#2548 =( LENGTH_UNIT ( ) NAMED_UNIT ( * ) SI_UNIT ( .MILLI., .METRE. ) );
#2549 = ORIENTED_EDGE ( 'NONE', *, *, #5293, .F. ) ;
#2550 = SURFACE_STYLE_FILL_AREA ( #10955 ) ;
#2551 = VERTEX_POINT ( 'NONE', #9307 ) ;
#2552 = CARTESIAN_POINT ( 'NONE',  ( -3.621174262048271864, -12.70999999999999730, 1.324234039920944239 ) ) ;
#2553 = LINE ( 'NONE', #3272, #11563 ) ;
#2554 = CARTESIAN_POINT ( 'NONE',  ( 1.199827638437622745, -12.69999999999999751, 2.238332266187399888 ) ) ;
#2555 = DIRECTION ( 'NONE',  ( -0.000000000000000000, 1.000000000000000000, -0.000000000000000000 ) ) ;
#2556 = CARTESIAN_POINT ( 'NONE',  ( -1.900449446328667413, -12.69999999999999751, 3.020858839633884685 ) ) ;
#2557 = EDGE_CURVE ( 'NONE', #5216, #4272, #4288, .T. ) ;
#2558 = ORIENTED_EDGE ( 'NONE', *, *, #285, .T. ) ;
#2559 = VERTEX_POINT ( 'NONE', #4548 ) ;
#2560 = COLOUR_RGB ( '',0.2509803921568627416, 0.2509803921568627416, 0.2509803921568627416 ) ;
#2561 = CARTESIAN_POINT ( 'NONE',  ( -0.1932746764407473894, -12.70999999999999730, 1.763509484403121608 ) ) ;
#2562 = ORIENTED_EDGE ( 'NONE', *, *, #11161, .T. ) ;
#2563 = CARTESIAN_POINT ( 'NONE',  ( 2.626548792611196781, -12.69999999999999751, 1.673743717628395355 ) ) ;
#2564 = EDGE_CURVE ( 'NONE', #3070, #8839, #7531, .T. ) ;
#2565 =( GEOMETRIC_REPRESENTATION_CONTEXT ( 3 ) GLOBAL_UNCERTAINTY_ASSIGNED_CONTEXT ( ( #6420 ) ) GLOBAL_UNIT_ASSIGNED_CONTEXT ( ( #8058, #10966, #1597 ) ) REPRESENTATION_CONTEXT ( 'NONE', 'WORKASPACE' ) );
#2566 =( LENGTH_UNIT ( ) NAMED_UNIT ( * ) SI_UNIT ( .MILLI., .METRE. ) );
#2567 = VERTEX_POINT ( 'NONE', #6402 ) ;
#2568 = COLOUR_RGB ( '',1.000000000000000000, 1.000000000000000000, 1.000000000000000000 ) ;
#2569 = B_SPLINE_CURVE_WITH_KNOTS ( 'NONE', 3,
 ( #6100, #7888, #11768, #10670 ),
 .UNSPECIFIED., .F., .F.,
 ( 4, 4 ),
 ( 2.000000000000000000, 3.000000000000000000 ),
 .UNSPECIFIED. ) ;
#2570 = VECTOR ( 'NONE', #6099, 1000.000000000000000 ) ;
#2571 = CARTESIAN_POINT ( 'NONE',  ( 22.05000000000000071, -11.89999999999999680, 20.69999999999999929 ) ) ;
#2572 =( LENGTH_UNIT ( ) NAMED_UNIT ( * ) SI_UNIT ( .MILLI., .METRE. ) );
#2573 = CARTESIAN_POINT ( 'NONE',  ( 0.4281539715458249074, -12.70999999999999730, 1.143813766277427035 ) ) ;
#2574 = CARTESIAN_POINT ( 'NONE',  ( 0.8880735565303700119, -12.70999999999999730, 1.074149985885020087 ) ) ;
#2575 = PRESENTATION_STYLE_ASSIGNMENT (( #7350 ) ) ;
#2576 = UNCERTAINTY_MEASURE_WITH_UNIT (LENGTH_MEASURE( 1.000000000000000082E-05 ), #1351, 'distance_accuracy_value', 'NONE');
#2577 = CARTESIAN_POINT ( 'NONE',  ( -2.416184815337920622, -12.70999999999999730, 1.570051969239089962 ) ) ;
#2578 = SURFACE_STYLE_USAGE ( .BOTH. , #10044 ) ;
#2579 = PRESENTATION_LAYER_ASSIGNMENT (  '', '', ( #2764 ) ) ;
#2580 = LINE ( 'NONE', #9366, #5339 ) ;
#2581 = CARTESIAN_POINT ( 'NONE',  ( 1.917433893687110924, -12.70999999999999730, 2.161043594408120772 ) ) ;
#2582 = SURFACE_STYLE_USAGE ( .BOTH. , #2695 ) ;
#2583 = VERTEX_POINT ( 'NONE', #11020 ) ;
#2584 = CARTESIAN_POINT ( 'NONE',  ( 2.636773078785899393, -12.70999999999999730, 1.430786951181954203 ) ) ;
#2585 = ORIENTED_EDGE ( 'NONE', *, *, #552, .F. ) ;
#2586 = COLOUR_RGB ( '',1.000000000000000000, 1.000000000000000000, 1.000000000000000000 ) ;
#2587 = COLOUR_RGB ( '',1.000000000000000000, 1.000000000000000000, 1.000000000000000000 ) ;
#2588 = EDGE_CURVE ( 'NONE', #11867, #8753, #8306, .T. ) ;
#2589 = VECTOR ( 'NONE', #1380, 1000.000000000000000 ) ;
#2590 = DIRECTION ( 'NONE',  ( -0.000000000000000000, -0.000000000000000000, -1.000000000000000000 ) ) ;
#2591 = CARTESIAN_POINT ( 'NONE',  ( 1.083721337782844074, -12.70999999999999730, 1.217289992363262963 ) ) ;
#2592 = CARTESIAN_POINT ( 'NONE',  ( 0.4012935587059008324, -12.69999999999999751, 1.143813766277427035 ) ) ;
#2593 = FACE_OUTER_BOUND ( 'NONE', #5117, .T. ) ;
#2594 = FACE_OUTER_BOUND ( 'NONE', #88, .T. ) ;
#2595 = PRESENTATION_LAYER_ASSIGNMENT (  '', '', ( #7916 ) ) ;
#2596 = LINE ( 'NONE', #8343, #5829 ) ;
#2597 = CARTESIAN_POINT ( 'NONE',  ( 2.363316746801205070, -12.69999999999999751, 1.085587322965344104 ) ) ;
#2598 = UNCERTAINTY_MEASURE_WITH_UNIT (LENGTH_MEASURE( 1.000000000000000082E-05 ), #9852, 'distance_accuracy_value', 'NONE');
#2599 = ORIENTED_EDGE ( 'NONE', *, *, #5902, .T. ) ;
#2600 = LINE ( 'NONE', #135, #5676 ) ;
#2601 = EDGE_LOOP ( 'NONE', ( #5838, #5265, #9467, #2917 ) ) ;
#2602 = B_SPLINE_CURVE_WITH_KNOTS ( 'NONE', 3,
 ( #12027, #4582, #9332, #6233 ),
 .UNSPECIFIED., .F., .F.,
 ( 4, 4 ),
 ( 11.00000000000000000, 12.00000000000000000 ),
 .UNSPECIFIED. ) ;
#2603 = PRESENTATION_LAYER_ASSIGNMENT (  '', '', ( #3169 ) ) ;
#2604 = SURFACE_STYLE_USAGE ( .BOTH. , #11237 ) ;
#2605 = CARTESIAN_POINT ( 'NONE',  ( 1.879829315710288773, -12.69999999999999751, 2.508669324431330505 ) ) ;
#2606 = PRESENTATION_LAYER_ASSIGNMENT (  '', '', ( #11863 ) ) ;
#2607 = EDGE_CURVE ( 'NONE', #11256, #4490, #12061, .T. ) ;
#2608 = FILL_AREA_STYLE_COLOUR ( '', #7712 ) ;
#2609 = SURFACE_SIDE_STYLE ('',( #11073 ) ) ;
#2610 = VERTEX_POINT ( 'NONE', #862 ) ;
#2611 = DIRECTION ( 'NONE',  ( -0.000000000000000000, 1.000000000000000000, -0.000000000000000000 ) ) ;
#2612 = SURFACE_STYLE_USAGE ( .BOTH. , #11076 ) ;
#2613 = ORIENTED_EDGE ( 'NONE', *, *, #8069, .T. ) ;
#2614 = CARTESIAN_POINT ( 'NONE',  ( 2.221563084205162575, -12.69999999999999751, 2.752319262821193657 ) ) ;
#2615 = SURFACE_STYLE_FILL_AREA ( #2789 ) ;
#2616 = CARTESIAN_POINT ( 'NONE',  ( -2.676462671523232473, -12.69999999999999751, 1.054316140560536796 ) ) ;
#2617 = EDGE_CURVE ( 'NONE', #8166, #6514, #8183, .T. ) ;
#2618 = PLANE ( 'NONE',  #7962 ) ;
#2619 = ORIENTED_EDGE ( 'NONE', *, *, #7363, .F. ) ;
#2620 = DIRECTION ( 'NONE',  ( 1.000000000000000000, 0.000000000000000000, 0.000000000000000000 ) ) ;
#2621 = CARTESIAN_POINT ( 'NONE',  ( 1.193589090939889408, -12.70999999999999730, 0.9303168074587356839 ) ) ;
#2622 = CARTESIAN_POINT ( 'NONE',  ( -3.004219634811589490, -12.69999999999999751, 2.630442285191726182 ) ) ;
#2623 = DIRECTION ( 'NONE',  ( -1.000000000000000000, 0.000000000000000000, 0.000000000000000000 ) ) ;
#2624 = DIRECTION ( 'NONE',  ( -0.000000000000000000, 1.000000000000000000, -0.000000000000000000 ) ) ;
#2625 = ORIENTED_EDGE ( 'NONE', *, *, #2479, .T. ) ;
#2626 = EDGE_CURVE ( 'NONE', #8433, #2342, #4615, .T. ) ;
#2627 = ORIENTED_EDGE ( 'NONE', *, *, #10341, .T. ) ;
#2628 = ORIENTED_EDGE ( 'NONE', *, *, #2649, .T. ) ;
#2629 = SURFACE_SIDE_STYLE ('',( #7267 ) ) ;
#2630 = CARTESIAN_POINT ( 'NONE',  ( 1.165169041227267943, -12.70999999999999730, 2.466385835831798712 ) ) ;
#2631 = UNCERTAINTY_MEASURE_WITH_UNIT (LENGTH_MEASURE( 1.000000000000000082E-05 ), #2719, 'distance_accuracy_value', 'NONE');
#2632 = B_SPLINE_SURFACE_WITH_KNOTS ( 'NONE', 3, 1, ( 
 ( #2811, #2096 ),
 ( #5718, #3799 ),
 ( #8510, #7579 ),
 ( #2867, #6635 ) ),
 .UNSPECIFIED., .F., .F., .F.,
 ( 4, 4 ),
 ( 2, 2 ),
 ( 4.000000000000000000, 5.000000000000000000 ),
 ( 0.000000000000000000, 1.000000000000000000 ),
 .UNSPECIFIED. ) ;
#2633 = FACE_OUTER_BOUND ( 'NONE', #2699, .T. ) ;
#2634 = CARTESIAN_POINT ( 'NONE',  ( 0.9929158130906751145, -12.69999999999999751, 1.086973666852187215 ) ) ;
#2635 = CARTESIAN_POINT ( 'NONE',  ( 1.517820267842606929, -12.69999999999999751, 2.760983912123202266 ) ) ;
#2636 = SURFACE_STYLE_USAGE ( .BOTH. , #11097 ) ;
#2637 = DIRECTION ( 'NONE',  ( 1.000000000000000000, 0.000000000000000000, -0.000000000000000000 ) ) ;
#2638 = DIRECTION ( 'NONE',  ( -0.000000000000000000, 1.000000000000000000, -0.000000000000000000 ) ) ;
#2639 = LINE ( 'NONE', #6291, #2954 ) ;
#2640 = B_SPLINE_CURVE_WITH_KNOTS ( 'NONE', 3,
 ( #11706, #10856, #8072, #2272 ),
 .UNSPECIFIED., .F., .F.,
 ( 4, 4 ),
 ( 4.000000000000000000, 5.000000000000000000 ),
 .UNSPECIFIED. ) ;
#2641 = SURFACE_SIDE_STYLE ('',( #7357 ) ) ;
#2642 = PRESENTATION_STYLE_ASSIGNMENT (( #7533 ) ) ;
#2643 = CARTESIAN_POINT ( 'NONE',  ( 0.3387347907427868399, -12.69999999999999751, 1.222142195971842815 ) ) ;
#2644 = MECHANICAL_DESIGN_GEOMETRIC_PRESENTATION_REPRESENTATION (  '', ( #5606 ), #5020 ) ;
#2645 = CARTESIAN_POINT ( 'NONE',  ( 0.3796319354508741473, -12.69999999999999751, 1.151092071692592977 ) ) ;
#2646 = EDGE_LOOP ( 'NONE', ( #2413, #1280, #4415, #159 ) ) ;
#2647 = CARTESIAN_POINT ( 'NONE',  ( 22.05000000000000426, 11.90000000000000036, 20.69999999999999929 ) ) ;
#2648 = FILL_AREA_STYLE ('',( #11115 ) ) ;
#2649 = EDGE_CURVE ( 'NONE', #10882, #11540, #9156, .T. ) ;
#2650 = AXIS2_PLACEMENT_3D ( 'NONE', #2102, #6819, #8693 ) ;
#2651 = EDGE_CURVE ( 'NONE', #3556, #7197, #4431, .T. ) ;
#2652 = LINE ( 'NONE', #6436, #833 ) ;
#2653 = FILL_AREA_STYLE_COLOUR ( '', #10803 ) ;
#2654 = ORIENTED_EDGE ( 'NONE', *, *, #8161, .T. ) ;
#2655 = B_SPLINE_SURFACE_WITH_KNOTS ( 'NONE', 3, 1, ( 
 ( #1646, #2540 ),
 ( #3451, #8283 ),
 ( #5387, #10011 ),
 ( #4336, #6243 ) ),
 .UNSPECIFIED., .F., .F., .F.,
 ( 4, 4 ),
 ( 2, 2 ),
 ( 5.000000000000000000, 6.000000000000000000 ),
 ( 0.000000000000000000, 1.000000000000000000 ),
 .UNSPECIFIED. ) ;
#2656 = DIRECTION ( 'NONE',  ( -0.000000000000000000, -0.000000000000000000, -1.000000000000000000 ) ) ;
#2657 = CARTESIAN_POINT ( 'NONE',  ( 1.709482310420420204, -12.70999999999999730, 2.192582917870760095 ) ) ;
#2658 = FILL_AREA_STYLE_COLOUR ( '', #7847 ) ;
#2659 = EDGE_LOOP ( 'NONE', ( #3239, #9108, #11140, #12070 ) ) ;
#2660 = DIRECTION ( 'NONE',  ( 0.000000000000000000, 0.000000000000000000, 1.000000000000000000 ) ) ;
#2661 = EDGE_CURVE ( 'NONE', #5472, #3070, #5463, .T. ) ;
#2662 = DIRECTION ( 'NONE',  ( -0.000000000000000000, 1.000000000000000000, -0.000000000000000000 ) ) ;
#2663 = DIRECTION ( 'NONE',  ( -1.000000000000000000, 0.000000000000000000, 0.000000000000000000 ) ) ;
#2664 =( LENGTH_UNIT ( ) NAMED_UNIT ( * ) SI_UNIT ( .MILLI., .METRE. ) );
#2665 = FILL_AREA_STYLE ('',( #5336 ) ) ;
#2666 = EDGE_LOOP ( 'NONE', ( #5685, #11490, #7639, #10328 ) ) ;
#2667 = CARTESIAN_POINT ( 'NONE',  ( 1.193589090939889408, -12.69999999999999751, 0.9303168074587356839 ) ) ;
#2668 = EDGE_CURVE ( 'NONE', #3158, #10629, #986, .T. ) ;
#2670 = ORIENTED_EDGE ( 'NONE', *, *, #7574, .T. ) ;
#2669 = CARTESIAN_POINT ( 'NONE',  ( -3.037959280299975084, -12.70999999999999730, 2.341245126877084637 ) ) ;
#2671 =( NAMED_UNIT ( * ) PLANE_ANGLE_UNIT ( ) SI_UNIT ( $, .RADIAN. ) );
#2672 = CARTESIAN_POINT ( 'NONE',  ( -1.423273790357425961, -12.69999999999999751, 2.129166751113926281 ) ) ;
#2673 = DIRECTION ( 'NONE',  ( -0.000000000000000000, -0.000000000000000000, -1.000000000000000000 ) ) ;
#2674 = CARTESIAN_POINT ( 'NONE',  ( -0.1932746764407473894, -12.70999999999999730, 1.085587322965344104 ) ) ;
#2675 = ADVANCED_FACE ( 'NONE', ( #154 ), #3910, .F. ) ;
#2676 =( NAMED_UNIT ( * ) PLANE_ANGLE_UNIT ( ) SI_UNIT ( $, .RADIAN. ) );
#2677 = ORIENTED_EDGE ( 'NONE', *, *, #9861, .F. ) ;
#2678 = CARTESIAN_POINT ( 'NONE',  ( 0.2999171618649938420, -12.69999999999999751, 1.535802500730442555 ) ) ;
#2679 = VERTEX_POINT ( 'NONE', #32 ) ;
#2680 = PRESENTATION_LAYER_ASSIGNMENT (  '', '', ( #7608 ) ) ;
#2681 = DIRECTION ( 'NONE',  ( -0.000000000000000000, 1.000000000000000000, -0.000000000000000000 ) ) ;
#2682 = CARTESIAN_POINT ( 'NONE',  ( 0.7652088294180016126, -12.70999999999999730, 1.383651258973846776 ) ) ;
#2683 = ORIENTED_EDGE ( 'NONE', *, *, #7524, .T. ) ;
#2684 = ORIENTED_EDGE ( 'NONE', *, *, #7337, .T. ) ;
#2685 = CARTESIAN_POINT ( 'NONE',  ( -1.196735763529605867, -12.70999999999999730, 1.097696013090813549 ) ) ;
#2686 = PRESENTATION_STYLE_ASSIGNMENT (( #11146 ) ) ;
#2687 = CARTESIAN_POINT ( 'NONE',  ( 0.5118544838086782622, -12.69999999999999751, 2.149606257327805636 ) ) ;
#2688 = EDGE_LOOP ( 'NONE', ( #12168, #6349, #1270, #4396 ) ) ;
#2689 = STYLED_ITEM ( 'NONE', ( #11476 ), #2034 ) ;
#2690 = CARTESIAN_POINT ( 'NONE',  ( 1.787810740119434083, -12.69999999999999751, 2.506243222624735978 ) ) ;
#2691 =( NAMED_UNIT ( * ) SI_UNIT ( $, .STERADIAN. ) SOLID_ANGLE_UNIT ( ) );
#2692 = ORIENTED_EDGE ( 'NONE', *, *, #5800, .F. ) ;
#2693 = ADVANCED_FACE ( 'NONE', ( #9540 ), #12068, .F. ) ;
#2694 = LINE ( 'NONE', #4573, #213 ) ;
#2695 = SURFACE_SIDE_STYLE ('',( #5478 ) ) ;
#2696 = AXIS2_PLACEMENT_3D ( 'NONE', #10706, #8862, #6863 ) ;
#2697 = ORIENTED_EDGE ( 'NONE', *, *, #2961, .F. ) ;
#2698 = CARTESIAN_POINT ( 'NONE',  ( -1.047317162782429367, -12.69999999999999751, 1.960468247881045567 ) ) ;
#2699 = EDGE_LOOP ( 'NONE', ( #6622, #7970, #1478, #10178 ) ) ;
#2700 = SURFACE_STYLE_FILL_AREA ( #6481 ) ;
#2701 = FILL_AREA_STYLE ('',( #1007 ) ) ;
#2702 = PLANE ( 'NONE',  #2650 ) ;
#2703 = PRESENTATION_LAYER_ASSIGNMENT (  '', '', ( #7047 ) ) ;
#2704 = LINE ( 'NONE', #6488, #428 ) ;
#2705 = STYLED_ITEM ( 'NONE', ( #9969 ), #9841 ) ;
#2706 = UNCERTAINTY_MEASURE_WITH_UNIT (LENGTH_MEASURE( 1.000000000000000082E-05 ), #6070, 'distance_accuracy_value', 'NONE');
#2707 = EDGE_CURVE ( 'NONE', #2831, #7027, #3104, .T. ) ;
#2708 = SURFACE_SIDE_STYLE ('',( #1638 ) ) ;
#2709 = CARTESIAN_POINT ( 'NONE',  ( -2.777681607981459244, -12.70999999999999730, 1.733930496851108449 ) ) ;
#2710 = CARTESIAN_POINT ( 'NONE',  ( 0.6572472991076564464, -12.69999999999999751, 2.841045271680787465 ) ) ;
#2711 = FILL_AREA_STYLE_COLOUR ( '', #3097 ) ;
#2712 = EDGE_LOOP ( 'NONE', ( #7704, #476, #1394, #4033 ) ) ;
#2713 = EDGE_CURVE ( 'NONE', #12140, #9547, #5890, .T. ) ;
#2714 = LINE ( 'NONE', #6439, #7033 ) ;
#2715 = CARTESIAN_POINT ( 'NONE',  ( 0.1642287537877698267, -12.69999999999999751, 2.161043594408120772 ) ) ;
#2716 = ORIENTED_EDGE ( 'NONE', *, *, #175, .F. ) ;
#2717 = SURFACE_STYLE_FILL_AREA ( #9170 ) ;
#2718 = CARTESIAN_POINT ( 'NONE',  ( 1.771694492416408639, -12.70999999999999730, 1.468564822140002502 ) ) ;
#2719 =( LENGTH_UNIT ( ) NAMED_UNIT ( * ) SI_UNIT ( .MILLI., .METRE. ) );
#2720 = VERTEX_POINT ( 'NONE', #6198 ) ;
#2721 = PRESENTATION_LAYER_ASSIGNMENT (  '', '', ( #11204 ) ) ;
#2722 = ORIENTED_EDGE ( 'NONE', *, *, #3930, .F. ) ;
#2723 =( GEOMETRIC_REPRESENTATION_CONTEXT ( 3 ) GLOBAL_UNCERTAINTY_ASSIGNED_CONTEXT ( ( #7893 ) ) GLOBAL_UNIT_ASSIGNED_CONTEXT ( ( #9312, #6629, #3734 ) ) REPRESENTATION_CONTEXT ( 'NONE', 'WORKASPACE' ) );
#2724 = SURFACE_STYLE_USAGE ( .BOTH. , #3650 ) ;
#2725 = CARTESIAN_POINT ( 'NONE',  ( 0.9870238515646625466, -12.69999999999999751, 1.580858677103661680 ) ) ;
#2726 = CARTESIAN_POINT ( 'NONE',  ( 0.000000000000000000, -12.70999999999999730, 0.000000000000000000 ) ) ;
#2727 = CARTESIAN_POINT ( 'NONE',  ( 1.624048868296689596, -12.69999999999999751, 2.838965755845903161 ) ) ;
#2728 = B_SPLINE_SURFACE_WITH_KNOTS ( 'NONE', 3, 1, ( 
 ( #8260, #7836 ),
 ( #5067, #8835 ),
 ( #1614, #3250 ),
 ( #4133, #7900 ) ),
 .UNSPECIFIED., .F., .F., .F.,
 ( 4, 4 ),
 ( 2, 2 ),
 ( 4.000000000000000000, 5.000000000000000000 ),
 ( 0.000000000000000000, 1.000000000000000000 ),
 .UNSPECIFIED. ) ;
#2729 = FACE_OUTER_BOUND ( 'NONE', #8158, .T. ) ;
#2730 = AXIS2_PLACEMENT_3D ( 'NONE', #1932, #7596, #11122 ) ;
#2731 = ORIENTED_EDGE ( 'NONE', *, *, #1119, .F. ) ;
#2732 = ADVANCED_FACE ( 'NONE', ( #10699 ), #278, .F. ) ;
#2733 = PRESENTATION_STYLE_ASSIGNMENT (( #6571 ) ) ;
#2734 = EDGE_CURVE ( 'NONE', #5722, #7839, #1398, .T. ) ;
#2735 = SURFACE_STYLE_FILL_AREA ( #804 ) ;
#2736 = CARTESIAN_POINT ( 'NONE',  ( 2.107016420425415593, -12.69999999999999751, 2.423062589321753890 ) ) ;
#2737 = CARTESIAN_POINT ( 'NONE',  ( 0.3591833630968440105, -12.69999999999999751, 1.074149985885020087 ) ) ;
#2738 = ORIENTED_EDGE ( 'NONE', *, *, #8776, .T. ) ;
#2739 =( NAMED_UNIT ( * ) SI_UNIT ( $, .STERADIAN. ) SOLID_ANGLE_UNIT ( ) );
#2740 = SURFACE_STYLE_USAGE ( .BOTH. , #165 ) ;
#2741 = DIRECTION ( 'NONE',  ( -1.000000000000000000, 0.000000000000000000, 0.000000000000000000 ) ) ;
#2742 = AXIS2_PLACEMENT_3D ( 'NONE', #11228, #8631, #10374 ) ;
#2743 = DIRECTION ( 'NONE',  ( -0.000000000000000000, 0.000000000000000000, 1.000000000000000000 ) ) ;
#2744 = UNCERTAINTY_MEASURE_WITH_UNIT (LENGTH_MEASURE( 1.000000000000000082E-05 ), #5518, 'distance_accuracy_value', 'NONE');
#2745 = SURFACE_SIDE_STYLE ('',( #6470 ) ) ;
#2746 = MECHANICAL_DESIGN_GEOMETRIC_PRESENTATION_REPRESENTATION (  '', ( #9476 ), #8284 ) ;
#2747 = FILL_AREA_STYLE_COLOUR ( '', #10418 ) ;
#2748 = SURFACE_STYLE_FILL_AREA ( #10165 ) ;
#2749 = ORIENTED_EDGE ( 'NONE', *, *, #5440, .F. ) ;
#2750 = FACE_OUTER_BOUND ( 'NONE', #9277, .T. ) ;
#2751 = EDGE_CURVE ( 'NONE', #9547, #1866, #4224, .T. ) ;
#2752 = MECHANICAL_DESIGN_GEOMETRIC_PRESENTATION_REPRESENTATION (  '', ( #1210 ), #1807 ) ;
#2753 = MECHANICAL_DESIGN_GEOMETRIC_PRESENTATION_REPRESENTATION (  '', ( #4941 ), #7507 ) ;
#2754 = CARTESIAN_POINT ( 'NONE',  ( 0.3479193190023711080, -12.69999999999999751, 1.565955480301605363 ) ) ;
#2755 = COLOUR_RGB ( '',1.000000000000000000, 1.000000000000000000, 1.000000000000000000 ) ;
#2756 = PLANE ( 'NONE',  #959 ) ;
#2757 = CIRCLE ( 'NONE', #420, 0.6500000000000012434 ) ;
#2758 = EDGE_LOOP ( 'NONE', ( #11432, #7114 ) ) ;
#2759 = EDGE_CURVE ( 'NONE', #1662, #1766, #7973, .T. ) ;
#2760 = PRESENTATION_LAYER_ASSIGNMENT (  '', '', ( #4148 ) ) ;
#2761 = PRESENTATION_LAYER_ASSIGNMENT (  '', '', ( #11439 ) ) ;
#2762 = CARTESIAN_POINT ( 'NONE',  ( 0.8464832398765511634, -12.69999999999999751, 1.143467180305729691 ) ) ;
#2763 = LINE ( 'NONE', #6543, #10654 ) ;
#2764 = STYLED_ITEM ( 'NONE', ( #2351 ), #1120 ) ;
#2765 = COLOUR_RGB ( '',1.000000000000000000, 1.000000000000000000, 1.000000000000000000 ) ;
#2766 = CARTESIAN_POINT ( 'NONE',  ( 1.879829315710288773, -12.70999999999999730, 2.508669324431330505 ) ) ;
#2767 = CARTESIAN_POINT ( 'NONE',  ( -22.84999999999999432, -11.89999999999999147, 20.69999999999999929 ) ) ;
#2768 =( GEOMETRIC_REPRESENTATION_CONTEXT ( 3 ) GLOBAL_UNCERTAINTY_ASSIGNED_CONTEXT ( ( #7695 ) ) GLOBAL_UNIT_ASSIGNED_CONTEXT ( ( #3583, #8226, #10074 ) ) REPRESENTATION_CONTEXT ( 'NONE', 'WORKASPACE' ) );
#2769 = ORIENTED_EDGE ( 'NONE', *, *, #10444, .T. ) ;
#2770 = COLOUR_RGB ( '',0.2509803921568627416, 0.2509803921568627416, 0.2509803921568627416 ) ;
#2771 = FILL_AREA_STYLE ('',( #5564 ) ) ;
#2772 = CARTESIAN_POINT ( 'NONE',  ( 2.564336610619806667, -12.70999999999999730, 1.233579533052162169 ) ) ;
#2773 = COLOUR_RGB ( '',1.000000000000000000, 1.000000000000000000, 1.000000000000000000 ) ;
#2775 = MECHANICAL_DESIGN_GEOMETRIC_PRESENTATION_REPRESENTATION (  '', ( #4169 ), #5930 ) ;
#2774 = CARTESIAN_POINT ( 'NONE',  ( 0.1919556315546779024, -12.70999999999999730, 2.487180994157543790 ) ) ;
#2776 = EDGE_LOOP ( 'NONE', ( #9223, #12158, #3133, #7501 ) ) ;
#2777 = ORIENTED_EDGE ( 'NONE', *, *, #5262, .F. ) ;
#2778 = DIRECTION ( 'NONE',  ( 0.000000000000000000, 1.000000000000000000, 0.000000000000000000 ) ) ;
#2779 = LINE ( 'NONE', #1883, #5766 ) ;
#2780 = EDGE_CURVE ( 'NONE', #4885, #8028, #7949, .T. ) ;
#2781 = CARTESIAN_POINT ( 'NONE',  ( 1.165169041227267943, -12.70999999999999730, 2.466385835831798712 ) ) ;
#2782 = VERTEX_POINT ( 'NONE', #4155 ) ;
#2783 = VERTEX_POINT ( 'NONE', #3081 ) ;
#2784 = CARTESIAN_POINT ( 'NONE',  ( 1.261346648487901012, -12.69999999999999751, 0.9528448956476549547 ) ) ;
#2785 = COLOUR_RGB ( '',1.000000000000000000, 1.000000000000000000, 1.000000000000000000 ) ;
#2786 = CARTESIAN_POINT ( 'NONE',  ( -1.461833411466664900, -12.70999999999999730, 2.129166751113926281 ) ) ;
#2787 = CARTESIAN_POINT ( 'NONE',  ( 1.667198821825490063, -12.69999999999999751, 2.261900112291451048 ) ) ;
#2788 = CARTESIAN_POINT ( 'NONE',  ( -0.7484797774236003898, -12.70999999999999730, 1.589331687860300324 ) ) ;
#2789 = FILL_AREA_STYLE ('',( #6566 ) ) ;
#2790 =( NAMED_UNIT ( * ) SI_UNIT ( $, .STERADIAN. ) SOLID_ANGLE_UNIT ( ) );
#2791 = B_SPLINE_CURVE_WITH_KNOTS ( 'NONE', 3,
 ( #7797, #5699, #10590, #158 ),
 .UNSPECIFIED., .F., .F.,
 ( 4, 4 ),
 ( 8.000000000000000000, 9.000000000000000000 ),
 .UNSPECIFIED. ) ;
#2792 =( GEOMETRIC_REPRESENTATION_CONTEXT ( 3 ) GLOBAL_UNCERTAINTY_ASSIGNED_CONTEXT ( ( #10866 ) ) GLOBAL_UNIT_ASSIGNED_CONTEXT ( ( #5656, #1231, #5035 ) ) REPRESENTATION_CONTEXT ( 'NONE', 'WORKASPACE' ) );
#2793 = CARTESIAN_POINT ( 'NONE',  ( 1.787810740119434083, -12.70999999999999730, 2.506243222624735978 ) ) ;
#2794 = DIRECTION ( 'NONE',  ( 0.000000000000000000, 0.000000000000000000, 1.000000000000000000 ) ) ;
#2795 = EDGE_LOOP ( 'NONE', ( #722, #6208, #11335, #11783 ) ) ;
#2796 = CARTESIAN_POINT ( 'NONE',  ( -1.669091535808775895, -12.69999999999999751, 2.929279653314780241 ) ) ;
#2797 =( LENGTH_UNIT ( ) NAMED_UNIT ( * ) SI_UNIT ( .MILLI., .METRE. ) );
#2798 = DIRECTION ( 'NONE',  ( -0.000000000000000000, 1.000000000000000000, -0.000000000000000000 ) ) ;
#2799 = CARTESIAN_POINT ( 'NONE',  ( 1.349379485401759116, -12.70999999999999730, 1.205852655282966035 ) ) ;
#2800 = EDGE_LOOP ( 'NONE', ( #3057, #4264, #4656, #4741 ) ) ;
#2801 = FACE_OUTER_BOUND ( 'NONE', #7977, .T. ) ;
#2802 = DIRECTION ( 'NONE',  ( -0.000000000000000000, -0.000000000000000000, -1.000000000000000000 ) ) ;
#2803 = EDGE_CURVE ( 'NONE', #1730, #6038, #1461, .T. ) ;
#2804 = DIRECTION ( 'NONE',  ( -0.000000000000000000, 0.000000000000000000, 1.000000000000000000 ) ) ;
#2805 =( NAMED_UNIT ( * ) PLANE_ANGLE_UNIT ( ) SI_UNIT ( $, .RADIAN. ) );
#2806 = CARTESIAN_POINT ( 'NONE',  ( 2.334550111112243087, -12.70999999999999730, 2.423062589321753890 ) ) ;
#2807 = DIRECTION ( 'NONE',  ( -1.000000000000000000, 0.000000000000000000, -0.000000000000000000 ) ) ;
#2808 = CARTESIAN_POINT ( 'NONE',  ( 0.4962581150632007776, -12.70999999999999730, 1.156984033216291285 ) ) ;
#2809 =( NAMED_UNIT ( * ) SI_UNIT ( $, .STERADIAN. ) SOLID_ANGLE_UNIT ( ) );
#2810 = DIRECTION ( 'NONE',  ( -0.000000000000000000, 1.000000000000000000, -0.000000000000000000 ) ) ;
#2811 = CARTESIAN_POINT ( 'NONE',  ( 0.7813250771210221712, -12.70999999999999730, 1.362509514676395028 ) ) ;
#2812 = FACE_OUTER_BOUND ( 'NONE', #7920, .T. ) ;
#2813 = PRESENTATION_STYLE_ASSIGNMENT (( #11103 ) ) ;
#2814 = VERTEX_POINT ( 'NONE', #2302 ) ;
#2815 = DIRECTION ( 'NONE',  ( -1.000000000000000000, 0.000000000000000000, -0.000000000000000000 ) ) ;
#2816 = EDGE_CURVE ( 'NONE', #7008, #9398, #3722, .T. ) ;
#2817 = CARTESIAN_POINT ( 'NONE',  ( 0.3468795610872523194, -12.70999999999999730, 1.180205293348632001 ) ) ;
#2818 = COLOUR_RGB ( '',1.000000000000000000, 1.000000000000000000, 1.000000000000000000 ) ;
#2819 = FILL_AREA_STYLE ('',( #11110 ) ) ;
#2820 = UNCERTAINTY_MEASURE_WITH_UNIT (LENGTH_MEASURE( 1.000000000000000082E-05 ), #4271, 'distance_accuracy_value', 'NONE');
#2821 = VERTEX_POINT ( 'NONE', #2196 ) ;
#2822 = PRESENTATION_STYLE_ASSIGNMENT (( #11410 ) ) ;
#2823 = CARTESIAN_POINT ( 'NONE',  ( 2.558444649096109025, -12.69999999999999751, 1.733703090799036284 ) ) ;
#2824 = EDGE_CURVE ( 'NONE', #4781, #4797, #11495, .T. ) ;
#2825 = VECTOR ( 'NONE', #4070, 1000.000000000000000 ) ;
#2826 = FILL_AREA_STYLE ('',( #7770 ) ) ;
#2827 = DIRECTION ( 'NONE',  ( 0.3493954794973183064, -0.000000000000000000, -0.9369753459439789101 ) ) ;
#2828 = ORIENTED_EDGE ( 'NONE', *, *, #491, .F. ) ;
#2829 = CARTESIAN_POINT ( 'NONE',  ( 1.415404113091203397, -12.70999999999999730, 2.238332266187399888 ) ) ;
#2830 = VERTEX_POINT ( 'NONE', #8856 ) ;
#2831 = VERTEX_POINT ( 'NONE', #1285 ) ;
#2832 = CARTESIAN_POINT ( 'NONE',  ( -3.823612456736237952, -12.69999999999999751, 1.849609268245413496 ) ) ;
#2833 = SURFACE_STYLE_USAGE ( .BOTH. , #967 ) ;
#2834 = DIRECTION ( 'NONE',  ( 0.000000000000000000, 0.000000000000000000, 1.000000000000000000 ) ) ;
#2835 = CARTESIAN_POINT ( 'NONE',  ( 0.8447503100156967815, -12.69999999999999751, 1.446729905899129198 ) ) ;
#2836 = EDGE_CURVE ( 'NONE', #9826, #12005, #337, .T. ) ;
#2837 = FILL_AREA_STYLE_COLOUR ( '', #10274 ) ;
#2838 = SURFACE_SIDE_STYLE ('',( #2119 ) ) ;
#2839 = CARTESIAN_POINT ( 'NONE',  ( -1.047317162782429367, -12.70999999999999730, 1.753210123538929910 ) ) ;
#2840 = ADVANCED_FACE ( 'NONE', ( #7859 ), #1371, .F. ) ;
#2841 = SURFACE_STYLE_USAGE ( .BOTH. , #1099 ) ;
#2842 = CARTESIAN_POINT ( 'NONE',  ( 2.014131379900668151, -12.70999999999999730, 1.390929564389012718 ) ) ;
#2843 = CARTESIAN_POINT ( 'NONE',  ( 1.709482310420420204, -12.70999999999999730, 2.809159362246437919 ) ) ;
#2844 = DIRECTION ( 'NONE',  ( 0.000000000000000000, 1.000000000000000000, 0.000000000000000000 ) ) ;
#2845 = CARTESIAN_POINT ( 'NONE',  ( 2.264366451762265697, -12.69999999999999751, 1.162875994744636765 ) ) ;
#2846 = EDGE_CURVE ( 'NONE', #4870, #9845, #6355, .T. ) ;
#2847 = CARTESIAN_POINT ( 'NONE',  ( 22.04999999999999716, 12.70000000000000107, 0.000000000000000000 ) ) ;
#2848 = SURFACE_STYLE_USAGE ( .BOTH. , #4798 ) ;
#2849 = SURFACE_SIDE_STYLE ('',( #1902 ) ) ;
#2850 = CARTESIAN_POINT ( 'NONE',  ( -1.196735763529605867, -12.70999999999999730, 1.391713330897701661 ) ) ;
#2851 = LINE ( 'NONE', #5698, #6519 ) ;
#2852 = LINE ( 'NONE', #11443, #1613 ) ;
#2853 = ORIENTED_EDGE ( 'NONE', *, *, #7735, .F. ) ;
#2854 = PRESENTATION_STYLE_ASSIGNMENT (( #4985 ) ) ;
#2855 = CARTESIAN_POINT ( 'NONE',  ( -1.611252196078322152, -12.70999999999999730, 1.377253495963937757 ) ) ;
#2856 = CARTESIAN_POINT ( 'NONE',  ( 0.9305303381134347740, -12.69999999999999751, 1.281754983175388718 ) ) ;
#2857 = ORIENTED_EDGE ( 'NONE', *, *, #11284, .T. ) ;
#2858 = VERTEX_POINT ( 'NONE', #2718 ) ;
#2859 = MECHANICAL_DESIGN_GEOMETRIC_PRESENTATION_REPRESENTATION (  '', ( #5824 ), #6438 ) ;
#2860 = FACE_OUTER_BOUND ( 'NONE', #526, .T. ) ;
#2861 = UNCERTAINTY_MEASURE_WITH_UNIT (LENGTH_MEASURE( 1.000000000000000082E-05 ), #12013, 'distance_accuracy_value', 'NONE');
#2862 = CARTESIAN_POINT ( 'NONE',  ( 1.415404113091203397, -12.70999999999999730, 2.760983912123202266 ) ) ;
#2863 = ADVANCED_FACE ( 'NONE', ( #5332 ), #6385, .T. ) ;
#2864 = ORIENTED_EDGE ( 'NONE', *, *, #6936, .T. ) ;
#2865 = SURFACE_STYLE_FILL_AREA ( #5963 ) ;
#2866 = DIRECTION ( 'NONE',  ( 0.000000000000000000, -0.000000000000000000, 1.000000000000000000 ) ) ;
#2867 = CARTESIAN_POINT ( 'NONE',  ( 0.8858207477119407480, -12.70999999999999730, 1.298391109835989488 ) ) ;
#2868 = B_SPLINE_CURVE_WITH_KNOTS ( 'NONE', 3,
 ( #4624, #11149, #4683, #2074 ),
 .UNSPECIFIED., .F., .F.,
 ( 4, 4 ),
 ( 0.000000000000000000, 1.000000000000000000 ),
 .UNSPECIFIED. ) ;
#2869 = EDGE_LOOP ( 'NONE', ( #6228, #8472, #10155, #487 ) ) ;
#2870 =( LENGTH_UNIT ( ) NAMED_UNIT ( * ) SI_UNIT ( .MILLI., .METRE. ) );
#2871 = SURFACE_SIDE_STYLE ('',( #4641 ) ) ;
#2872 = LINE ( 'NONE', #11282, #8163 ) ;
#2873 = MECHANICAL_DESIGN_GEOMETRIC_PRESENTATION_REPRESENTATION (  '', ( #3466 ), #2299 ) ;
#2874 = STYLED_ITEM ( 'NONE', ( #4929 ), #1546 ) ;
#2875 = DIRECTION ( 'NONE',  ( -1.000000000000000000, 0.000000000000000000, -0.000000000000000000 ) ) ;
#2876 = EDGE_CURVE ( 'NONE', #7026, #4870, #10163, .T. ) ;
#2877 = EDGE_CURVE ( 'NONE', #2567, #10092, #6448, .T. ) ;
#2878 = CARTESIAN_POINT ( 'NONE',  ( 0.3503454208066740794, -12.70999999999999730, 2.298984811306086673 ) ) ;
#2879 = CARTESIAN_POINT ( 'NONE',  ( 0.6510087516099508642, -12.70999999999999730, 2.758211224344896184 ) ) ;
#2880 = B_SPLINE_CURVE_WITH_KNOTS ( 'NONE', 3,
 ( #6199, #6317, #10951, #6135, #399, #10898 ),
 .UNSPECIFIED., .F., .F.,
 ( 4, 2, 4 ),
 ( 2.000000000000000000, 3.000000000000000000, 4.000000000000000000 ),
 .UNSPECIFIED. ) ;
#2881 = CARTESIAN_POINT ( 'NONE',  ( -0.1932746764407473894, -12.70999999999999730, 1.085587322965344104 ) ) ;
#2882 = MECHANICAL_DESIGN_GEOMETRIC_PRESENTATION_REPRESENTATION (  '', ( #7631 ), #9219 ) ;
#2883 = CARTESIAN_POINT ( 'NONE',  ( 3.210546155609103725, -12.69999999999999751, 1.271010818038490475 ) ) ;
#2884 =( NAMED_UNIT ( * ) PLANE_ANGLE_UNIT ( ) SI_UNIT ( $, .RADIAN. ) );
#2885 = FILL_AREA_STYLE ('',( #9344 ) ) ;
#2886 = EDGE_LOOP ( 'NONE', ( #6391, #4640, #8985, #5126 ) ) ;
#2887 = STYLED_ITEM ( 'NONE', ( #8622 ), #12037 ) ;
#2888 = VECTOR ( 'NONE', #9535, 1000.000000000000000 ) ;
#2889 = VERTEX_POINT ( 'NONE', #4413 ) ;
#2890 = CARTESIAN_POINT ( 'NONE',  ( 0.6416509303622058846, -12.69999999999999751, 1.397168111884435238 ) ) ;
#2891 = CARTESIAN_POINT ( 'NONE',  ( 2.370248466240027607, -12.70999999999999730, 1.763509484403121608 ) ) ;
#2892 = B_SPLINE_SURFACE_WITH_KNOTS ( 'NONE', 3, 1, ( 
 ( #3849, #1233 ),
 ( #7621, #2027 ),
 ( #5763, #9544 ),
 ( #1113, #4283 ) ),
 .UNSPECIFIED., .F., .F., .F.,
 ( 4, 4 ),
 ( 2, 2 ),
 ( 9.000000000000000000, 10.00000000000000000 ),
 ( 0.000000000000000000, 1.000000000000000000 ),
 .UNSPECIFIED. ) ;
#2893 = CARTESIAN_POINT ( 'NONE',  ( 2.626548792611196781, -12.70999999999999730, 1.180551879320356212 ) ) ;
#2894 = STYLED_ITEM ( 'NONE', ( #2404 ), #3095 ) ;
#2895 = CARTESIAN_POINT ( 'NONE',  ( 0.8447503100156967815, -12.69999999999999751, 1.427321091460217684 ) ) ;
#2896 = DIRECTION ( 'NONE',  ( -1.000000000000000000, 0.000000000000000000, 0.000000000000000000 ) ) ;
#2897 = EDGE_CURVE ( 'NONE', #10252, #5720, #9577, .T. ) ;
#2898 = SURFACE_SIDE_STYLE ('',( #5802 ) ) ;
#2899 = VECTOR ( 'NONE', #3309, 1000.000000000000000 ) ;
#2900 = CARTESIAN_POINT ( 'NONE',  ( 2.219483568374898574, -12.69999999999999751, 2.752319262821193213 ) ) ;
#2901 = DIRECTION ( 'NONE',  ( 1.000000000000000000, 0.000000000000000000, 0.000000000000000000 ) ) ;
#2902 = CARTESIAN_POINT ( 'NONE',  ( 2.225375529898619309, -12.69999999999999751, 2.729791174632274497 ) ) ;
#2903 = ADVANCED_FACE ( 'NONE', ( #8164 ), #10666, .F. ) ;
#2904 =( NAMED_UNIT ( * ) SI_UNIT ( $, .STERADIAN. ) SOLID_ANGLE_UNIT ( ) );
#2905 = VECTOR ( 'NONE', #6206, 1000.000000000000000 ) ;
#2906 = CARTESIAN_POINT ( 'NONE',  ( 1.592682837819911379, -12.69999999999999751, 1.569767925995061653 ) ) ;
#2907 = STYLED_ITEM ( 'NONE', ( #5856 ), #11864 ) ;
#2908 = FILL_AREA_STYLE ('',( #3976 ) ) ;
#2909 = CARTESIAN_POINT ( 'NONE',  ( 0.8447503100156967815, -12.69999999999999751, 1.427321091460217684 ) ) ;
#2910 = VERTEX_POINT ( 'NONE', #7886 ) ;
#2911 = CARTESIAN_POINT ( 'NONE',  ( -2.970479989325513603, -12.69999999999999751, 1.348333642229618601 ) ) ;
#2912 =( LENGTH_UNIT ( ) NAMED_UNIT ( * ) SI_UNIT ( .MILLI., .METRE. ) );
#2913 = VECTOR ( 'NONE', #3352, 1000.000000000000000 ) ;
#2914 =( NAMED_UNIT ( * ) SI_UNIT ( $, .STERADIAN. ) SOLID_ANGLE_UNIT ( ) );
#2915 = ORIENTED_EDGE ( 'NONE', *, *, #3477, .T. ) ;
#2916 = EDGE_CURVE ( 'NONE', #10015, #10913, #7492, .T. ) ;
#2917 = ORIENTED_EDGE ( 'NONE', *, *, #2458, .T. ) ;
#2918 = MECHANICAL_DESIGN_GEOMETRIC_PRESENTATION_REPRESENTATION (  '', ( #6299 ), #9062 ) ;
#2919 = DIRECTION ( 'NONE',  ( 0.000000000000000000, 0.000000000000000000, -1.000000000000000000 ) ) ;
#2920 = CARTESIAN_POINT ( 'NONE',  ( 0.5567373671960460513, -12.70999999999999730, 1.472377267833436143 ) ) ;
#2921 = FILL_AREA_STYLE ('',( #6692 ) ) ;
#2922 = SURFACE_SIDE_STYLE ('',( #1352 ) ) ;
#2923 = VECTOR ( 'NONE', #11526, 1000.000000000000000 ) ;
#2924 =( NAMED_UNIT ( * ) SI_UNIT ( $, .STERADIAN. ) SOLID_ANGLE_UNIT ( ) );
#2925 = EDGE_CURVE ( 'NONE', #10399, #5630, #9279, .T. ) ;
#2926 = CARTESIAN_POINT ( 'NONE',  ( 0.8963916198606550756, -12.69999999999999751, 1.143467180305729691 ) ) ;
#2927 = CARTESIAN_POINT ( 'NONE',  ( 0.2526081766733467848, -12.70999999999999730, 1.215210476532994077 ) ) ;
#2928 = ORIENTED_EDGE ( 'NONE', *, *, #9096, .T. ) ;
#2929 = VERTEX_POINT ( 'NONE', #11647 ) ;
#2930 = FILL_AREA_STYLE ('',( #1186 ) ) ;
#2931 = DIRECTION ( 'NONE',  ( -0.000000000000000000, 0.000000000000000000, -1.000000000000000000 ) ) ;
#2932 = VERTEX_POINT ( 'NONE', #3174 ) ;
#2933 = PRESENTATION_STYLE_ASSIGNMENT (( #6764 ) ) ;
#2934 = PRESENTATION_LAYER_ASSIGNMENT (  '', '', ( #4928 ) ) ;
#2935 =( GEOMETRIC_REPRESENTATION_CONTEXT ( 3 ) GLOBAL_UNCERTAINTY_ASSIGNED_CONTEXT ( ( #2161 ) ) GLOBAL_UNIT_ASSIGNED_CONTEXT ( ( #6704, #1252, #11643 ) ) REPRESENTATION_CONTEXT ( 'NONE', 'WORKASPACE' ) );
#2936 = LINE ( 'NONE', #5666, #10485 ) ;
#2937 = PRESENTATION_STYLE_ASSIGNMENT (( #1991 ) ) ;
#2938 = FILL_AREA_STYLE ('',( #1928 ) ) ;
#2939 = CARTESIAN_POINT ( 'NONE',  ( 2.219483568374898130, -12.69999999999999751, 2.752319262821193657 ) ) ;
#2940 = ADVANCED_FACE ( 'NONE', ( #5055 ), #9404, .F. ) ;
#2941 = CARTESIAN_POINT ( 'NONE',  ( -2.782501583604617412, -12.70999999999999730, 2.268945768346066316 ) ) ;
#2942 = CARTESIAN_POINT ( 'NONE',  ( 0.1713337662147740026, -12.70999999999999730, 1.162875994744636765 ) ) ;
#2943 = ORIENTED_EDGE ( 'NONE', *, *, #11793, .F. ) ;
#2944 = CARTESIAN_POINT ( 'NONE',  ( -3.823612456736237952, -12.70999999999999730, 1.656810978832446324 ) ) ;
#2945 = VECTOR ( 'NONE', #9653, 1000.000000000000000 ) ;
#2946 = PRESENTATION_LAYER_ASSIGNMENT (  '', '', ( #417 ) ) ;
#2947 = CARTESIAN_POINT ( 'NONE',  ( 1.504650000908339891, -12.69999999999999751, 1.569767925995061653 ) ) ;
#2948 = DIRECTION ( 'NONE',  ( -0.000000000000000000, 1.000000000000000000, -0.000000000000000000 ) ) ;
#2949 = STYLED_ITEM ( 'NONE', ( #10203 ), #3639 ) ;
#2950 = VECTOR ( 'NONE', #140, 1000.000000000000000 ) ;
#2951 = CARTESIAN_POINT ( 'NONE',  ( 0.2789487105533901556, -12.70999999999999730, 2.242144711880838415 ) ) ;
#2952 = VECTOR ( 'NONE', #4159, 1000.000000000000000 ) ;
#2953 = CARTESIAN_POINT ( 'NONE',  ( -1.770310564202709935, -12.70999999999999730, 1.907448975704838512 ) ) ;
#2954 = VECTOR ( 'NONE', #1622, 1000.000000000000000 ) ;
#2955 = CARTESIAN_POINT ( 'NONE',  ( -1.630532098566337185, -12.70999999999999730, 1.382073379651379552 ) ) ;
#2956 = EDGE_LOOP ( 'NONE', ( #9565, #6021, #982, #9697 ) ) ;
#2957 = STYLED_ITEM ( 'NONE', ( #11801 ), #6168 ) ;
#2958 = CARTESIAN_POINT ( 'NONE',  ( 2.208392817266298547, -12.69999999999999751, 2.704836984641384667 ) ) ;
#2959 = FILL_AREA_STYLE_COLOUR ( '', #6846 ) ;
#2960 = VECTOR ( 'NONE', #10437, 1000.000000000000000 ) ;
#2961 = EDGE_CURVE ( 'NONE', #8082, #11632, #8822, .T. ) ;
#2962 = FACE_OUTER_BOUND ( 'NONE', #1794, .T. ) ;
#2963 =( NAMED_UNIT ( * ) PLANE_ANGLE_UNIT ( ) SI_UNIT ( $, .RADIAN. ) );
#2964 = COLOUR_RGB ( '',0.2509803921568627416, 0.2509803921568627416, 0.2509803921568627416 ) ;
#2965 = CARTESIAN_POINT ( 'NONE',  ( -2.970479897392115820, -12.70999999999999730, 2.625622355537572172 ) ) ;
#2966 = LINE ( 'NONE', #10468, #7513 ) ;
#2967 = VERTEX_POINT ( 'NONE', #2947 ) ;
#2968 = DIRECTION ( 'NONE',  ( -1.000000000000000000, 0.000000000000000000, 0.000000000000000000 ) ) ;
#2969 = DIRECTION ( 'NONE',  ( -0.000000000000000000, 1.000000000000000000, -0.000000000000000000 ) ) ;
#2970 =( NAMED_UNIT ( * ) PLANE_ANGLE_UNIT ( ) SI_UNIT ( $, .RADIAN. ) );
#2971 = MECHANICAL_DESIGN_GEOMETRIC_PRESENTATION_REPRESENTATION (  '', ( #8918 ), #6152 ) ;
#2972 = EDGE_CURVE ( 'NONE', #10724, #2097, #6729, .T. ) ;
#2973 = SURFACE_SIDE_STYLE ('',( #7514 ) ) ;
#2974 = ORIENTED_EDGE ( 'NONE', *, *, #4371, .T. ) ;
#2975 = UNCERTAINTY_MEASURE_WITH_UNIT (LENGTH_MEASURE( 1.000000000000000082E-05 ), #706, 'distance_accuracy_value', 'NONE');
#2976 = UNCERTAINTY_MEASURE_WITH_UNIT (LENGTH_MEASURE( 1.000000000000000082E-05 ), #4721, 'distance_accuracy_value', 'NONE');
#2977 = CARTESIAN_POINT ( 'NONE',  ( 2.430727718372849733, -12.69999999999999751, 2.161043594408120772 ) ) ;
#2978 = FILL_AREA_STYLE_COLOUR ( '', #10056 ) ;
#2979 = VECTOR ( 'NONE', #8034, 1000.000000000000000 ) ;
#2980 = EDGE_CURVE ( 'NONE', #10086, #11739, #9136, .T. ) ;
#2981 = LINE ( 'NONE', #7701, #1095 ) ;
#2982 = FILL_AREA_STYLE_COLOUR ( '', #3334 ) ;
#2983 = SURFACE_STYLE_USAGE ( .BOTH. , #6594 ) ;
#2984 = EDGE_LOOP ( 'NONE', ( #9309, #5162, #1005, #1715 ) ) ;
#2985 =( NAMED_UNIT ( * ) SI_UNIT ( $, .STERADIAN. ) SOLID_ANGLE_UNIT ( ) );
#2986 = B_SPLINE_SURFACE_WITH_KNOTS ( 'NONE', 3, 1, ( 
 ( #5598, #4684 ),
 ( #11207, #11943 ),
 ( #6582, #7343 ),
 ( #9317, #3669 ) ),
 .UNSPECIFIED., .F., .F., .F.,
 ( 4, 4 ),
 ( 2, 2 ),
 ( 8.000000000000000000, 9.000000000000000000 ),
 ( 0.000000000000000000, 1.000000000000000000 ),
 .UNSPECIFIED. ) ;
#2987 = CARTESIAN_POINT ( 'NONE',  ( 1.504650000908340779, -12.70999999999999730, 1.569767925995061653 ) ) ;
#2988 = ORIENTED_EDGE ( 'NONE', *, *, #1663, .F. ) ;
#2989 = SURFACE_SIDE_STYLE ('',( #9739 ) ) ;
#2990 = FILL_AREA_STYLE_COLOUR ( '', #2207 ) ;
#2991 = DIRECTION ( 'NONE',  ( -0.000000000000000000, 0.000000000000000000, 1.000000000000000000 ) ) ;
#2992 = DIRECTION ( 'NONE',  ( -0.000000000000000000, 1.000000000000000000, -0.000000000000000000 ) ) ;
#2993 = LINE ( 'NONE', #9625, #5350 ) ;
#2994 = PRESENTATION_STYLE_ASSIGNMENT (( #2107 ) ) ;
#2995 = ORIENTED_EDGE ( 'NONE', *, *, #5140, .F. ) ;
#2996 = LINE ( 'NONE', #6657, #4268 ) ;
#2997 = CARTESIAN_POINT ( 'NONE',  ( 0.3633423947619750516, -12.69999999999999751, 1.165648682518300117 ) ) ;
#2998 = CARTESIAN_POINT ( 'NONE',  ( 0.8352191957844155024, -12.70999999999999730, 2.161043594408120772 ) ) ;
#2999 = ORIENTED_EDGE ( 'NONE', *, *, #5523, .T. ) ;
#3000 = CARTESIAN_POINT ( 'NONE',  ( 1.327891155132578049, -12.70999999999999730, 2.838965755845903161 ) ) ;
#3001 = MECHANICAL_DESIGN_GEOMETRIC_PRESENTATION_REPRESENTATION (  '', ( #2250 ), #7391 ) ;
#3002 = CARTESIAN_POINT ( 'NONE',  ( -3.741673181439701956, -12.69999999999999751, 2.254485657616724925 ) ) ;
#3003 = DIRECTION ( 'NONE',  ( -0.000000000000000000, 1.000000000000000000, -0.000000000000000000 ) ) ;
#3004 = VECTOR ( 'NONE', #2255, 1000.000000000000000 ) ;
#3005 = EDGE_CURVE ( 'NONE', #9028, #3556, #10013, .T. ) ;
#3006 = LINE ( 'NONE', #9578, #3360 ) ;
#3007 = MECHANICAL_DESIGN_GEOMETRIC_PRESENTATION_REPRESENTATION (  '', ( #8357 ), #9943 ) ;
#3008 = EDGE_CURVE ( 'NONE', #7839, #8651, #4653, .T. ) ;
#3009 = ORIENTED_EDGE ( 'NONE', *, *, #4591, .F. ) ;
#3010 = FACE_OUTER_BOUND ( 'NONE', #6701, .T. ) ;
#3011 = EDGE_LOOP ( 'NONE', ( #9162, #5562, #9837, #4718 ) ) ;
#3012 = STYLED_ITEM ( 'NONE', ( #11453 ), #5085 ) ;
#3013 = LINE ( 'NONE', #9645, #9302 ) ;
#3014 = LINE ( 'NONE', #9583, #10781 ) ;
#3015 = CARTESIAN_POINT ( 'NONE',  ( 3.057355155937388602, -12.69999999999999751, 1.629380713198598674 ) ) ;
#3016 = ORIENTED_EDGE ( 'NONE', *, *, #2015, .T. ) ;
#3017 = CARTESIAN_POINT ( 'NONE',  ( 2.363316746801205070, -12.70999999999999730, 1.085587322965344104 ) ) ;
#3018 = ORIENTED_EDGE ( 'NONE', *, *, #572, .F. ) ;
#3019 = PRESENTATION_STYLE_ASSIGNMENT (( #11310 ) ) ;
#3020 = PLANE ( 'NONE',  #4574 ) ;
#3021 = MECHANICAL_DESIGN_GEOMETRIC_PRESENTATION_REPRESENTATION (  '', ( #5986 ), #3630 ) ;
#3022 = ORIENTED_EDGE ( 'NONE', *, *, #5767, .F. ) ;
#3023 = CARTESIAN_POINT ( 'NONE',  ( -2.440284693449094267, -12.69999999999999751, 2.731661405519053787 ) ) ;
#3024 = EDGE_CURVE ( 'NONE', #10266, #544, #7213, .T. ) ;
#3025 = CARTESIAN_POINT ( 'NONE',  ( -3.519955003823156847, -12.69999999999999751, 1.859249403353907093 ) ) ;
#3026 = ORIENTED_EDGE ( 'NONE', *, *, #12181, .T. ) ;
#3027 = CARTESIAN_POINT ( 'NONE',  ( 0.9457801208848780616, -12.69999999999999751, 1.580858677103661680 ) ) ;
#3028 = B_SPLINE_CURVE_WITH_KNOTS ( 'NONE', 3,
 ( #5816, #6925, #2251, #4031 ),
 .UNSPECIFIED., .F., .F.,
 ( 4, 4 ),
 ( 1.000000000000000000, 2.000000000000000000 ),
 .UNSPECIFIED. ) ;
#3029 =( GEOMETRIC_REPRESENTATION_CONTEXT ( 3 ) GLOBAL_UNCERTAINTY_ASSIGNED_CONTEXT ( ( #10923 ) ) GLOBAL_UNIT_ASSIGNED_CONTEXT ( ( #10228, #1727, #9375 ) ) REPRESENTATION_CONTEXT ( 'NONE', 'WORKASPACE' ) );
#3030 = SURFACE_SIDE_STYLE ('',( #8743 ) ) ;
#3031 = CARTESIAN_POINT ( 'NONE',  ( 0.4586535370910264087, -12.69999999999999751, 1.511888068654680728 ) ) ;
#3032 = LINE ( 'NONE', #4993, #11017 ) ;
#3033 =( NAMED_UNIT ( * ) PLANE_ANGLE_UNIT ( ) SI_UNIT ( $, .RADIAN. ) );
#3034 = EDGE_LOOP ( 'NONE', ( #2358, #3603, #6003, #10759 ) ) ;
#3035 = CARTESIAN_POINT ( 'NONE',  ( -0.7532996611133518927, -12.69999999999999751, 2.047227441341211929 ) ) ;
#3036 = B_SPLINE_CURVE_WITH_KNOTS ( 'NONE', 3,
 ( #5373, #11955, #5307, #5251 ),
 .UNSPECIFIED., .F., .F.,
 ( 4, 4 ),
 ( 20.00000000000000000, 21.00000000000000000 ),
 .UNSPECIFIED. ) ;
#3037 =( NAMED_UNIT ( * ) SI_UNIT ( $, .STERADIAN. ) SOLID_ANGLE_UNIT ( ) );
#3038 = CARTESIAN_POINT ( 'NONE',  ( -3.303056928237034118, -12.70999999999999730, 2.341245126877084637 ) ) ;
#3039 = EDGE_CURVE ( 'NONE', #9964, #2583, #2640, .T. ) ;
#3040 =( NAMED_UNIT ( * ) SI_UNIT ( $, .STERADIAN. ) SOLID_ANGLE_UNIT ( ) );
#3041 = PLANE ( 'NONE',  #6276 ) ;
#3042 = CARTESIAN_POINT ( 'NONE',  ( 3.376387543262116431, -12.69999999999999751, 1.085587322965344104 ) ) ;
#3043 = ORIENTED_EDGE ( 'NONE', *, *, #4205, .F. ) ;
#3044 = ORIENTED_EDGE ( 'NONE', *, *, #6513, .T. ) ;
#3045 =( NAMED_UNIT ( * ) PLANE_ANGLE_UNIT ( ) SI_UNIT ( $, .RADIAN. ) );
#3046 = AXIS2_PLACEMENT_3D ( 'NONE', #3992, #6811, #10601 ) ;
#3047 = EDGE_CURVE ( 'NONE', #9126, #5444, #503, .T. ) ;
#3048 = FILL_AREA_STYLE_COLOUR ( '', #11192 ) ;
#3049 = VECTOR ( 'NONE', #1996, 1000.000000000000000 ) ;
#3050 = UNCERTAINTY_MEASURE_WITH_UNIT (LENGTH_MEASURE( 1.000000000000000082E-05 ), #8235, 'distance_accuracy_value', 'NONE');
#3051 = CARTESIAN_POINT ( 'NONE',  ( 0.4026799025950586475, -12.69999999999999751, 2.746427301292870382 ) ) ;
#3052 = SURFACE_SIDE_STYLE ('',( #1261 ) ) ;
#3053 = LINE ( 'NONE', #2881, #19 ) ;
#3054 = CARTESIAN_POINT ( 'NONE',  ( 1.879829315710288773, -12.69999999999999751, 2.508669324431330505 ) ) ;
#3055 = CARTESIAN_POINT ( 'NONE',  ( 1.055301288070226162, -12.70999999999999730, 1.297351351920866147 ) ) ;
#3056 = UNCERTAINTY_MEASURE_WITH_UNIT (LENGTH_MEASURE( 1.000000000000000082E-05 ), #1549, 'distance_accuracy_value', 'NONE');
#3057 = ORIENTED_EDGE ( 'NONE', *, *, #9324, .T. ) ;
#3058 = PRESENTATION_STYLE_ASSIGNMENT (( #1379 ) ) ;
#3059 = SURFACE_STYLE_FILL_AREA ( #261 ) ;
#3060 = LINE ( 'NONE', #6662, #3591 ) ;
#3061 = LINE ( 'NONE', #8772, #2010 ) ;
#3062 = ORIENTED_EDGE ( 'NONE', *, *, #2846, .T. ) ;
#3063 = ORIENTED_EDGE ( 'NONE', *, *, #6446, .T. ) ;
#3064 = CARTESIAN_POINT ( 'NONE',  ( 0.8858207477119407480, -12.69999999999999751, 1.298391109835989488 ) ) ;
#3065 =( LENGTH_UNIT ( ) NAMED_UNIT ( * ) SI_UNIT ( .MILLI., .METRE. ) );
#3066 = ADVANCED_FACE ( 'NONE', ( #6287 ), #9218, .T. ) ;
#3067 = LINE ( 'NONE', #8592, #1819 ) ;
#3068 = SURFACE_STYLE_FILL_AREA ( #7672 ) ;
#3069 = CARTESIAN_POINT ( 'NONE',  ( 0.5388881896321431331, -12.70999999999999730, 2.850403092926218296 ) ) ;
#3070 = VERTEX_POINT ( 'NONE', #9071 ) ;
#3071 = CARTESIAN_POINT ( 'NONE',  ( 0.5118544838086782622, -12.69999999999999751, 2.149606257327805636 ) ) ;
#3072 = STYLED_ITEM ( 'NONE', ( #9630 ), #9521 ) ;
#3073 =( NAMED_UNIT ( * ) SI_UNIT ( $, .STERADIAN. ) SOLID_ANGLE_UNIT ( ) );
#3074 = ORIENTED_EDGE ( 'NONE', *, *, #2617, .F. ) ;
#3075 = FILL_AREA_STYLE_COLOUR ( '', #10470 ) ;
#3076 = ORIENTED_EDGE ( 'NONE', *, *, #6810, .T. ) ;
#3077 = SURFACE_STYLE_FILL_AREA ( #11315 ) ;
#3078 = COLOUR_RGB ( '',1.000000000000000000, 1.000000000000000000, 1.000000000000000000 ) ;
#3079 = B_SPLINE_CURVE_WITH_KNOTS ( 'NONE', 3,
 ( #3740, #10226, #4748, #12007 ),
 .UNSPECIFIED., .F., .F.,
 ( 4, 4 ),
 ( 4.000000000000000000, 5.000000000000000000 ),
 .UNSPECIFIED. ) ;
#3080 = CARTESIAN_POINT ( 'NONE',  ( 1.199827638437622745, -12.70999999999999730, 2.238332266187399888 ) ) ;
#3081 = CARTESIAN_POINT ( 'NONE',  ( 2.362796867839010329, -12.69999999999999751, 1.162875994744636765 ) ) ;
#3082 = MECHANICAL_DESIGN_GEOMETRIC_PRESENTATION_REPRESENTATION (  '', ( #1550 ), #157 ) ;
#3083 = STYLED_ITEM ( 'NONE', ( #12071 ), #11521 ) ;
#3084 = ORIENTED_EDGE ( 'NONE', *, *, #1177, .T. ) ;
#3085 = CARTESIAN_POINT ( 'NONE',  ( -1.379894101693944997, -12.70999999999999730, 1.083236178157049645 ) ) ;
#3086 = VERTEX_POINT ( 'NONE', #697 ) ;
#3087 = LINE ( 'NONE', #8738, #45 ) ;
#3088 = EDGE_LOOP ( 'NONE', ( #2003, #910, #11818, #873 ) ) ;
#3089 = CARTESIAN_POINT ( 'NONE',  ( -2.801781486092632889, -12.70999999999999730, 2.775041002249141631 ) ) ;
#3090 = CARTESIAN_POINT ( 'NONE',  ( 2.626548792611196781, -12.70999999999999730, 1.673743717628395355 ) ) ;
#3091 = DIRECTION ( 'NONE',  ( -0.000000000000000000, 0.000000000000000000, 1.000000000000000000 ) ) ;
#3092 = EDGE_LOOP ( 'NONE', ( #2654, #11900, #11060, #2170 ) ) ;
#3093 = UNCERTAINTY_MEASURE_WITH_UNIT (LENGTH_MEASURE( 1.000000000000000082E-05 ), #9634, 'distance_accuracy_value', 'NONE');
#3094 = EDGE_CURVE ( 'NONE', #9398, #7153, #4192, .T. ) ;
#3095 = ADVANCED_FACE ( 'NONE', ( #1430 ), #11797, .T. ) ;
#3096 = CARTESIAN_POINT ( 'NONE',  ( -2.295685976389368665, -12.70999999999999730, 1.295314370058009423 ) ) ;
#3097 = COLOUR_RGB ( '',1.000000000000000000, 1.000000000000000000, 1.000000000000000000 ) ;
#3098 = AXIS2_PLACEMENT_3D ( 'NONE', #8977, #9955, #8101 ) ;
#3099 = AXIS2_PLACEMENT_3D ( 'NONE', #11336, #10306, #54 ) ;
#3100 = SURFACE_STYLE_FILL_AREA ( #10481 ) ;
#3101 =( NAMED_UNIT ( * ) PLANE_ANGLE_UNIT ( ) SI_UNIT ( $, .RADIAN. ) );
#3102 = B_SPLINE_SURFACE_WITH_KNOTS ( 'NONE', 3, 1, ( 
 ( #5557, #771 ),
 ( #4458, #10186 ),
 ( #4645, #649 ),
 ( #8152, #8211 ) ),
 .UNSPECIFIED., .F., .F., .F.,
 ( 4, 4 ),
 ( 2, 2 ),
 ( 2.000000000000000000, 3.000000000000000000 ),
 ( 0.000000000000000000, 1.000000000000000000 ),
 .UNSPECIFIED. ) ;
#3103 = FILL_AREA_STYLE ('',( #8806 ) ) ;
#3104 = CIRCLE ( 'NONE', #10027, 0.7999999999999986011 ) ;
#3105 =( NAMED_UNIT ( * ) PLANE_ANGLE_UNIT ( ) SI_UNIT ( $, .RADIAN. ) );
#3106 =( NAMED_UNIT ( * ) SI_UNIT ( $, .STERADIAN. ) SOLID_ANGLE_UNIT ( ) );
#3107 = VECTOR ( 'NONE', #7193, 1000.000000000000000 ) ;
#3108 = COLOUR_RGB ( '',1.000000000000000000, 1.000000000000000000, 1.000000000000000000 ) ;
#3109 = CARTESIAN_POINT ( 'NONE',  ( 0.9031500463159627401, -12.70999999999999730, 1.376719539530404823 ) ) ;
#3110 = ORIENTED_EDGE ( 'NONE', *, *, #6128, .F. ) ;
#3111 = EDGE_LOOP ( 'NONE', ( #7456, #7600, #1355, #4358 ) ) ;
#3112 = FACE_OUTER_BOUND ( 'NONE', #167, .T. ) ;
#3113 = DIRECTION ( 'NONE',  ( -1.000000000000000000, 0.000000000000000000, -0.000000000000000000 ) ) ;
#3114 = COLOUR_RGB ( '',1.000000000000000000, 1.000000000000000000, 1.000000000000000000 ) ;
#3115 = EDGE_CURVE ( 'NONE', #10114, #10682, #3746, .T. ) ;
#3116 =( NAMED_UNIT ( * ) PLANE_ANGLE_UNIT ( ) SI_UNIT ( $, .RADIAN. ) );
#3117 = PRESENTATION_STYLE_ASSIGNMENT (( #10669 ) ) ;
#3118 =( NAMED_UNIT ( * ) SI_UNIT ( $, .STERADIAN. ) SOLID_ANGLE_UNIT ( ) );
#3119 = CARTESIAN_POINT ( 'NONE',  ( 1.713468049099705626, -12.70999999999999730, 2.697212093254503174 ) ) ;
#3120 = CARTESIAN_POINT ( 'NONE',  ( 2.033366901353705902, -12.70999999999999730, 1.763509484403121608 ) ) ;
#3121 = LINE ( 'NONE', #4127, #6164 ) ;
#3122 = SURFACE_SIDE_STYLE ('',( #10508 ) ) ;
#3123 = SURFACE_STYLE_FILL_AREA ( #6178 ) ;
#3124 = PRESENTATION_LAYER_ASSIGNMENT (  '', '', ( #9476 ) ) ;
#3125 = FILL_AREA_STYLE ('',( #10875 ) ) ;
#3126 = EDGE_LOOP ( 'NONE', ( #2738, #4466, #6992, #653 ) ) ;
#3127 = DIRECTION ( 'NONE',  ( -0.000000000000000000, -0.000000000000000000, 1.000000000000000000 ) ) ;
#3128 = FILL_AREA_STYLE ('',( #11600 ) ) ;
#3129 = EDGE_CURVE ( 'NONE', #5337, #9407, #5538, .T. ) ;
#3130 = DIRECTION ( 'NONE',  ( -0.000000000000000000, 1.000000000000000000, -0.000000000000000000 ) ) ;
#3131 = LINE ( 'NONE', #7673, #4495 ) ;
#3132 = VECTOR ( 'NONE', #7946, 1000.000000000000000 ) ;
#3133 = ORIENTED_EDGE ( 'NONE', *, *, #6508, .F. ) ;
#3134 = B_SPLINE_CURVE_WITH_KNOTS ( 'NONE', 3,
 ( #8704, #194, #2166, #9518 ),
 .UNSPECIFIED., .F., .F.,
 ( 4, 4 ),
 ( 3.000000000000000000, 4.000000000000000000 ),
 .UNSPECIFIED. ) ;
#3135 = ORIENTED_EDGE ( 'NONE', *, *, #4642, .T. ) ;
#3137 = COLOUR_RGB ( '',1.000000000000000000, 1.000000000000000000, 1.000000000000000000 ) ;
#3136 = CARTESIAN_POINT ( 'NONE',  ( 0.9227321537406988350, -12.70999999999999730, 2.466385835831798712 ) ) ;
#3138 = CARTESIAN_POINT ( 'NONE',  ( -1.461833411466664900, -12.69999999999999751, 2.129166751113926281 ) ) ;
#3139 = VERTEX_POINT ( 'NONE', #4632 ) ;
#3140 = CARTESIAN_POINT ( 'NONE',  ( 0.3075420532518858274, -12.69999999999999751, 2.645570783409540105 ) ) ;
#3141 = FILL_AREA_STYLE_COLOUR ( '', #9322 ) ;
#3142 = STYLED_ITEM ( 'NONE', ( #5045 ), #7586 ) ;
#3143 = CARTESIAN_POINT ( 'NONE',  ( -1.225655433392526916, -12.70999999999999730, 2.389444423432443010 ) ) ;
#3144 = CARTESIAN_POINT ( 'NONE',  ( -3.519955003823156847, -12.69999999999999751, 2.124347051293271615 ) ) ;
#3145 = ORIENTED_EDGE ( 'NONE', *, *, #8821, .T. ) ;
#3146 = CARTESIAN_POINT ( 'NONE',  ( 0.5245048717899720714, -12.70999999999999730, 2.227588101050506086 ) ) ;
#3147 = MECHANICAL_DESIGN_GEOMETRIC_PRESENTATION_REPRESENTATION (  '', ( #8504 ), #8102 ) ;
#3149 = ORIENTED_EDGE ( 'NONE', *, *, #134, .F. ) ;
#3148 = CARTESIAN_POINT ( 'NONE',  ( 0.3503454208066740794, -12.69999999999999751, 2.298984811306086673 ) ) ;
#3150 = LINE ( 'NONE', #11503, #2257 ) ;
#3151 =( LENGTH_UNIT ( ) NAMED_UNIT ( * ) SI_UNIT ( .MILLI., .METRE. ) );
#3152 = SURFACE_STYLE_FILL_AREA ( #6995 ) ;
#3153 = CARTESIAN_POINT ( 'NONE',  ( -2.931920276282881765, -12.69999999999999751, 2.620802379916723268 ) ) ;
#3154 = LINE ( 'NONE', #2205, #10354 ) ;
#3155 = DIRECTION ( 'NONE',  ( 0.000000000000000000, 1.000000000000000000, 0.000000000000000000 ) ) ;
#3156 = DIRECTION ( 'NONE',  ( 0.000000000000000000, 0.000000000000000000, -1.000000000000000000 ) ) ;
#3157 = SURFACE_SIDE_STYLE ('',( #7698 ) ) ;
#3158 = VERTEX_POINT ( 'NONE', #4500 ) ;
#3159 = COLOUR_RGB ( '',1.000000000000000000, 1.000000000000000000, 1.000000000000000000 ) ;
#3160 = CARTESIAN_POINT ( 'NONE',  ( -1.770310564202709491, -12.69999999999999751, 1.907448975704833627 ) ) ;
#3161 = ADVANCED_FACE ( 'NONE', ( #2750 ), #6463, .F. ) ;
#3162 = SURFACE_SIDE_STYLE ('',( #295 ) ) ;
#3163 = CARTESIAN_POINT ( 'NONE',  ( 19.24999999999999645, -9.249999999999994671, 0.000000000000000000 ) ) ;
#3164 = SURFACE_STYLE_FILL_AREA ( #5721 ) ;
#3165 = VERTEX_POINT ( 'NONE', #4689 ) ;
#3166 = FACE_OUTER_BOUND ( 'NONE', #10176, .T. ) ;
#3167 = CARTESIAN_POINT ( 'NONE',  ( -2.295685976389368665, -12.69999999999999751, 1.247114797702457700 ) ) ;
#3168 = ORIENTED_EDGE ( 'NONE', *, *, #3723, .T. ) ;
#3169 = STYLED_ITEM ( 'NONE', ( #6255 ), #8616 ) ;
#3170 = EDGE_CURVE ( 'NONE', #6038, #10797, #6326, .T. ) ;
#3171 = MECHANICAL_DESIGN_GEOMETRIC_PRESENTATION_REPRESENTATION (  '', ( #11863 ), #1257 ) ;
#3172 = CARTESIAN_POINT ( 'NONE',  ( -19.25000000000000355, 1.500000000000003109, -4.000000000000000000 ) ) ;
#3173 = UNCERTAINTY_MEASURE_WITH_UNIT (LENGTH_MEASURE( 1.000000000000000082E-05 ), #1672, 'distance_accuracy_value', 'NONE');
#3174 = CARTESIAN_POINT ( 'NONE',  ( -1.047317162782429367, -12.69999999999999751, 1.753210123538929910 ) ) ;
#3175 = SURFACE_SIDE_STYLE ('',( #8762 ) ) ;
#3176 = CARTESIAN_POINT ( 'NONE',  ( 0.9227321537406988350, -12.70999999999999730, 2.760983912123202266 ) ) ;
#3177 = SURFACE_STYLE_FILL_AREA ( #11651 ) ;
#3178 = ORIENTED_EDGE ( 'NONE', *, *, #10180, .T. ) ;
#3179 = VECTOR ( 'NONE', #6500, 1000.000000000000000 ) ;
#3180 = ADVANCED_FACE ( 'NONE', ( #8444 ), #6642, .F. ) ;
#3181 = DIRECTION ( 'NONE',  ( -0.000000000000000000, 1.000000000000000000, -0.000000000000000000 ) ) ;
#3182 = FILL_AREA_STYLE_COLOUR ( '', #11025 ) ;
#3183 = UNCERTAINTY_MEASURE_WITH_UNIT (LENGTH_MEASURE( 1.000000000000000082E-05 ), #403, 'distance_accuracy_value', 'NONE');
#3184 = CARTESIAN_POINT ( 'NONE',  ( -19.90000000000000568, 1.500000000000003109, -4.000000000000000000 ) ) ;
#3185 = CARTESIAN_POINT ( 'NONE',  ( -2.777681607981459244, -12.69999999999999751, 1.733930496851108449 ) ) ;
#3186 =( GEOMETRIC_REPRESENTATION_CONTEXT ( 3 ) GLOBAL_UNCERTAINTY_ASSIGNED_CONTEXT ( ( #10295 ) ) GLOBAL_UNIT_ASSIGNED_CONTEXT ( ( #5471, #1793, #3745 ) ) REPRESENTATION_CONTEXT ( 'NONE', 'WORKASPACE' ) );
#3187 = B_SPLINE_SURFACE_WITH_KNOTS ( 'NONE', 3, 1, ( 
 ( #6883, #5050 ),
 ( #357, #5725 ),
 ( #3928, #11462 ),
 ( #3366, #3167 ) ),
 .UNSPECIFIED., .F., .F., .F.,
 ( 4, 4 ),
 ( 2, 2 ),
 ( 10.00000000000000000, 11.00000000000000000 ),
 ( 0.000000000000000000, 1.000000000000000000 ),
 .UNSPECIFIED. ) ;
#3188 = CARTESIAN_POINT ( 'NONE',  ( 0.9100817657594046928, -12.69999999999999751, 1.511888068654680728 ) ) ;
#3189 = ORIENTED_EDGE ( 'NONE', *, *, #6407, .F. ) ;
#3190 =( NAMED_UNIT ( * ) SI_UNIT ( $, .STERADIAN. ) SOLID_ANGLE_UNIT ( ) );
#3191 = CARTESIAN_POINT ( 'NONE',  ( 0.9965549657982581966, -12.70999999999999730, 1.227687571528463861 ) ) ;
#3192 = LINE ( 'NONE', #582, #8100 ) ;
#3193 =( NAMED_UNIT ( * ) PLANE_ANGLE_UNIT ( ) SI_UNIT ( $, .RADIAN. ) );
#3194 = EDGE_CURVE ( 'NONE', #3139, #8051, #8808, .T. ) ;
#3195 = DIRECTION ( 'NONE',  ( -0.3559357243698774709, 0.000000000000000000, -0.9345104387417459968 ) ) ;
#3196 = EDGE_LOOP ( 'NONE', ( #5371, #3470, #8688, #5762 ) ) ;
#3197 = DIRECTION ( 'NONE',  ( -0.3283461648125116095, -0.000000000000000000, 0.9445574604294409982 ) ) ;
#3198 = FILL_AREA_STYLE ('',( #5151 ) ) ;
#3199 = ORIENTED_EDGE ( 'NONE', *, *, #2286, .F. ) ;
#3200 = CARTESIAN_POINT ( 'NONE',  ( 0.1642287537877698267, -12.70999999999999730, 2.238332266187399888 ) ) ;
#3201 = ORIENTED_EDGE ( 'NONE', *, *, #6509, .T. ) ;
#3202 = SURFACE_STYLE_FILL_AREA ( #528 ) ;
#3203 = ADVANCED_FACE ( 'NONE', ( #8613 ), #6694, .F. ) ;
#3204 = COLOUR_RGB ( '',1.000000000000000000, 1.000000000000000000, 1.000000000000000000 ) ;
#3205 = DIRECTION ( 'NONE',  ( 0.000000000000000000, 0.000000000000000000, -1.000000000000000000 ) ) ;
#3206 = CARTESIAN_POINT ( 'NONE',  ( 1.879829315710288773, -12.70999999999999730, 2.609179256338330255 ) ) ;
#3207 = SURFACE_SIDE_STYLE ('',( #10899 ) ) ;
#3208 = ORIENTED_EDGE ( 'NONE', *, *, #11082, .F. ) ;
#3209 = SURFACE_SIDE_STYLE ('',( #5881 ) ) ;
#3210 = DIRECTION ( 'NONE',  ( -0.3409177962187273647, -0.000000000000000000, -0.9400931103999040639 ) ) ;
#3211 = DIRECTION ( 'NONE',  ( 0.3315284183504000892, -0.000000000000000000, 0.9434452330824943944 ) ) ;
#3212 = FACE_OUTER_BOUND ( 'NONE', #5929, .T. ) ;
#3213 = CARTESIAN_POINT ( 'NONE',  ( 0.9457801208848780616, -12.70999999999999730, 1.580858677103661680 ) ) ;
#3214 = UNCERTAINTY_MEASURE_WITH_UNIT (LENGTH_MEASURE( 1.000000000000000082E-05 ), #7733, 'distance_accuracy_value', 'NONE');
#3215 = EDGE_CURVE ( 'NONE', #2929, #10491, #5891, .T. ) ;
#3216 = VECTOR ( 'NONE', #5452, 1000.000000000000000 ) ;
#3217 =( NAMED_UNIT ( * ) PLANE_ANGLE_UNIT ( ) SI_UNIT ( $, .RADIAN. ) );
#3218 = CARTESIAN_POINT ( 'NONE',  ( -22.05000000000000426, 11.90000000000000036, 20.69999999999999929 ) ) ;
#3219 = DIRECTION ( 'NONE',  ( 0.000000000000000000, -0.000000000000000000, 1.000000000000000000 ) ) ;
#3220 = CARTESIAN_POINT ( 'NONE',  ( -22.05000000000000426, 11.90000000000000036, 21.50000000000000000 ) ) ;
#3221 =( NAMED_UNIT ( * ) SI_UNIT ( $, .STERADIAN. ) SOLID_ANGLE_UNIT ( ) );
#3222 = FACE_OUTER_BOUND ( 'NONE', #2869, .T. ) ;
#3223 = VERTEX_POINT ( 'NONE', #4044 ) ;
#3224 = PRESENTATION_LAYER_ASSIGNMENT (  '', '', ( #8572 ) ) ;
#3225 = SURFACE_STYLE_USAGE ( .BOTH. , #5178 ) ;
#3226 =( NAMED_UNIT ( * ) PLANE_ANGLE_UNIT ( ) SI_UNIT ( $, .RADIAN. ) );
#3227 = EDGE_CURVE ( 'NONE', #4401, #12065, #11332, .T. ) ;
#3228 = CARTESIAN_POINT ( 'NONE',  ( 0.9457801208848780616, -12.69999999999999751, 1.360083412869804054 ) ) ;
#3229 = ORIENTED_EDGE ( 'NONE', *, *, #9961, .T. ) ;
#3230 = SURFACE_STYLE_FILL_AREA ( #11700 ) ;
#3231 = FILL_AREA_STYLE_COLOUR ( '', #7697 ) ;
#3232 = ORIENTED_EDGE ( 'NONE', *, *, #5809, .F. ) ;
#3233 = ADVANCED_FACE ( 'NONE', ( #1125 ), #2208, .F. ) ;
#3234 = CARTESIAN_POINT ( 'NONE',  ( 0.6995307877048747569, -12.70999999999999730, 2.822676215157017054 ) ) ;
#3235 = SURFACE_SIDE_STYLE ('',( #10977 ) ) ;
#3236 = CARTESIAN_POINT ( 'NONE',  ( 2.728791654385999799, -12.70999999999999730, 1.328197503435454507 ) ) ;
#3237 = CARTESIAN_POINT ( 'NONE',  ( 1.372427452548226290, -12.69999999999999751, 1.205159483339544479 ) ) ;
#3238 = DIRECTION ( 'NONE',  ( -0.000000000000000000, -0.000000000000000000, 1.000000000000000000 ) ) ;
#3239 = ORIENTED_EDGE ( 'NONE', *, *, #5845, .F. ) ;
#3240 = SURFACE_STYLE_USAGE ( .BOTH. , #10933 ) ;
#3241 = CARTESIAN_POINT ( 'NONE',  ( -3.447655645294449567, -12.69999999999999751, 2.548503021390325696 ) ) ;
#3242 = ORIENTED_EDGE ( 'NONE', *, *, #3743, .F. ) ;
#3243 = VERTEX_POINT ( 'NONE', #3355 ) ;
#3244 = FACE_OUTER_BOUND ( 'NONE', #406, .T. ) ;
#3245 = PRESENTATION_LAYER_ASSIGNMENT (  '', '', ( #5824 ) ) ;
#3246 = EDGE_CURVE ( 'NONE', #11101, #9261, #8944, .T. ) ;
#3247 = ADVANCED_FACE ( 'NONE', ( #488 ), #9923, .T. ) ;
#3248 = MECHANICAL_DESIGN_GEOMETRIC_PRESENTATION_REPRESENTATION (  '', ( #11180 ), #123 ) ;
#3249 = CARTESIAN_POINT ( 'NONE',  ( -2.777681607981459244, -12.70999999999999730, 1.733930496851108449 ) ) ;
#3250 = CARTESIAN_POINT ( 'NONE',  ( -3.004219634811589490, -12.69999999999999751, 2.630442285191726182 ) ) ;
#3251 = ORIENTED_EDGE ( 'NONE', *, *, #7436, .F. ) ;
#3252 = DIRECTION ( 'NONE',  ( -0.000000000000000000, 1.000000000000000000, -0.000000000000000000 ) ) ;
#3253 = PRESENTATION_STYLE_ASSIGNMENT (( #11722 ) ) ;
#3254 = CARTESIAN_POINT ( 'NONE',  ( -0.1057617184844371061, -12.70999999999999730, 1.390929564389012718 ) ) ;
#3255 = CARTESIAN_POINT ( 'NONE',  ( 2.221563084205162575, -12.70999999999999730, 2.752319262821193657 ) ) ;
#3256 = MECHANICAL_DESIGN_GEOMETRIC_PRESENTATION_REPRESENTATION (  '', ( #10972 ), #4867 ) ;
#3257 = PRESENTATION_STYLE_ASSIGNMENT (( #7966 ) ) ;
#3258 = EDGE_LOOP ( 'NONE', ( #11375, #3381, #10161, #3643 ) ) ;
#3259 = FACE_OUTER_BOUND ( 'NONE', #2666, .T. ) ;
#3260 = CARTESIAN_POINT ( 'NONE',  ( -1.789590466688415260, -12.70999999999999730, 2.731661405519053787 ) ) ;
#3261 = EDGE_LOOP ( 'NONE', ( #387, #1542, #9359, #7140 ) ) ;
#3262 = ORIENTED_EDGE ( 'NONE', *, *, #10570, .T. ) ;
#3263 = MECHANICAL_DESIGN_GEOMETRIC_PRESENTATION_REPRESENTATION (  '', ( #7442 ), #6350 ) ;
#3264 = CARTESIAN_POINT ( 'NONE',  ( 0.3550243314316907650, -12.69999999999999751, 2.696172335339371173 ) ) ;
#3265 = LINE ( 'NONE', #8983, #2979 ) ;
#3266 = EDGE_CURVE ( 'NONE', #7708, #6851, #11696, .T. ) ;
#3267 =( LENGTH_UNIT ( ) NAMED_UNIT ( * ) SI_UNIT ( .MILLI., .METRE. ) );
#3268 = SURFACE_STYLE_FILL_AREA ( #11736 ) ;
#3269 = FACE_OUTER_BOUND ( 'NONE', #12001, .T. ) ;
#3270 = VERTEX_POINT ( 'NONE', #3160 ) ;
#3271 = DIRECTION ( 'NONE',  ( -0.3385350342956582326, 0.000000000000000000, -0.9409537876827095415 ) ) ;
#3272 = CARTESIAN_POINT ( 'NONE',  ( 1.514354408125495155, -12.70999999999999730, 2.161043594408120772 ) ) ;
#3273 = FACE_OUTER_BOUND ( 'NONE', #2455, .T. ) ;
#3274 = EDGE_CURVE ( 'NONE', #3905, #7179, #1481, .T. ) ;
#3275 = CARTESIAN_POINT ( 'NONE',  ( -0.1057617184844371061, -12.70999999999999730, 2.238332266187399888 ) ) ;
#3276 = FILL_AREA_STYLE ('',( #2378 ) ) ;
#3277 = DIRECTION ( 'NONE',  ( -0.000000000000000000, 1.000000000000000000, -0.000000000000000000 ) ) ;
#3278 = AXIS2_PLACEMENT_3D ( 'NONE', #11570, #246, #2931 ) ;
#3279 = VECTOR ( 'NONE', #7729, 1000.000000000000114 ) ;
#3280 = FILL_AREA_STYLE_COLOUR ( '', #5366 ) ;
#3281 = FILL_AREA_STYLE ('',( #3859 ) ) ;
#3282 = SURFACE_STYLE_USAGE ( .BOTH. , #4487 ) ;
#3283 = CARTESIAN_POINT ( 'NONE',  ( 0.7572373520594096741, -12.69999999999999751, 1.439105014512265912 ) ) ;
#3284 = VERTEX_POINT ( 'NONE', #7932 ) ;
#3285 = CARTESIAN_POINT ( 'NONE',  ( 2.728791654385999799, -12.69999999999999751, 1.533722984895554031 ) ) ;
#3286 = FILL_AREA_STYLE_COLOUR ( '', #1572 ) ;
#3287 = PRESENTATION_LAYER_ASSIGNMENT (  '', '', ( #8038 ) ) ;
#3288 = COLOUR_RGB ( '',1.000000000000000000, 1.000000000000000000, 1.000000000000000000 ) ;
#3289 = EDGE_LOOP ( 'NONE', ( #7233, #704, #3189, #9557 ) ) ;
#3290 = STYLED_ITEM ( 'NONE', ( #3927 ), #11407 ) ;
#3291 = EDGE_LOOP ( 'NONE', ( #4753, #7549, #5573, #11596, #1980, #2692, #9808, #2988, #8099, #6009, #538, #3110 ) ) ;
#3292 = B_SPLINE_SURFACE_WITH_KNOTS ( 'NONE', 3, 1, ( 
 ( #105, #3031 ),
 ( #1243, #9666 ),
 ( #2920, #4992 ),
 ( #289, #9496 ) ),
 .UNSPECIFIED., .F., .F., .F.,
 ( 4, 4 ),
 ( 2, 2 ),
 ( 11.00000000000000000, 12.00000000000000000 ),
 ( 0.000000000000000000, 1.000000000000000000 ),
 .UNSPECIFIED. ) ;
#3293 = FILL_AREA_STYLE ('',( #5240 ) ) ;
#3294 = AXIS2_PLACEMENT_3D ( 'NONE', #5832, #5712, #1175 ) ;
#3295 = EDGE_CURVE ( 'NONE', #6323, #5051, #10303, .T. ) ;
#3296 = FACE_OUTER_BOUND ( 'NONE', #11297, .T. ) ;
#3297 = MECHANICAL_DESIGN_GEOMETRIC_PRESENTATION_REPRESENTATION (  '', ( #7066 ), #10222 ) ;
#3298 = PRESENTATION_LAYER_ASSIGNMENT (  '', '', ( #1764 ) ) ;
#3299 = UNCERTAINTY_MEASURE_WITH_UNIT (LENGTH_MEASURE( 1.000000000000000082E-05 ), #2797, 'distance_accuracy_value', 'NONE');
#3300 = CARTESIAN_POINT ( 'NONE',  ( 0.6995307877048746459, -12.70999999999999730, 2.731177518523737469 ) ) ;
#3301 = VECTOR ( 'NONE', #9851, 1000.000000000000000 ) ;
#3302 = CARTESIAN_POINT ( 'NONE',  ( -1.394354120492199200, -12.70999999999999730, 1.377253495963937757 ) ) ;
#3303 = SURFACE_STYLE_FILL_AREA ( #7091 ) ;
#3304 =( NAMED_UNIT ( * ) SI_UNIT ( $, .STERADIAN. ) SOLID_ANGLE_UNIT ( ) );
#3305 = B_SPLINE_SURFACE_WITH_KNOTS ( 'NONE', 3, 1, ( 
 ( #1314, #7827 ),
 ( #7887, #6889 ),
 ( #3236, #7768 ),
 ( #5978, #10731 ) ),
 .UNSPECIFIED., .F., .F., .F.,
 ( 4, 4 ),
 ( 2, 2 ),
 ( 4.000000000000000000, 5.000000000000000000 ),
 ( 0.000000000000000000, 1.000000000000000000 ),
 .UNSPECIFIED. ) ;
#3306 = VECTOR ( 'NONE', #5353, 1000.000000000000000 ) ;
#3307 = ORIENTED_EDGE ( 'NONE', *, *, #1442, .F. ) ;
#3308 = LINE ( 'NONE', #5127, #9399 ) ;
#3309 = DIRECTION ( 'NONE',  ( -0.000000000000000000, -0.000000000000000000, -1.000000000000000000 ) ) ;
#3310 = UNCERTAINTY_MEASURE_WITH_UNIT (LENGTH_MEASURE( 1.000000000000000082E-05 ), #1449, 'distance_accuracy_value', 'NONE');
#3311 = FILL_AREA_STYLE_COLOUR ( '', #2770 ) ;
#3312 = ORIENTED_EDGE ( 'NONE', *, *, #4553, .F. ) ;
#3313 = ORIENTED_EDGE ( 'NONE', *, *, #7378, .F. ) ;
#3314 = STYLED_ITEM ( 'NONE', ( #10993 ), #10909 ) ;
#3315 = CARTESIAN_POINT ( 'NONE',  ( 0.5245048717899720714, -12.69999999999999751, 2.227588101050506086 ) ) ;
#3316 = FILL_AREA_STYLE ('',( #6109 ) ) ;
#3317 = PRESENTATION_STYLE_ASSIGNMENT (( #1321 ) ) ;
#3318 = VERTEX_POINT ( 'NONE', #615 ) ;
#3319 = CYLINDRICAL_SURFACE ( 'NONE', #8481, 0.6500000000000012434 ) ;
#3320 = FILL_AREA_STYLE_COLOUR ( '', #11899 ) ;
#3321 = EDGE_CURVE ( 'NONE', #9547, #8451, #7001, .T. ) ;
#3322 =( LENGTH_UNIT ( ) NAMED_UNIT ( * ) SI_UNIT ( .MILLI., .METRE. ) );
#3323 = CARTESIAN_POINT ( 'NONE',  ( 22.85000000000000142, 11.89999999999999503, 0.000000000000000000 ) ) ;
#3324 = FILL_AREA_STYLE_COLOUR ( '', #5493 ) ;
#3325 = ORIENTED_EDGE ( 'NONE', *, *, #826, .T. ) ;
#3326 = COLOUR_RGB ( '',1.000000000000000000, 1.000000000000000000, 1.000000000000000000 ) ;
#3327 = ORIENTED_EDGE ( 'NONE', *, *, #969, .T. ) ;
#3328 =( LENGTH_UNIT ( ) NAMED_UNIT ( * ) SI_UNIT ( .MILLI., .METRE. ) );
#3329 = CARTESIAN_POINT ( 'NONE',  ( 22.05000000000000426, 11.90000000000000036, 20.69999999999999929 ) ) ;
#3330 =( NAMED_UNIT ( * ) PLANE_ANGLE_UNIT ( ) SI_UNIT ( $, .RADIAN. ) );
#3331 = CARTESIAN_POINT ( 'NONE',  ( 0.2789487105533901556, -12.70999999999999730, 2.242144711880838415 ) ) ;
#3332 = FACE_OUTER_BOUND ( 'NONE', #185, .T. ) ;
#3333 = VECTOR ( 'NONE', #9975, 1000.000000000000000 ) ;
#3334 = COLOUR_RGB ( '',1.000000000000000000, 1.000000000000000000, 1.000000000000000000 ) ;
#3335 = DIRECTION ( 'NONE',  ( -0.000000000000000000, 1.000000000000000000, -0.000000000000000000 ) ) ;
#3336 = VERTEX_POINT ( 'NONE', #7873 ) ;
#3337 = FILL_AREA_STYLE_COLOUR ( '', #4964 ) ;
#3338 = DIRECTION ( 'NONE',  ( -0.000000000000000000, 1.000000000000000000, -0.000000000000000000 ) ) ;
#3339 = FILL_AREA_STYLE ('',( #8045 ) ) ;
#3340 = VECTOR ( 'NONE', #1778, 1000.000000000000000 ) ;
#3341 = CARTESIAN_POINT ( 'NONE',  ( 1.521286127568937330, -12.70999999999999730, 2.838965755845903161 ) ) ;
#3342 = ORIENTED_EDGE ( 'NONE', *, *, #1634, .T. ) ;
#3343 = ADVANCED_FACE ( 'NONE', ( #3222 ), #10818, .F. ) ;
#3344 = MECHANICAL_DESIGN_GEOMETRIC_PRESENTATION_REPRESENTATION (  '', ( #4148 ), #4951 ) ;
#3345 = CARTESIAN_POINT ( 'NONE',  ( -22.04999999999999005, -12.69999999999999751, 21.50000000000000000 ) ) ;
#3346 = AXIS2_PLACEMENT_3D ( 'NONE', #11668, #10684, #2417 ) ;
#3347 = VECTOR ( 'NONE', #1524, 1000.000000000000000 ) ;
#3348 = ORIENTED_EDGE ( 'NONE', *, *, #6446, .F. ) ;
#3349 = STYLED_ITEM ( 'NONE', ( #10392 ), #1034 ) ;
#3350 = FILL_AREA_STYLE_COLOUR ( '', #5181 ) ;
#3351 = STYLED_ITEM ( 'NONE', ( #4408 ), #6231 ) ;
#3352 = DIRECTION ( 'NONE',  ( -0.000000000000000000, 1.000000000000000000, -0.000000000000000000 ) ) ;
#3353 = FILL_AREA_STYLE_COLOUR ( '', #3544 ) ;
#3354 = ORIENTED_EDGE ( 'NONE', *, *, #7275, .T. ) ;
#3355 = CARTESIAN_POINT ( 'NONE',  ( -0.1932746764407473894, -12.69999999999999751, 1.085587322965344326 ) ) ;
#3356 = ORIENTED_EDGE ( 'NONE', *, *, #1178, .T. ) ;
#3357 = EDGE_CURVE ( 'NONE', #7170, #5213, #11936, .T. ) ;
#3358 = VECTOR ( 'NONE', #10452, 1000.000000000000000 ) ;
#3359 = COLOUR_RGB ( '',1.000000000000000000, 1.000000000000000000, 1.000000000000000000 ) ;
#3360 = VECTOR ( 'NONE', #205, 1000.000000000000000 ) ;
#3361 = PRESENTATION_LAYER_ASSIGNMENT (  '', '', ( #8699 ) ) ;
#3362 = DIRECTION ( 'NONE',  ( 0.000000000000000000, 0.000000000000000000, 1.000000000000000000 ) ) ;
#3363 = COLOUR_RGB ( '',1.000000000000000000, 1.000000000000000000, 1.000000000000000000 ) ;
#3364 = EDGE_LOOP ( 'NONE', ( #6104, #5969, #6153, #678 ) ) ;
#3365 =( GEOMETRIC_REPRESENTATION_CONTEXT ( 3 ) GLOBAL_UNCERTAINTY_ASSIGNED_CONTEXT ( ( #2976 ) ) GLOBAL_UNIT_ASSIGNED_CONTEXT ( ( #4721, #8586, #10383 ) ) REPRESENTATION_CONTEXT ( 'NONE', 'WORKASPACE' ) );
#3366 = CARTESIAN_POINT ( 'NONE',  ( -2.295685976389368665, -12.70999999999999730, 1.247114797702457700 ) ) ;
#3367 = ORIENTED_EDGE ( 'NONE', *, *, #1395, .T. ) ;
#3368 = VERTEX_POINT ( 'NONE', #6574 ) ;
#3369 = CARTESIAN_POINT ( 'NONE',  ( -1.042497095225886072, -12.69999999999999751, 1.174815439176064569 ) ) ;
#3370 = DIRECTION ( 'NONE',  ( -0.9445574604294409982, 0.000000000000000000, -0.3283461648125115540 ) ) ;
#3371 = EDGE_CURVE ( 'NONE', #7108, #6235, #4099, .T. ) ;
#3372 = CARTESIAN_POINT ( 'NONE',  ( 0.8509888575134295641, -12.70999999999999730, 1.412417894658188677 ) ) ;
#3373 = VECTOR ( 'NONE', #7329, 1000.000000000000000 ) ;
#3374 = EDGE_CURVE ( 'NONE', #10491, #2889, #9244, .T. ) ;
#3375 =( NAMED_UNIT ( * ) SI_UNIT ( $, .STERADIAN. ) SOLID_ANGLE_UNIT ( ) );
#3376 = FILL_AREA_STYLE ('',( #8075 ) ) ;
#3377 = PRESENTATION_LAYER_ASSIGNMENT (  '', '', ( #8522 ) ) ;
#3378 = CARTESIAN_POINT ( 'NONE',  ( 2.928251881327281758, -12.69999999999999751, 1.271010818038490475 ) ) ;
#3379 = FILL_AREA_STYLE ('',( #3311 ) ) ;
#3380 = ORIENTED_EDGE ( 'NONE', *, *, #160, .T. ) ;
#3381 = ORIENTED_EDGE ( 'NONE', *, *, #8972, .F. ) ;
#3382 = EDGE_CURVE ( 'NONE', #2125, #12157, #11022, .T. ) ;
#3384 = PRESENTATION_LAYER_ASSIGNMENT (  '', '', ( #1649 ) ) ;
#3383 = CARTESIAN_POINT ( 'NONE',  ( 22.05000000000000426, -11.89999999999999680, 20.69999999999999929 ) ) ;
#3385 = ADVANCED_FACE ( 'NONE', ( #8309 ), #10219, .T. ) ;
#3386 = SURFACE_SIDE_STYLE ('',( #11848 ) ) ;
#3387 = VECTOR ( 'NONE', #1768, 1000.000000000000000 ) ;
#3388 = ORIENTED_EDGE ( 'NONE', *, *, #11413, .T. ) ;
#3389 =( LENGTH_UNIT ( ) NAMED_UNIT ( * ) SI_UNIT ( .MILLI., .METRE. ) );
#3390 = VECTOR ( 'NONE', #10738, 1000.000000000000000 ) ;
#3391 = CARTESIAN_POINT ( 'NONE',  ( 0.3387347907427868399, -12.70999999999999730, 1.248482729854191398 ) ) ;
#3392 = ORIENTED_EDGE ( 'NONE', *, *, #10180, .F. ) ;
#3393 = CARTESIAN_POINT ( 'NONE',  ( 2.626548792611196781, -12.69999999999999751, 1.180551879320356212 ) ) ;
#3394 = SURFACE_STYLE_FILL_AREA ( #7120 ) ;
#3395 = ORIENTED_EDGE ( 'NONE', *, *, #9792, .F. ) ;
#3396 = VECTOR ( 'NONE', #1320, 1000.000000000000000 ) ;
#3397 = CARTESIAN_POINT ( 'NONE',  ( 0.2999171618649952853, -12.69999999999999751, 1.453315039366249062 ) ) ;
#3398 = ORIENTED_EDGE ( 'NONE', *, *, #4078, .T. ) ;
#3399 = EDGE_CURVE ( 'NONE', #4695, #10752, #7333, .T. ) ;
#3400 = CARTESIAN_POINT ( 'NONE',  ( 0.3075420532518858274, -12.70999999999999730, 2.645570783409540105 ) ) ;
#3401 =( NAMED_UNIT ( * ) PLANE_ANGLE_UNIT ( ) SI_UNIT ( $, .RADIAN. ) );
#3402 =( LENGTH_UNIT ( ) NAMED_UNIT ( * ) SI_UNIT ( .MILLI., .METRE. ) );
#3403 = VERTEX_POINT ( 'NONE', #682 ) ;
#3404 = CARTESIAN_POINT ( 'NONE',  ( 0.4527615755650131746, -12.69999999999999751, 2.227588101050506086 ) ) ;
#3405 = EDGE_CURVE ( 'NONE', #3411, #1096, #4434, .T. ) ;
#3407 = VERTEX_POINT ( 'NONE', #10154 ) ;
#3406 = DIRECTION ( 'NONE',  ( -0.000000000000000000, 1.000000000000000000, -0.000000000000000000 ) ) ;
#3408 = LINE ( 'NONE', #8173, #11169 ) ;
#3409 = B_SPLINE_SURFACE_WITH_KNOTS ( 'NONE', 3, 1, ( 
 ( #2584, #7284 ),
 ( #1376, #707 ),
 ( #4322, #6297 ),
 ( #8204, #8898 ) ),
 .UNSPECIFIED., .F., .F., .F.,
 ( 4, 4 ),
 ( 2, 2 ),
 ( 4.000000000000000000, 5.000000000000000000 ),
 ( 0.000000000000000000, 1.000000000000000000 ),
 .UNSPECIFIED. ) ;
#3410 = FILL_AREA_STYLE_COLOUR ( '', #2152 ) ;
#3411 = VERTEX_POINT ( 'NONE', #1721 ) ;
#3412 = VERTEX_POINT ( 'NONE', #5460 ) ;
#3413 = EDGE_CURVE ( 'NONE', #6546, #214, #2791, .T. ) ;
#3414 = SURFACE_STYLE_USAGE ( .BOTH. , #9919 ) ;
#3415 = COLOUR_RGB ( '',0.2509803921568627416, 0.2509803921568627416, 0.2509803921568627416 ) ;
#3416 =( NAMED_UNIT ( * ) PLANE_ANGLE_UNIT ( ) SI_UNIT ( $, .RADIAN. ) );
#3417 = CARTESIAN_POINT ( 'NONE',  ( 1.771694492416408639, -12.70999999999999730, 1.468564822140002502 ) ) ;
#3418 = CARTESIAN_POINT ( 'NONE',  ( 2.626548792611196781, -12.70999999999999730, 1.673743717628395355 ) ) ;
#3419 = VECTOR ( 'NONE', #10640, 1000.000000000000000 ) ;
#3420 =( NAMED_UNIT ( * ) SI_UNIT ( $, .STERADIAN. ) SOLID_ANGLE_UNIT ( ) );
#3421 = ORIENTED_EDGE ( 'NONE', *, *, #7757, .F. ) ;
#3422 =( GEOMETRIC_REPRESENTATION_CONTEXT ( 3 ) GLOBAL_UNCERTAINTY_ASSIGNED_CONTEXT ( ( #8628 ) ) GLOBAL_UNIT_ASSIGNED_CONTEXT ( ( #9268, #9158, #716 ) ) REPRESENTATION_CONTEXT ( 'NONE', 'WORKASPACE' ) );
#3423 = SURFACE_STYLE_USAGE ( .BOTH. , #9129 ) ;
#3424 = SURFACE_SIDE_STYLE ('',( #11886 ) ) ;
#3425 = ORIENTED_EDGE ( 'NONE', *, *, #152, .T. ) ;
#3426 = LINE ( 'NONE', #689, #1799 ) ;
#3427 = ORIENTED_EDGE ( 'NONE', *, *, #11486, .T. ) ;
#3428 = AXIS2_PLACEMENT_3D ( 'NONE', #752, #44, #3795 ) ;
#3429 =( NAMED_UNIT ( * ) PLANE_ANGLE_UNIT ( ) SI_UNIT ( $, .RADIAN. ) );
#3430 = UNCERTAINTY_MEASURE_WITH_UNIT (LENGTH_MEASURE( 1.000000000000000082E-05 ), #6211, 'distance_accuracy_value', 'NONE');
#3431 = CARTESIAN_POINT ( 'NONE',  ( 0.4586535370910264087, -12.70999999999999730, 1.511888068654680728 ) ) ;
#3432 = EDGE_CURVE ( 'NONE', #11295, #7197, #8393, .T. ) ;
#3433 = SURFACE_SIDE_STYLE ('',( #8135 ) ) ;
#3434 = FILL_AREA_STYLE ('',( #10979 ) ) ;
#3435 = FACE_BOUND ( 'NONE', #2448, .T. ) ;
#3436 = SURFACE_STYLE_USAGE ( .BOTH. , #7408 ) ;
#3437 = VECTOR ( 'NONE', #2146, 1000.000000000000000 ) ;
#3438 = DIRECTION ( 'NONE',  ( 0.3667976789509241886, -0.000000000000000000, 0.9303007377811837175 ) ) ;
#3439 = CARTESIAN_POINT ( 'NONE',  ( 0.5567373671960460513, -12.70999999999999730, 1.085587322965344104 ) ) ;
#3440 = CYLINDRICAL_SURFACE ( 'NONE', #1403, 0.7999999999999986011 ) ;
#3441 = ORIENTED_EDGE ( 'NONE', *, *, #1045, .F. ) ;
#3442 =( LENGTH_UNIT ( ) NAMED_UNIT ( * ) SI_UNIT ( .MILLI., .METRE. ) );
#3443 = EDGE_CURVE ( 'NONE', #9243, #11839, #11319, .T. ) ;
#3444 = CARTESIAN_POINT ( 'NONE',  ( -0.1932746764407473894, -12.70999999999999730, 2.161043594408120772 ) ) ;
#3445 = SURFACE_SIDE_STYLE ('',( #7416 ) ) ;
#3446 =( LENGTH_UNIT ( ) NAMED_UNIT ( * ) SI_UNIT ( .MILLI., .METRE. ) );
#3447 = CARTESIAN_POINT ( 'NONE',  ( -3.741673181439701956, -12.70999999999999730, 2.254485657616724925 ) ) ;
#3448 = SURFACE_SIDE_STYLE ('',( #9160 ) ) ;
#3449 = SURFACE_STYLE_FILL_AREA ( #1645 ) ;
#3450 = VERTEX_POINT ( 'NONE', #3912 ) ;
#3451 = CARTESIAN_POINT ( 'NONE',  ( 0.7572373520594096741, -12.70999999999999730, 1.409298620908180810 ) ) ;
#3452 = VERTEX_POINT ( 'NONE', #9655 ) ;
#3453 = ORIENTED_EDGE ( 'NONE', *, *, #7323, .F. ) ;
#3454 = ORIENTED_EDGE ( 'NONE', *, *, #28, .T. ) ;
#3455 = EDGE_CURVE ( 'NONE', #5781, #1779, #2966, .T. ) ;
#3456 = CARTESIAN_POINT ( 'NONE',  ( 1.879829315710288773, -12.70999999999999730, 2.508669324431330505 ) ) ;
#3457 = COLOUR_RGB ( '',1.000000000000000000, 1.000000000000000000, 1.000000000000000000 ) ;
#3458 = SURFACE_STYLE_USAGE ( .BOTH. , #11921 ) ;
#3459 = ORIENTED_EDGE ( 'NONE', *, *, #6521, .F. ) ;
#3460 = FACE_OUTER_BOUND ( 'NONE', #1037, .T. ) ;
#3461 = FACE_OUTER_BOUND ( 'NONE', #11716, .T. ) ;
#3462 = SURFACE_SIDE_STYLE ('',( #9968 ) ) ;
#3463 = DIRECTION ( 'NONE',  ( -1.000000000000000000, 0.000000000000000000, -0.000000000000000000 ) ) ;
#3464 = CARTESIAN_POINT ( 'NONE',  ( 2.516161160496580340, -12.70999999999999730, 1.186443840844054742 ) ) ;
#3465 = CARTESIAN_POINT ( 'NONE',  ( -3.235577683231577684, -12.70999999999999730, 1.092876129403349328 ) ) ;
#3466 = STYLED_ITEM ( 'NONE', ( #2438 ), #810 ) ;
#3467 = CARTESIAN_POINT ( 'NONE',  ( 0.8322732150202537538, -12.70999999999999730, 1.319879440105165447 ) ) ;
#3468 = ORIENTED_EDGE ( 'NONE', *, *, #710, .F. ) ;
#3469 =( GEOMETRIC_REPRESENTATION_CONTEXT ( 3 ) GLOBAL_UNCERTAINTY_ASSIGNED_CONTEXT ( ( #3050 ) ) GLOBAL_UNIT_ASSIGNED_CONTEXT ( ( #8235, #5182, #8950 ) ) REPRESENTATION_CONTEXT ( 'NONE', 'WORKASPACE' ) );
#3470 = ORIENTED_EDGE ( 'NONE', *, *, #4754, .F. ) ;
#3471 = CARTESIAN_POINT ( 'NONE',  ( 1.777586453940106948, -12.69999999999999751, 2.256008150763128217 ) ) ;
#3472 = CARTESIAN_POINT ( 'NONE',  ( 0.8116513496803728911, -12.69999999999999751, 1.542387634197562862 ) ) ;
#3473 = DIRECTION ( 'NONE',  ( -1.000000000000000000, -0.000000000000000000, -0.000000000000000000 ) ) ;
#3474 = ORIENTED_EDGE ( 'NONE', *, *, #6330, .F. ) ;
#3475 = SURFACE_STYLE_FILL_AREA ( #11698 ) ;
#3476 = CIRCLE ( 'NONE', #10397, 0.7999999999999986011 ) ;
#3477 = EDGE_CURVE ( 'NONE', #4440, #7209, #2852, .T. ) ;
#3478 = FILL_AREA_STYLE_COLOUR ( '', #9933 ) ;
#3479 = EDGE_LOOP ( 'NONE', ( #7035, #11956, #8730, #3607, #2722, #10138, #6298, #9350, #11095, #8663, #5130, #7489 ) ) ;
#3480 = COLOUR_RGB ( '',1.000000000000000000, 1.000000000000000000, 1.000000000000000000 ) ;
#3481 = UNCERTAINTY_MEASURE_WITH_UNIT (LENGTH_MEASURE( 1.000000000000000082E-05 ), #10046, 'distance_accuracy_value', 'NONE');
#3482 = CARTESIAN_POINT ( 'NONE',  ( 0.3612628789294233811, -12.69999999999999751, 1.283487913033960037 ) ) ;
#3483 = DIRECTION ( 'NONE',  ( -0.000000000000000000, 1.000000000000000000, -0.000000000000000000 ) ) ;
#3484 =( NAMED_UNIT ( * ) PLANE_ANGLE_UNIT ( ) SI_UNIT ( $, .RADIAN. ) );
#3485 = EDGE_CURVE ( 'NONE', #899, #10783, #1167, .T. ) ;
#3486 = CARTESIAN_POINT ( 'NONE',  ( 0.4281539715458249074, -12.69999999999999751, 1.143813766277427035 ) ) ;
#3487 = STYLED_ITEM ( 'NONE', ( #12203 ), #10169 ) ;
#3488 = CARTESIAN_POINT ( 'NONE',  ( 0.5832511940619400370, -12.69999999999999751, 1.580858677103661680 ) ) ;
#3489 = CARTESIAN_POINT ( 'NONE',  ( 0.4035463675266408590, -12.69999999999999751, 1.580858677103661680 ) ) ;
#3490 = VERTEX_POINT ( 'NONE', #7619 ) ;
#3491 = FILL_AREA_STYLE ('',( #9149 ) ) ;
#3492 = LINE ( 'NONE', #450, #3768 ) ;
#3493 = EDGE_LOOP ( 'NONE', ( #471, #9911, #7748, #10494 ) ) ;
#3494 = MECHANICAL_DESIGN_GEOMETRIC_PRESENTATION_REPRESENTATION (  '', ( #11001 ), #6073 ) ;
#3495 = CARTESIAN_POINT ( 'NONE',  ( 1.317840161941412402, -12.70999999999999730, 1.086627080880489871 ) ) ;
#3496 = ADVANCED_FACE ( 'NONE', ( #224 ), #11320, .F. ) ;
#3497 = SURFACE_STYLE_USAGE ( .BOTH. , #8272 ) ;
#3498 = STYLED_ITEM ( 'NONE', ( #9178 ), #10696 ) ;
#3499 =( GEOMETRIC_REPRESENTATION_CONTEXT ( 3 ) GLOBAL_UNCERTAINTY_ASSIGNED_CONTEXT ( ( #7804 ) ) GLOBAL_UNIT_ASSIGNED_CONTEXT ( ( #6441, #9033, #589 ) ) REPRESENTATION_CONTEXT ( 'NONE', 'WORKASPACE' ) );
#3500 = MECHANICAL_DESIGN_GEOMETRIC_PRESENTATION_REPRESENTATION (  '', ( #2323 ), #4303 ) ;
#3501 = CARTESIAN_POINT ( 'NONE',  ( 0.8963916198606550756, -12.70999999999999730, 1.143467180305729691 ) ) ;
#3502 = B_SPLINE_SURFACE_WITH_KNOTS ( 'NONE', 3, 1, ( 
 ( #7372, #6605 ),
 ( #3638, #6551 ),
 ( #898, #8467 ),
 ( #9210, #5618 ) ),
 .UNSPECIFIED., .F., .F., .F.,
 ( 4, 4 ),
 ( 2, 2 ),
 ( 6.000000000000000000, 7.000000000000000000 ),
 ( 0.000000000000000000, 1.000000000000000000 ),
 .UNSPECIFIED. ) ;
#3503 = CARTESIAN_POINT ( 'NONE',  ( 0.3633423947619750516, -12.70999999999999730, 1.165648682518300117 ) ) ;
#3504 = EDGE_LOOP ( 'NONE', ( #3327, #761, #6990, #11063 ) ) ;
#3505 = CARTESIAN_POINT ( 'NONE',  ( 0.4434037543172685836, -12.70999999999999730, 1.313294306638018272 ) ) ;
#3506 = PRESENTATION_STYLE_ASSIGNMENT (( #11968 ) ) ;
#3507 = FILL_AREA_STYLE ('',( #719 ) ) ;
#3508 = STYLED_ITEM ( 'NONE', ( #2187 ), #10845 ) ;
#3509 = PRESENTATION_LAYER_ASSIGNMENT (  '', '', ( #2887 ) ) ;
#3510 = DIRECTION ( 'NONE',  ( -1.000000000000000000, 0.000000000000000000, 0.000000000000000000 ) ) ;
#3511 = CARTESIAN_POINT ( 'NONE',  ( -1.789590466688415260, -12.69999999999999751, 1.232654778906526971 ) ) ;
#3512 = DIRECTION ( 'NONE',  ( -0.000000000000000000, 1.000000000000000000, -0.000000000000000000 ) ) ;
#3513 = EDGE_LOOP ( 'NONE', ( #5962, #1118, #1941, #3026 ) ) ;
#3514 = VERTEX_POINT ( 'NONE', #10637 ) ;
#3515 = CARTESIAN_POINT ( 'NONE',  ( 0.8464832398765511634, -12.69999999999999751, 1.143467180305729691 ) ) ;
#3516 = B_SPLINE_CURVE_WITH_KNOTS ( 'NONE', 3,
 ( #10533, #2086, #5820, #9599 ),
 .UNSPECIFIED., .F., .F.,
 ( 4, 4 ),
 ( 8.000000000000000000, 9.000000000000000000 ),
 .UNSPECIFIED. ) ;
#3517 = CARTESIAN_POINT ( 'NONE',  ( 1.879829315710288773, -12.70999999999999730, 2.508669324431330505 ) ) ;
#3518 =( GEOMETRIC_REPRESENTATION_CONTEXT ( 3 ) GLOBAL_UNCERTAINTY_ASSIGNED_CONTEXT ( ( #11267 ) ) GLOBAL_UNIT_ASSIGNED_CONTEXT ( ( #9810, #8583, #131 ) ) REPRESENTATION_CONTEXT ( 'NONE', 'WORKASPACE' ) );
#3519 = PRESENTATION_STYLE_ASSIGNMENT (( #6250 ) ) ;
#3520 = CARTESIAN_POINT ( 'NONE',  ( 0.8447503100156967815, -12.69999999999999751, 1.466138720333415968 ) ) ;
#3521 = ORIENTED_EDGE ( 'NONE', *, *, #5243, .F. ) ;
#3522 = DIRECTION ( 'NONE',  ( -0.000000000000000000, 1.000000000000000000, -0.000000000000000000 ) ) ;
#3524 = ORIENTED_EDGE ( 'NONE', *, *, #6216, .F. ) ;
#3523 = FILL_AREA_STYLE ('',( #729 ) ) ;
#3525 = CARTESIAN_POINT ( 'NONE',  ( 1.160490130604566072, -12.69999999999999751, 0.8599598551229343801 ) ) ;
#3526 =( NAMED_UNIT ( * ) PLANE_ANGLE_UNIT ( ) SI_UNIT ( $, .RADIAN. ) );
#3527 = CARTESIAN_POINT ( 'NONE',  ( -3.621174262048271864, -12.70999999999999730, 1.324234039920944239 ) ) ;
#3528 = CARTESIAN_POINT ( 'NONE',  ( 1.029134047176034183, -12.70999999999999730, 1.112621028786494159 ) ) ;
#3529 = B_SPLINE_CURVE_WITH_KNOTS ( 'NONE', 3,
 ( #1440, #5253, #1555, #5309 ),
 .UNSPECIFIED., .F., .F.,
 ( 4, 4 ),
 ( 4.000000000000000000, 5.000000000000000000 ),
 .UNSPECIFIED. ) ;
#3530 = VERTEX_POINT ( 'NONE', #4911 ) ;
#3531 = CARTESIAN_POINT ( 'NONE',  ( -2.295685976389368665, -12.70999999999999730, 1.247114797702457700 ) ) ;
#3532 = VECTOR ( 'NONE', #8970, 1000.000000000000000 ) ;
#3533 = ORIENTED_EDGE ( 'NONE', *, *, #2141, .T. ) ;
#3534 = DIRECTION ( 'NONE',  ( -1.000000000000000000, -0.000000000000000000, -0.000000000000000000 ) ) ;
#3535 = VECTOR ( 'NONE', #5246, 1000.000000000000000 ) ;
#3536 =( GEOMETRIC_REPRESENTATION_CONTEXT ( 3 ) GLOBAL_UNCERTAINTY_ASSIGNED_CONTEXT ( ( #4873 ) ) GLOBAL_UNIT_ASSIGNED_CONTEXT ( ( #8454, #10555, #2985 ) ) REPRESENTATION_CONTEXT ( 'NONE', 'WORKASPACE' ) );
#3537 = CARTESIAN_POINT ( 'NONE',  ( 0.2838009141642797162, -12.70999999999999730, 2.411278666269728088 ) ) ;
#3538 = LINE ( 'NONE', #10344, #1038 ) ;
#3539 = DIRECTION ( 'NONE',  ( 0.000000000000000000, -0.000000000000000000, -1.000000000000000000 ) ) ;
#3540 = VERTEX_POINT ( 'NONE', #8668 ) ;
#3541 = CARTESIAN_POINT ( 'NONE',  ( 1.178859187126017005, -12.70999999999999730, 0.8575337533163209791 ) ) ;
#3542 =( GEOMETRIC_REPRESENTATION_CONTEXT ( 3 ) GLOBAL_UNCERTAINTY_ASSIGNED_CONTEXT ( ( #4566 ) ) GLOBAL_UNIT_ASSIGNED_CONTEXT ( ( #7394, #3602, #865 ) ) REPRESENTATION_CONTEXT ( 'NONE', 'WORKASPACE' ) );
#3543 = ORIENTED_EDGE ( 'NONE', *, *, #8744, .F. ) ;
#3544 = COLOUR_RGB ( '',1.000000000000000000, 1.000000000000000000, 1.000000000000000000 ) ;
#3545 =( GEOMETRIC_REPRESENTATION_CONTEXT ( 3 ) GLOBAL_UNCERTAINTY_ASSIGNED_CONTEXT ( ( #558 ) ) GLOBAL_UNIT_ASSIGNED_CONTEXT ( ( #10860, #1433, #2407 ) ) REPRESENTATION_CONTEXT ( 'NONE', 'WORKASPACE' ) );
#3546 = SURFACE_STYLE_FILL_AREA ( #935 ) ;
#3547 = SURFACE_STYLE_FILL_AREA ( #9374 ) ;
#3548 = VECTOR ( 'NONE', #5560, 1000.000000000000000 ) ;
#3549 = EDGE_LOOP ( 'NONE', ( #10591, #10695, #5025, #2298, #1509, #7358 ) ) ;
#3550 = PRESENTATION_LAYER_ASSIGNMENT (  '', '', ( #10260 ) ) ;
#3551 = EDGE_CURVE ( 'NONE', #9656, #7171, #2199, .T. ) ;
#3552 = PRESENTATION_STYLE_ASSIGNMENT (( #8319 ) ) ;
#3553 = MECHANICAL_DESIGN_GEOMETRIC_PRESENTATION_REPRESENTATION (  '', ( #4355 ), #8897 ) ;
#3554 = CARTESIAN_POINT ( 'NONE',  ( -0.1932746764407473894, -12.70999999999999730, 1.085587322965344104 ) ) ;
#3555 = EDGE_CURVE ( 'NONE', #790, #4050, #4802, .T. ) ;
#3556 = VERTEX_POINT ( 'NONE', #1960 ) ;
#3557 = UNCERTAINTY_MEASURE_WITH_UNIT (LENGTH_MEASURE( 1.000000000000000082E-05 ), #2330, 'distance_accuracy_value', 'NONE');
#3558 = PRESENTATION_LAYER_ASSIGNMENT (  '', '', ( #25 ) ) ;
#3559 = CARTESIAN_POINT ( 'NONE',  ( 0.3370018608819365658, -12.69999999999999751, 2.180452408847023182 ) ) ;
#3560 = STYLED_ITEM ( 'NONE', ( #10869 ), #4601 ) ;
#3561 = LINE ( 'NONE', #7354, #10459 ) ;
#3562 = ORIENTED_EDGE ( 'NONE', *, *, #490, .F. ) ;
#3563 = VERTEX_POINT ( 'NONE', #9487 ) ;
#3564 = EDGE_CURVE ( 'NONE', #4823, #6514, #8494, .T. ) ;
#3565 = CARTESIAN_POINT ( 'NONE',  ( 3.210546155609103725, -12.70999999999999730, 1.271010818038490475 ) ) ;
#3566 = FILL_AREA_STYLE_COLOUR ( '', #3704 ) ;
#3567 = DIRECTION ( 'NONE',  ( -1.000000000000000000, 0.000000000000000000, -0.000000000000000000 ) ) ;
#3568 = MECHANICAL_DESIGN_GEOMETRIC_PRESENTATION_REPRESENTATION (  '', ( #647 ), #10673 ) ;
#3569 = SURFACE_STYLE_USAGE ( .BOTH. , #8333 ) ;
#3570 = AXIS2_PLACEMENT_3D ( 'NONE', #12196, #2875, #9388 ) ;
#3571 = PRESENTATION_STYLE_ASSIGNMENT (( #890 ) ) ;
#3572 = CARTESIAN_POINT ( 'NONE',  ( 0.4035463675266408590, -12.70999999999999730, 1.580858677103661680 ) ) ;
#3573 =( LENGTH_UNIT ( ) NAMED_UNIT ( * ) SI_UNIT ( .MILLI., .METRE. ) );
#3574 = DIRECTION ( 'NONE',  ( -0.000000000000000000, -0.000000000000000000, -1.000000000000000000 ) ) ;
#3575 = ADVANCED_FACE ( 'NONE', ( #96 ), #8430, .F. ) ;
#3576 = DIRECTION ( 'NONE',  ( 0.8840949502478812061, 0.000000000000000000, 0.4673073067545555626 ) ) ;
#3577 = FACE_OUTER_BOUND ( 'NONE', #7741, .T. ) ;
#3578 = PRESENTATION_LAYER_ASSIGNMENT (  '', '', ( #1643 ) ) ;
#3579 = CARTESIAN_POINT ( 'NONE',  ( 0.8352191957844146142, -12.69999999999999751, 2.838965755845902272 ) ) ;
#3580 = ORIENTED_EDGE ( 'NONE', *, *, #11210, .F. ) ;
#3581 = AXIS2_PLACEMENT_3D ( 'NONE', #6668, #10454, #2896 ) ;
#3582 = CARTESIAN_POINT ( 'NONE',  ( 1.777586453940106948, -12.69999999999999751, 2.749199989071176464 ) ) ;
#3583 =( LENGTH_UNIT ( ) NAMED_UNIT ( * ) SI_UNIT ( .MILLI., .METRE. ) );
#3584 = EDGE_CURVE ( 'NONE', #5533, #7820, #6989, .T. ) ;
#3585 = ORIENTED_EDGE ( 'NONE', *, *, #2537, .T. ) ;
#3586 = CARTESIAN_POINT ( 'NONE',  ( 1.317840161941412402, -12.70999999999999730, 1.086627080880489871 ) ) ;
#3587 = B_SPLINE_CURVE_WITH_KNOTS ( 'NONE', 3,
 ( #9991, #5979, #11833, #4389 ),
 .UNSPECIFIED., .F., .F.,
 ( 4, 4 ),
 ( 3.000000000000000000, 4.000000000000000000 ),
 .UNSPECIFIED. ) ;
#3588 = DIRECTION ( 'NONE',  ( 1.000000000000000000, -0.000000000000000000, -0.000000000000000000 ) ) ;
#3589 =( NAMED_UNIT ( * ) SI_UNIT ( $, .STERADIAN. ) SOLID_ANGLE_UNIT ( ) );
#3590 = CARTESIAN_POINT ( 'NONE',  ( 2.636773078785899393, -12.70999999999999730, 1.430786951181954203 ) ) ;
#3591 = VECTOR ( 'NONE', #4013, 1000.000000000000000 ) ;
#3592 = DIRECTION ( 'NONE',  ( -0.000000000000000000, 1.000000000000000000, -0.000000000000000000 ) ) ;
#3593 = VERTEX_POINT ( 'NONE', #8040 ) ;
#3594 = EDGE_CURVE ( 'NONE', #3270, #2610, #5033, .T. ) ;
#3595 = FACE_OUTER_BOUND ( 'NONE', #7180, .T. ) ;
#3596 = ORIENTED_EDGE ( 'NONE', *, *, #11692, .T. ) ;
#3597 = PRODUCT_CONTEXT ( 'NONE', #7914, 'mechanical' ) ;
#3598 = SURFACE_SIDE_STYLE ('',( #2735 ) ) ;
#3599 = CARTESIAN_POINT ( 'NONE',  ( 0.2838009141642797162, -12.70999999999999730, 2.492379783742445287 ) ) ;
#3600 = CARTESIAN_POINT ( 'NONE',  ( 2.221563084205163019, -12.69999999999999751, 2.752319262821193213 ) ) ;
#3601 = EDGE_LOOP ( 'NONE', ( #940, #5678, #7344, #5914 ) ) ;
#3602 =( NAMED_UNIT ( * ) PLANE_ANGLE_UNIT ( ) SI_UNIT ( $, .RADIAN. ) );
#3603 = ORIENTED_EDGE ( 'NONE', *, *, #651, .F. ) ;
#3604 = CARTESIAN_POINT ( 'NONE',  ( 18.59999999999999432, -9.249999999999994671, 0.000000000000000000 ) ) ;
#3605 = EDGE_CURVE ( 'NONE', #7108, #736, #9718, .T. ) ;
#3606 =( LENGTH_UNIT ( ) NAMED_UNIT ( * ) SI_UNIT ( .MILLI., .METRE. ) );
#3607 = ORIENTED_EDGE ( 'NONE', *, *, #296, .F. ) ;
#3608 = ORIENTED_EDGE ( 'NONE', *, *, #119, .F. ) ;
#3609 = FACE_OUTER_BOUND ( 'NONE', #7432, .T. ) ;
#3610 = UNCERTAINTY_MEASURE_WITH_UNIT (LENGTH_MEASURE( 1.000000000000000082E-05 ), #1443, 'distance_accuracy_value', 'NONE');
#3611 = ADVANCED_FACE ( 'NONE', ( #3269 ), #11179, .F. ) ;
#3612 = SURFACE_STYLE_USAGE ( .BOTH. , #12073 ) ;
#3613 = SURFACE_STYLE_FILL_AREA ( #12075 ) ;
#3614 = CARTESIAN_POINT ( 'NONE',  ( 0.4654119635463069837, -12.69999999999999751, 1.143813766277427035 ) ) ;
#3615 = ORIENTED_EDGE ( 'NONE', *, *, #5287, .F. ) ;
#3616 =( NAMED_UNIT ( * ) SI_UNIT ( $, .STERADIAN. ) SOLID_ANGLE_UNIT ( ) );
#3617 = ADVANCED_FACE ( 'NONE', ( #533 ), #9330, .T. ) ;
#3618 = AXIS2_PLACEMENT_3D ( 'NONE', #9724, #9548, #288 ) ;
#3619 = LINE ( 'NONE', #630, #5369 ) ;
#3620 = CARTESIAN_POINT ( 'NONE',  ( -1.042497095225886072, -12.69999999999999751, 1.174815439176064569 ) ) ;
#3621 = B_SPLINE_CURVE_WITH_KNOTS ( 'NONE', 3,
 ( #8491, #4737, #9305, #3786 ),
 .UNSPECIFIED., .F., .F.,
 ( 4, 4 ),
 ( 18.00000000000000000, 19.00000000000000000 ),
 .UNSPECIFIED. ) ;
#3622 = FACE_OUTER_BOUND ( 'NONE', #9629, .T. ) ;
#3623 = ORIENTED_EDGE ( 'NONE', *, *, #5985, .T. ) ;
#3624 = SURFACE_STYLE_FILL_AREA ( #5372 ) ;
#3625 = FACE_OUTER_BOUND ( 'NONE', #4664, .T. ) ;
#3626 = ORIENTED_EDGE ( 'NONE', *, *, #9816, .F. ) ;
#3627 = EDGE_CURVE ( 'NONE', #1576, #12082, #9433, .T. ) ;
#3628 = SURFACE_SIDE_STYLE ('',( #12081 ) ) ;
#3629 = LINE ( 'NONE', #6430, #6592 ) ;
#3630 =( GEOMETRIC_REPRESENTATION_CONTEXT ( 3 ) GLOBAL_UNCERTAINTY_ASSIGNED_CONTEXT ( ( #187 ) ) GLOBAL_UNIT_ASSIGNED_CONTEXT ( ( #5511, #2676, #6331 ) ) REPRESENTATION_CONTEXT ( 'NONE', 'WORKASPACE' ) );
#3631 = DIRECTION ( 'NONE',  ( -1.000000000000000000, 0.000000000000000000, 0.000000000000000000 ) ) ;
#3632 = CARTESIAN_POINT ( 'NONE',  ( -3.597074337972709479, -12.69999999999999751, 2.399084328707441038 ) ) ;
#3633 = CARTESIAN_POINT ( 'NONE',  ( 1.513834529167924270, -12.70999999999999730, 2.238332266187399888 ) ) ;
#3634 = CARTESIAN_POINT ( 'NONE',  ( 0.9631094194912107609, -12.70999999999999730, 1.143467180305729691 ) ) ;
#3635 = CARTESIAN_POINT ( 'NONE',  ( 1.713468049099705626, -12.70999999999999730, 2.697212093254503174 ) ) ;
#3636 = MECHANICAL_DESIGN_GEOMETRIC_PRESENTATION_REPRESENTATION (  '', ( #7588 ), #3827 ) ;
#3637 = CARTESIAN_POINT ( 'NONE',  ( 0.9998475325341440456, -12.69999999999999751, 1.339981426487471206 ) ) ;
#3638 = CARTESIAN_POINT ( 'NONE',  ( 0.7754331155950139332, -12.70999999999999730, 1.516393686291531706 ) ) ;
#3639 = ADVANCED_FACE ( 'NONE', ( #2493 ), #727, .F. ) ;
#3640 = ADVANCED_FACE ( 'NONE', ( #1583 ), #852, .F. ) ;
#3641 = CARTESIAN_POINT ( 'NONE',  ( 22.05000000000000426, 11.90000000000000036, 20.69999999999999929 ) ) ;
#3642 = SURFACE_SIDE_STYLE ('',( #11351 ) ) ;
#3643 = ORIENTED_EDGE ( 'NONE', *, *, #9698, .T. ) ;
#3644 = ORIENTED_EDGE ( 'NONE', *, *, #1506, .F. ) ;
#3645 = CARTESIAN_POINT ( 'NONE',  ( -2.984939824256972241, -12.70999999999999730, 1.733930496851108449 ) ) ;
#3646 = CARTESIAN_POINT ( 'NONE',  ( -1.789590466688415260, -12.69999999999999751, 2.731661405519053787 ) ) ;
#3647 = ADVANCED_FACE ( 'NONE', ( #3010 ), #7947, .F. ) ;
#3648 = CARTESIAN_POINT ( 'NONE',  ( 0.2526081766733467848, -12.70999999999999730, 1.171887230018347381 ) ) ;
#3649 = ORIENTED_EDGE ( 'NONE', *, *, #2836, .F. ) ;
#3650 = SURFACE_SIDE_STYLE ('',( #4604 ) ) ;
#3651 = CARTESIAN_POINT ( 'NONE',  ( 0.9870238515646625466, -12.70999999999999730, 1.580858677103661680 ) ) ;
#3652 = CARTESIAN_POINT ( 'NONE',  ( 1.327891155132578049, -12.70999999999999730, 2.161043594408120772 ) ) ;
#3653 = SURFACE_STYLE_USAGE ( .BOTH. , #12106 ) ;
#3654 = FILL_AREA_STYLE ('',( #8414 ) ) ;
#3655 = VERTEX_POINT ( 'NONE', #141 ) ;
#3656 = EDGE_CURVE ( 'NONE', #11826, #6978, #5629, .T. ) ;
#3657 = STYLED_ITEM ( 'NONE', ( #3257 ), #1862 ) ;
#3658 = LINE ( 'NONE', #8304, #3983 ) ;
#3659 =( NAMED_UNIT ( * ) PLANE_ANGLE_UNIT ( ) SI_UNIT ( $, .RADIAN. ) );
#3660 = CARTESIAN_POINT ( 'NONE',  ( 0.8116513496803728911, -12.70999999999999730, 1.542387634197562862 ) ) ;
#3661 =( LENGTH_UNIT ( ) NAMED_UNIT ( * ) SI_UNIT ( .MILLI., .METRE. ) );
#3662 = ORIENTED_EDGE ( 'NONE', *, *, #572, .T. ) ;
#3663 = CARTESIAN_POINT ( 'NONE',  ( 0.2999171618649956184, -12.69999999999999751, 1.453315039366249062 ) ) ;
#3664 = CARTESIAN_POINT ( 'NONE',  ( 0.2941984933271434288, -12.70999999999999730, 1.112274442814796815 ) ) ;
#3665 = ADVANCED_FACE ( 'NONE', ( #8535 ), #7454, .F. ) ;
#3666 = LINE ( 'NONE', #11203, #366 ) ;
#3667 =( GEOMETRIC_REPRESENTATION_CONTEXT ( 3 ) GLOBAL_UNCERTAINTY_ASSIGNED_CONTEXT ( ( #6651 ) ) GLOBAL_UNIT_ASSIGNED_CONTEXT ( ( #6893, #315, #7774 ) ) REPRESENTATION_CONTEXT ( 'NONE', 'WORKASPACE' ) );
#3668 = CARTESIAN_POINT ( 'NONE',  ( 1.713468049099705626, -12.69999999999999751, 2.697212093254503174 ) ) ;
#3669 = CARTESIAN_POINT ( 'NONE',  ( -3.235577683231577684, -12.69999999999999751, 1.092876129403349328 ) ) ;
#3670 = FACE_OUTER_BOUND ( 'NONE', #10546, .T. ) ;
#3671 = CARTESIAN_POINT ( 'NONE',  ( 0.9457801208848780616, -12.70999999999999730, 1.074149985885020087 ) ) ;
#3672 =( NAMED_UNIT ( * ) SI_UNIT ( $, .STERADIAN. ) SOLID_ANGLE_UNIT ( ) );
#3674 = EDGE_LOOP ( 'NONE', ( #9507, #5032, #6599, #11517, #2295, #9002, #10128 ) ) ;
#3673 = VECTOR ( 'NONE', #3211, 1000.000000000000114 ) ;
#3675 = UNCERTAINTY_MEASURE_WITH_UNIT (LENGTH_MEASURE( 1.000000000000000082E-05 ), #10575, 'distance_accuracy_value', 'NONE');
#3676 = SURFACE_STYLE_FILL_AREA ( #8509 ) ;
#3677 = STYLED_ITEM ( 'NONE', ( #7814 ), #1626 ) ;
#3678 = ADVANCED_FACE ( 'NONE', ( #4069 ), #3319, .T. ) ;
#3679 = LINE ( 'NONE', #7277, #4391 ) ;
#3680 = CARTESIAN_POINT ( 'NONE',  ( 0.2999171618649938420, -12.69999999999999751, 1.535802500730442555 ) ) ;
#3681 = FILL_AREA_STYLE_COLOUR ( '', #1930 ) ;
#3682 = ORIENTED_EDGE ( 'NONE', *, *, #8744, .T. ) ;
#3683 = ORIENTED_EDGE ( 'NONE', *, *, #2362, .T. ) ;
#3684 = CARTESIAN_POINT ( 'NONE',  ( 0.8858207477119407480, -12.70999999999999730, 1.298391109835989488 ) ) ;
#3685 = FACE_OUTER_BOUND ( 'NONE', #6000, .T. ) ;
#3686 = ORIENTED_EDGE ( 'NONE', *, *, #5391, .T. ) ;
#3687 = SURFACE_SIDE_STYLE ('',( #2700 ) ) ;
#3688 = ORIENTED_EDGE ( 'NONE', *, *, #8035, .F. ) ;
#3689 = B_SPLINE_CURVE_WITH_KNOTS ( 'NONE', 3,
 ( #11084, #7331, #5404, #4486, #12110, #6268 ),
 .UNSPECIFIED., .F., .F.,
 ( 4, 2, 4 ),
 ( 2.000000000000000000, 3.000000000000000000, 4.000000000000000000 ),
 .UNSPECIFIED. ) ;
#3690 = EDGE_CURVE ( 'NONE', #12082, #3655, #8836, .T. ) ;
#3691 =( NAMED_UNIT ( * ) SI_UNIT ( $, .STERADIAN. ) SOLID_ANGLE_UNIT ( ) );
#3692 = CARTESIAN_POINT ( 'NONE',  ( 0.9457801208848780616, -12.69999999999999751, 1.360083412869804054 ) ) ;
#3693 = VECTOR ( 'NONE', #1486, 1000.000000000000000 ) ;
#3694 = DIRECTION ( 'NONE',  ( 0.000000000000000000, 1.000000000000000000, 0.000000000000000000 ) ) ;
#3695 = UNCERTAINTY_MEASURE_WITH_UNIT (LENGTH_MEASURE( 1.000000000000000082E-05 ), #9445, 'distance_accuracy_value', 'NONE');
#3696 = CARTESIAN_POINT ( 'NONE',  ( 1.684181534457814600, -12.69999999999999751, 1.763509484403121608 ) ) ;
#3697 = FILL_AREA_STYLE_COLOUR ( '', #4335 ) ;
#3698 = DIRECTION ( 'NONE',  ( -0.000000000000000000, 1.000000000000000000, -0.000000000000000000 ) ) ;
#3699 = CARTESIAN_POINT ( 'NONE',  ( 0.6995307877048746459, -12.69999999999999751, 2.822676215157017054 ) ) ;
#3700 = STYLED_ITEM ( 'NONE', ( #3552 ), #2348 ) ;
#3701 = CARTESIAN_POINT ( 'NONE',  ( 2.176853493808293294, -12.70999999999999730, 1.085587322965344104 ) ) ;
#3702 = COLOUR_RGB ( '',1.000000000000000000, 1.000000000000000000, 1.000000000000000000 ) ;
#3703 = VECTOR ( 'NONE', #5808, 1000.000000000000000 ) ;
#3704 = COLOUR_RGB ( '',1.000000000000000000, 1.000000000000000000, 1.000000000000000000 ) ;
#3705 =( NAMED_UNIT ( * ) PLANE_ANGLE_UNIT ( ) SI_UNIT ( $, .RADIAN. ) );
#3706 = ORIENTED_EDGE ( 'NONE', *, *, #6791, .F. ) ;
#3707 = ORIENTED_EDGE ( 'NONE', *, *, #1476, .T. ) ;
#3708 = CARTESIAN_POINT ( 'NONE',  ( 2.694652936130905285, -12.70999999999999730, 1.243977112217340641 ) ) ;
#3709 = CARTESIAN_POINT ( 'NONE',  ( 2.928251881327281758, -12.70999999999999730, 1.271010818038490475 ) ) ;
#3710 = EDGE_CURVE ( 'NONE', #4930, #8308, #10045, .T. ) ;
#3711 = EDGE_CURVE ( 'NONE', #4068, #660, #2178, .T. ) ;
#3712 = SURFACE_STYLE_USAGE ( .BOTH. , #6560 ) ;
#3713 = MECHANICAL_DESIGN_GEOMETRIC_PRESENTATION_REPRESENTATION (  '', ( #6284 ), #12179 ) ;
#3714 = VECTOR ( 'NONE', #9524, 1000.000000000000000 ) ;
#3715 =( NAMED_UNIT ( * ) PLANE_ANGLE_UNIT ( ) SI_UNIT ( $, .RADIAN. ) );
#3716 = ORIENTED_EDGE ( 'NONE', *, *, #4553, .T. ) ;
#3717 = STYLED_ITEM ( 'NONE', ( #7080 ), #9494 ) ;
#3718 =( NAMED_UNIT ( * ) SI_UNIT ( $, .STERADIAN. ) SOLID_ANGLE_UNIT ( ) );
#3719 = B_SPLINE_SURFACE_WITH_KNOTS ( 'NONE', 3, 1, ( 
 ( #4225, #2835 ),
 ( #6502, #3520 ),
 ( #11239, #1887 ),
 ( #6449, #9283 ) ),
 .UNSPECIFIED., .F., .F., .F.,
 ( 4, 4 ),
 ( 2, 2 ),
 ( 12.00000000000000000, 13.00000000000000000 ),
 ( 0.000000000000000000, 1.000000000000000000 ),
 .UNSPECIFIED. ) ;
#3720 = SURFACE_STYLE_FILL_AREA ( #1710 ) ;
#3721 = CARTESIAN_POINT ( 'NONE',  ( 1.517820267842607151, -12.70999999999999730, 2.760983912123202266 ) ) ;
#3722 = CIRCLE ( 'NONE', #8831, 0.6500000000000012434 ) ;
#3723 = EDGE_CURVE ( 'NONE', #11568, #6219, #579, .T. ) ;
#3724 = CARTESIAN_POINT ( 'NONE',  ( 1.083721337782844074, -12.69999999999999751, 1.217289992363262963 ) ) ;
#3725 = VECTOR ( 'NONE', #5738, 1000.000000000000000 ) ;
#3726 = SPHERICAL_SURFACE ( 'NONE', #8892, 0.8000000000000000444 ) ;
#3727 = SURFACE_STYLE_USAGE ( .BOTH. , #3598 ) ;
#3728 = DIRECTION ( 'NONE',  ( -1.000000000000000000, 0.000000000000000000, -0.000000000000000000 ) ) ;
#3729 = CARTESIAN_POINT ( 'NONE',  ( 0.9965549657982581966, -12.70999999999999730, 1.208971929032973902 ) ) ;
#3730 = ORIENTED_EDGE ( 'NONE', *, *, #5977, .T. ) ;
#3731 = ORIENTED_EDGE ( 'NONE', *, *, #3840, .T. ) ;
#3732 = DIRECTION ( 'NONE',  ( -0.000000000000000000, -0.000000000000000000, -1.000000000000000000 ) ) ;
#3733 = SURFACE_STYLE_USAGE ( .BOTH. , #8498 ) ;
#3734 =( NAMED_UNIT ( * ) SI_UNIT ( $, .STERADIAN. ) SOLID_ANGLE_UNIT ( ) );
#3735 = EDGE_CURVE ( 'NONE', #8752, #11867, #5989, .T. ) ;
#3736 = CARTESIAN_POINT ( 'NONE',  ( 0.3387347907427868399, -12.70999999999999730, 1.222142195971842815 ) ) ;
#3737 = ORIENTED_EDGE ( 'NONE', *, *, #7378, .T. ) ;
#3738 =( NAMED_UNIT ( * ) SI_UNIT ( $, .STERADIAN. ) SOLID_ANGLE_UNIT ( ) );
#3739 =( GEOMETRIC_REPRESENTATION_CONTEXT ( 3 ) GLOBAL_UNCERTAINTY_ASSIGNED_CONTEXT ( ( #1861 ) ) GLOBAL_UNIT_ASSIGNED_CONTEXT ( ( #10386, #1944, #5798 ) ) REPRESENTATION_CONTEXT ( 'NONE', 'WORKASPACE' ) );
#3740 = CARTESIAN_POINT ( 'NONE',  ( 2.636773078785899393, -12.70999999999999730, 1.430786951181954203 ) ) ;
#3741 = UNCERTAINTY_MEASURE_WITH_UNIT (LENGTH_MEASURE( 1.000000000000000082E-05 ), #1269, 'distance_accuracy_value', 'NONE');
#3742 = AXIS2_PLACEMENT_3D ( 'NONE', #12025, #6598, #3567 ) ;
#3743 = EDGE_CURVE ( 'NONE', #6411, #9447, #6973, .T. ) ;
#3744 = CARTESIAN_POINT ( 'NONE',  ( 0.9929158130906751145, -12.70999999999999730, 1.086973666852187215 ) ) ;
#3745 =( NAMED_UNIT ( * ) SI_UNIT ( $, .STERADIAN. ) SOLID_ANGLE_UNIT ( ) );
#3746 = LINE ( 'NONE', #5653, #10005 ) ;
#3747 = PRODUCT_DEFINITION_SHAPE ( 'NONE', 'NONE',  #1921 ) ;
#3748 = PRESENTATION_LAYER_ASSIGNMENT (  '', '', ( #1408 ) ) ;
#3749 = PRESENTATION_LAYER_ASSIGNMENT (  '', '', ( #7301 ) ) ;
#3750 = MECHANICAL_DESIGN_GEOMETRIC_PRESENTATION_REPRESENTATION (  '', ( #11626 ), #10268 ) ;
#3751 =( NAMED_UNIT ( * ) PLANE_ANGLE_UNIT ( ) SI_UNIT ( $, .RADIAN. ) );
#3752 = PRESENTATION_LAYER_ASSIGNMENT (  '', '', ( #1610 ) ) ;
#3753 = DIRECTION ( 'NONE',  ( 1.000000000000000000, -0.000000000000000000, -0.000000000000000000 ) ) ;
#3754 = CARTESIAN_POINT ( 'NONE',  ( -2.295685976389368221, -12.69999999999999751, 1.295314370058008535 ) ) ;
#3755 = COLOUR_RGB ( '',0.2509803921568627416, 0.2509803921568627416, 0.2509803921568627416 ) ;
#3756 = DIRECTION ( 'NONE',  ( -0.000000000000000000, 1.000000000000000000, -0.000000000000000000 ) ) ;
#3757 = EDGE_CURVE ( 'NONE', #4282, #2830, #6046, .T. ) ;
#3758 =( GEOMETRIC_REPRESENTATION_CONTEXT ( 3 ) GLOBAL_UNCERTAINTY_ASSIGNED_CONTEXT ( ( #7086 ) ) GLOBAL_UNIT_ASSIGNED_CONTEXT ( ( #8656, #5613, #7536 ) ) REPRESENTATION_CONTEXT ( 'NONE', 'WORKASPACE' ) );
#3759 = FACE_OUTER_BOUND ( 'NONE', #5105, .T. ) ;
#3760 = VECTOR ( 'NONE', #5320, 1000.000000000000000 ) ;
#3761 = MECHANICAL_DESIGN_GEOMETRIC_PRESENTATION_REPRESENTATION (  '', ( #3351 ), #3951 ) ;
#3762 = PRESENTATION_STYLE_ASSIGNMENT (( #6602 ) ) ;
#3763 = ORIENTED_EDGE ( 'NONE', *, *, #4542, .T. ) ;
#3764 = PRESENTATION_LAYER_ASSIGNMENT (  '', '', ( #4165 ) ) ;
#3765 = CARTESIAN_POINT ( 'NONE',  ( 0.5567373671960460513, -12.70999999999999730, 1.282101569147112707 ) ) ;
#3766 = STYLED_ITEM ( 'NONE', ( #5442 ), #8003 ) ;
#3767 = EDGE_CURVE ( 'NONE', #11104, #7999, #4135, .T. ) ;
#3768 = VECTOR ( 'NONE', #2527, 1000.000000000000000 ) ;
#3769 = PRESENTATION_STYLE_ASSIGNMENT (( #1827 ) ) ;
#3771 = STYLED_ITEM ( 'NONE', ( #6871 ), #6643 ) ;
#3770 = CARTESIAN_POINT ( 'NONE',  ( 0.1919556315546779024, -12.69999999999999751, 2.596355575371172453 ) ) ;
#3772 = ORIENTED_EDGE ( 'NONE', *, *, #9253, .T. ) ;
#3773 = LINE ( 'NONE', #5793, #4956 ) ;
#3774 = DIRECTION ( 'NONE',  ( -0.000000000000000000, 1.000000000000000000, -0.000000000000000000 ) ) ;
#3775 = PRESENTATION_STYLE_ASSIGNMENT (( #5571 ) ) ;
#3776 = ORIENTED_EDGE ( 'NONE', *, *, #2557, .F. ) ;
#3777 = ORIENTED_EDGE ( 'NONE', *, *, #119, .T. ) ;
#3778 = FACE_OUTER_BOUND ( 'NONE', #1112, .T. ) ;
#3779 = VECTOR ( 'NONE', #11377, 1000.000000000000000 ) ;
#3780 = DIRECTION ( 'NONE',  ( 1.000000000000000000, 0.000000000000000000, -0.000000000000000000 ) ) ;
#3781 = CARTESIAN_POINT ( 'NONE',  ( 0.5567373671960460513, -12.70999999999999730, 1.282101569147112707 ) ) ;
#3782 = CARTESIAN_POINT ( 'NONE',  ( 2.564336610619806667, -12.70999999999999730, 1.233579533052162169 ) ) ;
#3783 = VECTOR ( 'NONE', #12077, 1000.000000000000000 ) ;
#3784 = EDGE_CURVE ( 'NONE', #3815, #2910, #3813, .T. ) ;
#3785 = ORIENTED_EDGE ( 'NONE', *, *, #5782, .T. ) ;
#3786 = CARTESIAN_POINT ( 'NONE',  ( 1.029134047176034183, -12.70999999999999730, 1.112621028786494159 ) ) ;
#3787 = SURFACE_SIDE_STYLE ('',( #11441 ) ) ;
#3788 = CARTESIAN_POINT ( 'NONE',  ( -0.1057617184844371061, -12.70999999999999730, 2.838965755845903161 ) ) ;
#3789 =( NAMED_UNIT ( * ) PLANE_ANGLE_UNIT ( ) SI_UNIT ( $, .RADIAN. ) );
#3790 = VERTEX_POINT ( 'NONE', #1504 ) ;
#3791 = CARTESIAN_POINT ( 'NONE',  ( 0.6416509303622058846, -12.70999999999999730, 1.519859546013268226 ) ) ;
#3792 = PRESENTATION_LAYER_ASSIGNMENT (  '', '', ( #1078 ) ) ;
#3793 =( NAMED_UNIT ( * ) PLANE_ANGLE_UNIT ( ) SI_UNIT ( $, .RADIAN. ) );
#3794 = EDGE_CURVE ( 'NONE', #7027, #11321, #7840, .T. ) ;
#3795 = DIRECTION ( 'NONE',  ( -1.000000000000000000, 0.000000000000000000, 0.000000000000000000 ) ) ;
#3796 = DIRECTION ( 'NONE',  ( -0.3897582650654661252, -0.000000000000000000, -0.9209172030172733114 ) ) ;
#3797 = ORIENTED_EDGE ( 'NONE', *, *, #875, .T. ) ;
#3798 = CARTESIAN_POINT ( 'NONE',  ( 2.362796867839010329, -12.70999999999999730, 1.162875994744636765 ) ) ;
#3799 = CARTESIAN_POINT ( 'NONE',  ( 0.7972680318382018294, -12.69999999999999751, 1.341367770378939062 ) ) ;
#3800 = CARTESIAN_POINT ( 'NONE',  ( -0.1057617184844379665, -12.69999999999999751, 1.162875994744638097 ) ) ;
#3801 = VERTEX_POINT ( 'NONE', #9757 ) ;
#3802 = ORIENTED_EDGE ( 'NONE', *, *, #2111, .F. ) ;
#3803 = FILL_AREA_STYLE ('',( #10175 ) ) ;
#3804 = EDGE_LOOP ( 'NONE', ( #3356, #76, #1149, #4237 ) ) ;
#3805 = ORIENTED_EDGE ( 'NONE', *, *, #107, .F. ) ;
#3807 = EDGE_CURVE ( 'NONE', #6959, #9924, #1323, .T. ) ;
#3806 = FACE_OUTER_BOUND ( 'NONE', #5465, .T. ) ;
#3808 =( NAMED_UNIT ( * ) PLANE_ANGLE_UNIT ( ) SI_UNIT ( $, .RADIAN. ) );
#3809 = UNCERTAINTY_MEASURE_WITH_UNIT (LENGTH_MEASURE( 1.000000000000000082E-05 ), #900, 'distance_accuracy_value', 'NONE');
#3810 = B_SPLINE_SURFACE_WITH_KNOTS ( 'NONE', 3, 1, ( 
 ( #5542, #4815 ),
 ( #1248, #11457 ),
 ( #3038, #7633 ),
 ( #7527, #6697 ) ),
 .UNSPECIFIED., .F., .F., .F.,
 ( 4, 4 ),
 ( 2, 2 ),
 ( 18.00000000000000000, 19.00000000000000000 ),
 ( 0.000000000000000000, 1.000000000000000000 ),
 .UNSPECIFIED. ) ;
#3811 = DIRECTION ( 'NONE',  ( 0.000000000000000000, 0.000000000000000000, 1.000000000000000000 ) ) ;
#3812 = VECTOR ( 'NONE', #867, 1000.000000000000000 ) ;
#3813 = B_SPLINE_CURVE_WITH_KNOTS ( 'NONE', 3,
 ( #3064, #6840, #10622, #388 ),
 .UNSPECIFIED., .F., .F.,
 ( 4, 4 ),
 ( 3.000000000000000000, 4.000000000000000000 ),
 .UNSPECIFIED. ) ;
#3814 = DIRECTION ( 'NONE',  ( -1.000000000000000000, 0.000000000000000000, 0.000000000000000000 ) ) ;
#3815 = VERTEX_POINT ( 'NONE', #7367 ) ;
#3816 = CARTESIAN_POINT ( 'NONE',  ( 0.6416509303622058846, -12.69999999999999751, 1.397168111884435238 ) ) ;
#3817 = ADVANCED_FACE ( 'NONE', ( #2593 ), #4698, .F. ) ;
#3818 = PRESENTATION_LAYER_ASSIGNMENT (  '', '', ( #500 ) ) ;
#3819 = CARTESIAN_POINT ( 'NONE',  ( 1.777586453940106948, -12.69999999999999751, 2.256008150763128217 ) ) ;
#3820 = CARTESIAN_POINT ( 'NONE',  ( 1.621622766490103729, -12.70999999999999730, 2.161043594408120772 ) ) ;
#3821 = ORIENTED_EDGE ( 'NONE', *, *, #10596, .T. ) ;
#3822 = FILL_AREA_STYLE ('',( #11420 ) ) ;
#3823 = ORIENTED_EDGE ( 'NONE', *, *, #1774, .F. ) ;
#3824 = ORIENTED_EDGE ( 'NONE', *, *, #6911, .F. ) ;
#3825 = LINE ( 'NONE', #5679, #1431 ) ;
#3826 = FILL_AREA_STYLE ('',( #78 ) ) ;
#3827 =( GEOMETRIC_REPRESENTATION_CONTEXT ( 3 ) GLOBAL_UNCERTAINTY_ASSIGNED_CONTEXT ( ( #4116 ) ) GLOBAL_UNIT_ASSIGNED_CONTEXT ( ( #8068, #9986, #11888 ) ) REPRESENTATION_CONTEXT ( 'NONE', 'WORKASPACE' ) );
#3828 = SURFACE_SIDE_STYLE ('',( #5975 ) ) ;
#3829 = CARTESIAN_POINT ( 'NONE',  ( -1.770310564202709935, -12.70999999999999730, 1.907448975704838512 ) ) ;
#3830 = EDGE_CURVE ( 'NONE', #5722, #11836, #4402, .T. ) ;
#3831 = ORIENTED_EDGE ( 'NONE', *, *, #5169, .T. ) ;
#3832 = ORIENTED_EDGE ( 'NONE', *, *, #7029, .F. ) ;
#3833 = DIRECTION ( 'NONE',  ( 0.000000000000000000, 0.000000000000000000, -1.000000000000000000 ) ) ;
#3834 = PRESENTATION_STYLE_ASSIGNMENT (( #1325 ) ) ;
#3835 = CARTESIAN_POINT ( 'NONE',  ( 2.863093718571760427, -12.69999999999999751, 1.085587322965346102 ) ) ;
#3836 = CARTESIAN_POINT ( 'NONE',  ( -0.9268182319027946647, -12.70999999999999730, 1.300134253745478308 ) ) ;
#3837 = LINE ( 'NONE', #2845, #7079 ) ;
#3838 = CARTESIAN_POINT ( 'NONE',  ( 2.232133956356214366, -12.69999999999999751, 2.704836984641384667 ) ) ;
#3839 = B_SPLINE_SURFACE_WITH_KNOTS ( 'NONE', 3, 1, ( 
 ( #6175, #11838 ),
 ( #8009, #11711 ),
 ( #11772, #3241 ),
 ( #6103, #7022 ) ),
 .UNSPECIFIED., .F., .F., .F.,
 ( 4, 4 ),
 ( 2, 2 ),
 ( 5.000000000000000000, 6.000000000000000000 ),
 ( 0.000000000000000000, 1.000000000000000000 ),
 .UNSPECIFIED. ) ;
#3840 = EDGE_CURVE ( 'NONE', #5444, #7667, #7293, .T. ) ;
#3841 = ORIENTED_EDGE ( 'NONE', *, *, #11222, .F. ) ;
#3842 = FILL_AREA_STYLE ('',( #8729 ) ) ;
#3843 = ORIENTED_EDGE ( 'NONE', *, *, #4875, .T. ) ;
#3844 =( NAMED_UNIT ( * ) PLANE_ANGLE_UNIT ( ) SI_UNIT ( $, .RADIAN. ) );
#3845 = LINE ( 'NONE', #1224, #2032 ) ;
#3846 = DIRECTION ( 'NONE',  ( -0.000000000000000000, 1.000000000000000000, -0.000000000000000000 ) ) ;
#3847 = CARTESIAN_POINT ( 'NONE',  ( -3.230757569708321508, -12.70999999999999730, 1.415813300939981367 ) ) ;
#3848 = EDGE_LOOP ( 'NONE', ( #26, #465, #11296, #7312, #7543, #2270, #2423 ) ) ;
#3849 = CARTESIAN_POINT ( 'NONE',  ( 0.4132507747437730306, -12.70999999999999730, 1.373253679813293271 ) ) ;
#3850 = FILL_AREA_STYLE_COLOUR ( '', #1682 ) ;
#3851 = SURFACE_STYLE_FILL_AREA ( #8551 ) ;
#3852 = CARTESIAN_POINT ( 'NONE',  ( -0.1057617184844371061, -12.70999999999999730, 2.838965755845903161 ) ) ;
#3853 = ORIENTED_EDGE ( 'NONE', *, *, #3564, .T. ) ;
#3854 = STYLED_ITEM ( 'NONE', ( #7206 ), #336 ) ;
#3855 = UNCERTAINTY_MEASURE_WITH_UNIT (LENGTH_MEASURE( 1.000000000000000082E-05 ), #9865, 'distance_accuracy_value', 'NONE');
#3856 = STYLED_ITEM ( 'NONE', ( #521 ), #1846 ) ;
#3857 = UNCERTAINTY_MEASURE_WITH_UNIT (LENGTH_MEASURE( 1.000000000000000082E-05 ), #11511, 'distance_accuracy_value', 'NONE');
#3858 = PRESENTATION_STYLE_ASSIGNMENT (( #5709 ) ) ;
#3859 = FILL_AREA_STYLE_COLOUR ( '', #11993 ) ;
#3860 = EDGE_LOOP ( 'NONE', ( #7950, #11665, #10429, #4086 ) ) ;
#3861 = UNCERTAINTY_MEASURE_WITH_UNIT (LENGTH_MEASURE( 1.000000000000000082E-05 ), #4036, 'distance_accuracy_value', 'NONE');
#3862 = EDGE_CURVE ( 'NONE', #4409, #2720, #5310, .T. ) ;
#3863 = DIRECTION ( 'NONE',  ( -0.000000000000000000, 1.000000000000000000, -0.000000000000000000 ) ) ;
#3864 = SURFACE_STYLE_FILL_AREA ( #112 ) ;
#3865 = SURFACE_SIDE_STYLE ('',( #10493 ) ) ;
#3866 = ORIENTED_EDGE ( 'NONE', *, *, #1700, .T. ) ;
#3867 = ORIENTED_EDGE ( 'NONE', *, *, #447, .T. ) ;
#3868 = SURFACE_STYLE_FILL_AREA ( #118 ) ;
#3869 = SURFACE_STYLE_USAGE ( .BOTH. , #5779 ) ;
#3870 = PRESENTATION_LAYER_ASSIGNMENT (  '', '', ( #7442 ) ) ;
#3871 = VECTOR ( 'NONE', #6088, 1000.000000000000000 ) ;
#3872 = LINE ( 'NONE', #1140, #10288 ) ;
#3873 = CARTESIAN_POINT ( 'NONE',  ( 0.1713337662147740026, -12.70999999999999730, 1.162875994744636765 ) ) ;
#3874 =( LENGTH_UNIT ( ) NAMED_UNIT ( * ) SI_UNIT ( .MILLI., .METRE. ) );
#3875 = PRESENTATION_STYLE_ASSIGNMENT (( #6604 ) ) ;
#3876 = CARTESIAN_POINT ( 'NONE',  ( 0.5567373671960460513, -12.69999999999999751, 1.282101569147112707 ) ) ;
#3877 = AXIS2_PLACEMENT_3D ( 'NONE', #11726, #10883, #3195 ) ;
#3878 = CARTESIAN_POINT ( 'NONE',  ( 1.362029873383048040, -12.70999999999999730, 1.165995268490024328 ) ) ;
#3879 = DIRECTION ( 'NONE',  ( -0.000000000000000000, 1.000000000000000000, -0.000000000000000000 ) ) ;
#3880 = CARTESIAN_POINT ( 'NONE',  ( 22.85000000000000142, 11.89999999999999503, 0.000000000000000000 ) ) ;
#3881 = ORIENTED_EDGE ( 'NONE', *, *, #2661, .T. ) ;
#3882 = PRESENTATION_LAYER_ASSIGNMENT (  '', '', ( #10010 ) ) ;
#3883 = CARTESIAN_POINT ( 'NONE',  ( 1.777586453940106948, -12.69999999999999751, 2.256008150763128217 ) ) ;
#3884 = PRESENTATION_STYLE_ASSIGNMENT (( #2833 ) ) ;
#3885 = B_SPLINE_SURFACE_WITH_KNOTS ( 'NONE', 3, 1, ( 
 ( #3528, #10144 ),
 ( #7322, #9358 ),
 ( #5346, #1660 ),
 ( #8415, #3724 ) ),
 .UNSPECIFIED., .F., .F., .F.,
 ( 4, 4 ),
 ( 2, 2 ),
 ( 17.00000000000000000, 18.00000000000000000 ),
 ( 0.000000000000000000, 1.000000000000000000 ),
 .UNSPECIFIED. ) ;
#3886 = EDGE_CURVE ( 'NONE', #6173, #10108, #12031, .T. ) ;
#3887 = DIRECTION ( 'NONE',  ( 1.000000000000000000, 0.000000000000000000, -0.000000000000000000 ) ) ;
#3888 = LINE ( 'NONE', #11424, #4567 ) ;
#3889 = ORIENTED_EDGE ( 'NONE', *, *, #7951, .F. ) ;
#3890 = CARTESIAN_POINT ( 'NONE',  ( -22.84999999999999432, -11.89999999999999147, 21.50000000000000000 ) ) ;
#3891 =( NAMED_UNIT ( * ) SI_UNIT ( $, .STERADIAN. ) SOLID_ANGLE_UNIT ( ) );
#3892 = DIRECTION ( 'NONE',  ( -0.000000000000000000, 1.000000000000000000, -0.000000000000000000 ) ) ;
#3893 = CARTESIAN_POINT ( 'NONE',  ( 0.3387347907427868399, -12.69999999999999751, 1.222142195971842815 ) ) ;
#3894 = VECTOR ( 'NONE', #9270, 1000.000000000000000 ) ;
#3895 =( GEOMETRIC_REPRESENTATION_CONTEXT ( 3 ) GLOBAL_UNCERTAINTY_ASSIGNED_CONTEXT ( ( #3855 ) ) GLOBAL_UNIT_ASSIGNED_CONTEXT ( ( #9865, #2397, #8952 ) ) REPRESENTATION_CONTEXT ( 'NONE', 'WORKASPACE' ) );
#3896 = VERTEX_POINT ( 'NONE', #11113 ) ;
#3897 =( GEOMETRIC_REPRESENTATION_CONTEXT ( 3 ) GLOBAL_UNCERTAINTY_ASSIGNED_CONTEXT ( ( #2033 ) ) GLOBAL_UNIT_ASSIGNED_CONTEXT ( ( #6596, #4639, #1004 ) ) REPRESENTATION_CONTEXT ( 'NONE', 'WORKASPACE' ) );
#3898 =( LENGTH_UNIT ( ) NAMED_UNIT ( * ) SI_UNIT ( .MILLI., .METRE. ) );
#3899 = PRESENTATION_STYLE_ASSIGNMENT (( #11369 ) ) ;
#3900 = CARTESIAN_POINT ( 'NONE',  ( 0.4382049647369684608, -12.69999999999999751, 2.850403092926218296 ) ) ;
#3901 = VECTOR ( 'NONE', #3796, 1000.000000000000227 ) ;
#3902 = ORIENTED_EDGE ( 'NONE', *, *, #12143, .F. ) ;
#3903 = FACE_BOUND ( 'NONE', #5221, .T. ) ;
#3904 = EDGE_CURVE ( 'NONE', #6173, #6626, #5325, .T. ) ;
#3905 = VERTEX_POINT ( 'NONE', #6491 ) ;
#3906 = CARTESIAN_POINT ( 'NONE',  ( 0.2898661686738288057, -12.70999999999999730, 2.750586332958024460 ) ) ;
#3907 = STYLED_ITEM ( 'NONE', ( #5635 ), #10698 ) ;
#3908 = PRESENTATION_LAYER_ASSIGNMENT (  '', '', ( #1570 ) ) ;
#3909 = AXIS2_PLACEMENT_3D ( 'NONE', #6087, #11637, #4109 ) ;
#3910 = PLANE ( 'NONE',  #7664 ) ;
#3911 =( LENGTH_UNIT ( ) NAMED_UNIT ( * ) SI_UNIT ( .MILLI., .METRE. ) );
#3912 = CARTESIAN_POINT ( 'NONE',  ( 0.5567373671960460513, -12.69999999999999751, 1.160449892938022920 ) ) ;
#3913 = ORIENTED_EDGE ( 'NONE', *, *, #10675, .T. ) ;
#3914 =( NAMED_UNIT ( * ) SI_UNIT ( $, .STERADIAN. ) SOLID_ANGLE_UNIT ( ) );
#3915 = COLOUR_RGB ( '',1.000000000000000000, 1.000000000000000000, 1.000000000000000000 ) ;
#3916 = DIRECTION ( 'NONE',  ( -0.3559357243643089252, 0.000000000000000000, 0.9345104387438669669 ) ) ;
#3917 = CARTESIAN_POINT ( 'NONE',  ( 0.3612628789294233811, -12.70999999999999730, 1.283487913033960037 ) ) ;
#3918 = MECHANICAL_DESIGN_GEOMETRIC_PRESENTATION_REPRESENTATION (  '', ( #3314 ), #1378 ) ;
#3919 = VECTOR ( 'NONE', #3879, 1000.000000000000000 ) ;
#3920 = PRESENTATION_STYLE_ASSIGNMENT (( #10547 ) ) ;
#3921 =( LENGTH_UNIT ( ) NAMED_UNIT ( * ) SI_UNIT ( .MILLI., .METRE. ) );
#3922 = CARTESIAN_POINT ( 'NONE',  ( 0.5567373671960460513, -12.69999999999999751, 1.085587322965344104 ) ) ;
#3923 =( GEOMETRIC_REPRESENTATION_CONTEXT ( 3 ) GLOBAL_UNCERTAINTY_ASSIGNED_CONTEXT ( ( #7014 ) ) GLOBAL_UNIT_ASSIGNED_CONTEXT ( ( #5379, #648, #8275 ) ) REPRESENTATION_CONTEXT ( 'NONE', 'WORKASPACE' ) );
#3924 = EDGE_LOOP ( 'NONE', ( #8097, #1953, #2185, #5075 ) ) ;
#3925 = CARTESIAN_POINT ( 'NONE',  ( 0.2245347129324268276, -12.70999999999999730, 2.684041826315634260 ) ) ;
#3926 = ORIENTED_EDGE ( 'NONE', *, *, #7754, .T. ) ;
#3927 = PRESENTATION_STYLE_ASSIGNMENT (( #5724 ) ) ;
#3928 = CARTESIAN_POINT ( 'NONE',  ( -2.295685976389368665, -12.70999999999999730, 0.9820171497631016155 ) ) ;
#3929 = ADVANCED_FACE ( 'NONE', ( #8088 ), #770, .F. ) ;
#3930 = EDGE_CURVE ( 'NONE', #200, #3368, #6715, .T. ) ;
#3931 = ORIENTED_EDGE ( 'NONE', *, *, #1792, .F. ) ;
#3932 = PRESENTATION_LAYER_ASSIGNMENT (  '', '', ( #6879 ) ) ;
#3933 = UNCERTAINTY_MEASURE_WITH_UNIT (LENGTH_MEASURE( 1.000000000000000082E-05 ), #4211, 'distance_accuracy_value', 'NONE');
#3934 =( GEOMETRIC_REPRESENTATION_CONTEXT ( 3 ) GLOBAL_UNCERTAINTY_ASSIGNED_CONTEXT ( ( #9994 ) ) GLOBAL_UNIT_ASSIGNED_CONTEXT ( ( #9568, #7592, #6716 ) ) REPRESENTATION_CONTEXT ( 'NONE', 'WORKASPACE' ) );
#3935 = STYLED_ITEM ( 'NONE', ( #10851 ), #4995 ) ;
#3936 =( NAMED_UNIT ( * ) SI_UNIT ( $, .STERADIAN. ) SOLID_ANGLE_UNIT ( ) );
#3937 = CARTESIAN_POINT ( 'NONE',  ( 1.514354408125495155, -12.70999999999999730, 2.161043594408120772 ) ) ;
#3938 = DIRECTION ( 'NONE',  ( 0.000000000000000000, 1.000000000000000000, 0.000000000000000000 ) ) ;
#3939 = STYLED_ITEM ( 'NONE', ( #7503 ), #6014 ) ;
#3940 = CARTESIAN_POINT ( 'NONE',  ( 2.232133956356214366, -12.69999999999999751, 2.704836984641384667 ) ) ;
#3941 = CARTESIAN_POINT ( 'NONE',  ( 2.562430387770791018, -12.69999999999999751, 1.621755821811721843 ) ) ;
#3942 = CARTESIAN_POINT ( 'NONE',  ( 1.845690597459819671, -12.69999999999999751, 2.319433383660117087 ) ) ;
#3943 = CARTESIAN_POINT ( 'NONE',  ( -1.461833411466664900, -12.70999999999999730, 2.129166751113926281 ) ) ;
#3945 = VECTOR ( 'NONE', #10486, 1000.000000000000000 ) ;
#3944 = UNCERTAINTY_MEASURE_WITH_UNIT (LENGTH_MEASURE( 1.000000000000000082E-05 ), #9570, 'distance_accuracy_value', 'NONE');
#3946 = FACE_OUTER_BOUND ( 'NONE', #7913, .T. ) ;
#3947 = ORIENTED_EDGE ( 'NONE', *, *, #2824, .F. ) ;
#3948 =( NAMED_UNIT ( * ) PLANE_ANGLE_UNIT ( ) SI_UNIT ( $, .RADIAN. ) );
#3949 = EDGE_CURVE ( 'NONE', #4552, #2720, #1990, .T. ) ;
#3950 =( GEOMETRIC_REPRESENTATION_CONTEXT ( 3 ) GLOBAL_UNCERTAINTY_ASSIGNED_CONTEXT ( ( #9266 ) ) GLOBAL_UNIT_ASSIGNED_CONTEXT ( ( #12091, #6378, #10125 ) ) REPRESENTATION_CONTEXT ( 'NONE', 'WORKASPACE' ) );
#3951 =( GEOMETRIC_REPRESENTATION_CONTEXT ( 3 ) GLOBAL_UNCERTAINTY_ASSIGNED_CONTEXT ( ( #10160 ) ) GLOBAL_UNIT_ASSIGNED_CONTEXT ( ( #723, #12096, #6315 ) ) REPRESENTATION_CONTEXT ( 'NONE', 'WORKASPACE' ) );
#3952 = CARTESIAN_POINT ( 'NONE',  ( 1.777586453940106948, -12.70999999999999730, 2.256008150763128217 ) ) ;
#3953 = DIRECTION ( 'NONE',  ( 0.000000000000000000, 0.000000000000000000, -1.000000000000000000 ) ) ;
#3954 = ADVANCED_FACE ( 'NONE', ( #11288 ), #6767, .F. ) ;
#3955 = PRESENTATION_LAYER_ASSIGNMENT (  '', '', ( #4961 ) ) ;
#3956 = VERTEX_POINT ( 'NONE', #3937 ) ;
#3957 = VECTOR ( 'NONE', #9906, 1000.000000000000000 ) ;
#3958 = CARTESIAN_POINT ( 'NONE',  ( -3.741673181439701956, -12.69999999999999751, 2.254485657616724925 ) ) ;
#3959 = LINE ( 'NONE', #3890, #2391 ) ;
#3960 = CLOSED_SHELL ( 'NONE', ( #12015, #9025, #2326, #11460, #9249, #10213, #3639, #6643, #10696, #40, #8649, #3203, #8799, #11293, #59, #6217, #6484, #11865, #7152, #10789, #6014, #4730, #5612, #5085, #11311, #11521, #3678, #6900, #10409, #8864, #6168, #7586, #101, #11525, #2139, #1467, #8105, #10311, #5576, #5892, #8616, #2280, #7101, #4037, #7504, #4995, #1312, #7092, #1578, #189, #8863, #3385, #4489, #4764, #10095, #2903, #10473, #10142, #2675, #6124, #9602, #10361, #12037, #5331, #837, #607, #1546, #6398, #1939, #7230, #9841, #9502, #5827, #6922, #5744, #11746, #912, #10560, #11487, #7422, #12187, #1488, #4091, #6832, #810, #1786, #10909, #10319, #7995, #3954, #1500, #5550, #1393, #1728, #10234, #6734, #8598, #3233, #3640, #9755, #8340, #6591, #4821, #3996, #2236, #8271, #7465, #1450, #2940, #7629, #6050, #4498, #4478, #6147, #5864, #7129, #4178, #1862, #8277, #2442, #1824, #11945, #8544, #3929, #4055, #5693, #1120, #5474, #3066, #7480, #7605, #2863, #8885, #9036, #6621, #8581, #3611, #2348, #5273, #8398, #5454, #1591, #3647, #7988, #2466, #11981, #12002, #4411, #7624, #10169, #11621, #9471, #9552, #7943, #3817, #8003, #257, #5921, #2034, #106, #8518, #2319, #5233, #11864, #9009, #2518, #8147, #11559, #336, #11358, #7874, #10770, #4913, #2345, #412, #6231, #9657, #2732, #11407, #2259, #2464, #7067, #5389, #7276, #6428, #188, #2363, #10845, #4021, #320, #8935, #6815, #4859, #1519, #11031, #11800, #1626, #10698, #4601, #1034, #5048, #273, #9521, #11118, #1846, #9494, #1529, #8695, #7883, #4570, #10331, #1926, #3095, #3247, #3617, #8638, #5131, #1673, #3180, #2840, #6711, #7795, #11374, #7457, #11260, #3665, #7036, #5026, #2277, #4860, #5938, #5068, #5922, #1687, #3161, #6447, #3575, #9428, #4412, #6663, #5425, #11411, #2218, #2693, #8418, #9917, #10893, #3343, #3496, #5637, #9870, #8179, #4164, #11587 ) ) ;
#3961 = CARTESIAN_POINT ( 'NONE',  ( -1.649811633320757975, -12.69999999999999751, 1.083236178157049423 ) ) ;
#3962 = PRESENTATION_LAYER_ASSIGNMENT (  '', '', ( #4374 ) ) ;
#3963 = LINE ( 'NONE', #2183, #7248 ) ;
#3964 = EDGE_LOOP ( 'NONE', ( #5112, #5327, #4674, #2915, #4999, #9867, #5505, #6557 ) ) ;
#3965 = PRESENTATION_LAYER_ASSIGNMENT (  '', '', ( #8504 ) ) ;
#3966 = CARTESIAN_POINT ( 'NONE',  ( 0.3387347907427868399, -12.69999999999999751, 1.222142195971842815 ) ) ;
#3967 = SURFACE_STYLE_FILL_AREA ( #4972 ) ;
#3968 =( NAMED_UNIT ( * ) SI_UNIT ( $, .STERADIAN. ) SOLID_ANGLE_UNIT ( ) );
#3969 = MECHANICAL_DESIGN_GEOMETRIC_PRESENTATION_REPRESENTATION (  '', ( #2401 ), #1253 ) ;
#3970 =( LENGTH_UNIT ( ) NAMED_UNIT ( * ) SI_UNIT ( .MILLI., .METRE. ) );
#3971 = ORIENTED_EDGE ( 'NONE', *, *, #5433, .F. ) ;
#3972 = CARTESIAN_POINT ( 'NONE',  ( 0.3551976244175365505, -12.70999999999999730, 2.817130839605025194 ) ) ;
#3973 = CARTESIAN_POINT ( 'NONE',  ( 2.175640442902672334, -12.70999999999999730, 2.838965755845903161 ) ) ;
#3974 = VECTOR ( 'NONE', #8389, 1000.000000000000000 ) ;
#3975 = EDGE_CURVE ( 'NONE', #11212, #5566, #918, .T. ) ;
#3976 = FILL_AREA_STYLE_COLOUR ( '', #9627 ) ;
#3977 = ORIENTED_EDGE ( 'NONE', *, *, #218, .F. ) ;
#3978 = CARTESIAN_POINT ( 'NONE',  ( -2.883720795863037978, -12.70999999999999730, 1.054316140560536796 ) ) ;
#3979 = LINE ( 'NONE', #10471, #12088 ) ;
#3980 = FILL_AREA_STYLE_COLOUR ( '', #1182 ) ;
#3981 = AXIS2_PLACEMENT_3D ( 'NONE', #3302, #6034, #4313 ) ;
#3982 = FILL_AREA_STYLE_COLOUR ( '', #11789 ) ;
#3983 = VECTOR ( 'NONE', #3534, 1000.000000000000000 ) ;
#3984 = EDGE_CURVE ( 'NONE', #566, #8166, #2104, .T. ) ;
#3985 = CARTESIAN_POINT ( 'NONE',  ( 0.8447503100156967815, -12.70999999999999730, 1.446729905899129198 ) ) ;
#3986 = UNCERTAINTY_MEASURE_WITH_UNIT (LENGTH_MEASURE( 1.000000000000000082E-05 ), #6125, 'distance_accuracy_value', 'NONE');
#3987 = CARTESIAN_POINT ( 'NONE',  ( 0.9457801208848780616, -12.69999999999999751, 1.580858677103661680 ) ) ;
#3988 = COLOUR_RGB ( '',1.000000000000000000, 1.000000000000000000, 1.000000000000000000 ) ;
#3989 = FACE_OUTER_BOUND ( 'NONE', #10689, .T. ) ;
#3990 = FILL_AREA_STYLE ('',( #2040 ) ) ;
#3991 = PRESENTATION_LAYER_ASSIGNMENT (  '', '', ( #50 ) ) ;
#3992 = CARTESIAN_POINT ( 'NONE',  ( 0.000000000000000000, -12.70999999999999730, 0.000000000000000000 ) ) ;
#3993 =( NAMED_UNIT ( * ) PLANE_ANGLE_UNIT ( ) SI_UNIT ( $, .RADIAN. ) );
#3994 = VERTEX_POINT ( 'NONE', #955 ) ;
#3995 = VERTEX_POINT ( 'NONE', #3873 ) ;
#3996 = ADVANCED_FACE ( 'NONE', ( #6653 ), #12141, .F. ) ;
#3997 =( NAMED_UNIT ( * ) PLANE_ANGLE_UNIT ( ) SI_UNIT ( $, .RADIAN. ) );
#3998 = CARTESIAN_POINT ( 'NONE',  ( 2.176853493808293294, -12.70999999999999730, 1.085587322965344104 ) ) ;
#3999 = ORIENTED_EDGE ( 'NONE', *, *, #7323, .T. ) ;
#4001 = COLOUR_RGB ( '',1.000000000000000000, 1.000000000000000000, 1.000000000000000000 ) ;
#4000 = LINE ( 'NONE', #6817, #10207 ) ;
#4002 = CIRCLE ( 'NONE', #11884, 0.8000000000000003775 ) ;
#4003 = EDGE_CURVE ( 'NONE', #2814, #11327, #6906, .T. ) ;
#4004 = CARTESIAN_POINT ( 'NONE',  ( -2.777681699914856583, -12.69999999999999751, 0.7651190741792978089 ) ) ;
#4005 = FILL_AREA_STYLE_COLOUR ( '', #622 ) ;
#4006 = DIRECTION ( 'NONE',  ( 0.000000000000000000, 0.000000000000000000, -1.000000000000000000 ) ) ;
#4007 = B_SPLINE_SURFACE_WITH_KNOTS ( 'NONE', 3, 1, ( 
 ( #6081, #2264 ),
 ( #8942, #2383 ),
 ( #9922, #547 ),
 ( #6019, #1471 ) ),
 .UNSPECIFIED., .F., .F., .F.,
 ( 4, 4 ),
 ( 2, 2 ),
 ( 11.00000000000000000, 12.00000000000000000 ),
 ( 0.000000000000000000, 1.000000000000000000 ),
 .UNSPECIFIED. ) ;
#4008 = CARTESIAN_POINT ( 'NONE',  ( 0.7972680318382018294, -12.69999999999999751, 1.341367770378939062 ) ) ;
#4009 = DIRECTION ( 'NONE',  ( -0.000000000000000000, -0.000000000000000000, -1.000000000000000000 ) ) ;
#4010 = CARTESIAN_POINT ( 'NONE',  ( 1.083721337782844074, -12.70999999999999730, 1.249175901797617394 ) ) ;
#4011 = CARTESIAN_POINT ( 'NONE',  ( 0.7572373520594096741, -12.70999999999999730, 1.439105014512265912 ) ) ;
#4012 = FILL_AREA_STYLE ('',( #453 ) ) ;
#4013 = DIRECTION ( 'NONE',  ( -0.000000000000000000, 1.000000000000000000, -0.000000000000000000 ) ) ;
#4014 = CARTESIAN_POINT ( 'NONE',  ( 22.05000000000000071, -11.89999999999999680, 20.69999999999999929 ) ) ;
#4015 = COLOUR_RGB ( '',1.000000000000000000, 1.000000000000000000, 1.000000000000000000 ) ;
#4016 = ORIENTED_EDGE ( 'NONE', *, *, #10517, .F. ) ;
#4017 =( NAMED_UNIT ( * ) SI_UNIT ( $, .STERADIAN. ) SOLID_ANGLE_UNIT ( ) );
#4018 = DIRECTION ( 'NONE',  ( 1.000000000000000000, 0.000000000000000000, 0.000000000000000000 ) ) ;
#4019 = CARTESIAN_POINT ( 'NONE',  ( 0.3370018608819365658, -12.70999999999999730, 2.180452408847023182 ) ) ;
#4020 = EDGE_CURVE ( 'NONE', #2567, #3336, #2274, .T. ) ;
#4021 = ADVANCED_FACE ( 'NONE', ( #11580 ), #3305, .F. ) ;
#4022 = CARTESIAN_POINT ( 'NONE',  ( 2.447537138019319602, -12.70999999999999730, 1.685527640680426043 ) ) ;
#4023 = CARTESIAN_POINT ( 'NONE',  ( 1.199827638437622745, -12.69999999999999751, 2.161043594408120772 ) ) ;
#4024 = SURFACE_STYLE_USAGE ( .BOTH. , #269 ) ;
#4025 = CARTESIAN_POINT ( 'NONE',  ( 1.917433893687113589, -12.69999999999999751, 2.161043594408121216 ) ) ;
#4026 = SURFACE_STYLE_USAGE ( .BOTH. , #4851 ) ;
#4027 =( GEOMETRIC_REPRESENTATION_CONTEXT ( 3 ) GLOBAL_UNCERTAINTY_ASSIGNED_CONTEXT ( ( #1308 ) ) GLOBAL_UNIT_ASSIGNED_CONTEXT ( ( #11108, #10244, #889 ) ) REPRESENTATION_CONTEXT ( 'NONE', 'WORKASPACE' ) );
#4028 = ORIENTED_EDGE ( 'NONE', *, *, #4869, .F. ) ;
#4029 = DIRECTION ( 'NONE',  ( -1.000000000000000000, 0.000000000000000000, -0.000000000000000000 ) ) ;
#4030 = DIRECTION ( 'NONE',  ( -0.000000000000000000, -0.000000000000000000, 1.000000000000000000 ) ) ;
#4031 = CARTESIAN_POINT ( 'NONE',  ( 0.5118544838086782622, -12.70999999999999730, 2.149606257327805636 ) ) ;
#4032 = CARTESIAN_POINT ( 'NONE',  ( 22.84999999999999787, -11.89999999999999680, 21.50000000000000000 ) ) ;
#4033 = ORIENTED_EDGE ( 'NONE', *, *, #8222, .T. ) ;
#4034 = FACE_OUTER_BOUND ( 'NONE', #6101, .T. ) ;
#4035 = MECHANICAL_DESIGN_GEOMETRIC_PRESENTATION_REPRESENTATION (  '', ( #7204 ), #10 ) ;
#4036 =( LENGTH_UNIT ( ) NAMED_UNIT ( * ) SI_UNIT ( .MILLI., .METRE. ) );
#4037 = ADVANCED_FACE ( 'NONE', ( #1370 ), #58, .F. ) ;
#4038 = CARTESIAN_POINT ( 'NONE',  ( 0.8534149593200154316, -12.70999999999999730, 1.482081675050595404 ) ) ;
#4039 =( LENGTH_UNIT ( ) NAMED_UNIT ( * ) SI_UNIT ( .MILLI., .METRE. ) );
#4040 = PRESENTATION_STYLE_ASSIGNMENT (( #10599 ) ) ;
#4041 = CARTESIAN_POINT ( 'NONE',  ( 0.8963916198606550756, -12.70999999999999730, 1.143467180305729691 ) ) ;
#4042 = PRESENTATION_STYLE_ASSIGNMENT (( #2092 ) ) ;
#4043 = CARTESIAN_POINT ( 'NONE',  ( 1.592682837819911379, -12.70999999999999730, 1.569767925995061653 ) ) ;
#4044 = CARTESIAN_POINT ( 'NONE',  ( 2.264366451762265697, -12.69999999999999751, 1.162875994744636765 ) ) ;
#4045 = EDGE_CURVE ( 'NONE', #2551, #10797, #1620, .T. ) ;
#4046 = CARTESIAN_POINT ( 'NONE',  ( 0.9631094194912107609, -12.69999999999999751, 1.143467180305729691 ) ) ;
#4047 = CARTESIAN_POINT ( 'NONE',  ( 0.8757697545207784318, -12.70999999999999730, 1.390582978417315596 ) ) ;
#4048 = ORIENTED_EDGE ( 'NONE', *, *, #6818, .T. ) ;
#4049 = DIRECTION ( 'NONE',  ( -1.000000000000000000, 0.000000000000000000, -0.000000000000000000 ) ) ;
#4050 = VERTEX_POINT ( 'NONE', #7512 ) ;
#4051 = ORIENTED_EDGE ( 'NONE', *, *, #11670, .F. ) ;
#4052 = CARTESIAN_POINT ( 'NONE',  ( 1.713468049099705626, -12.69999999999999751, 2.697212093254503174 ) ) ;
#4053 = ORIENTED_EDGE ( 'NONE', *, *, #7699, .F. ) ;
#4054 = STYLED_ITEM ( 'NONE', ( #8311 ), #412 ) ;
#4055 = ADVANCED_FACE ( 'NONE', ( #2520 ), #1938, .F. ) ;
#4056 =( LENGTH_UNIT ( ) NAMED_UNIT ( * ) SI_UNIT ( .MILLI., .METRE. ) );
#4057 = CARTESIAN_POINT ( 'NONE',  ( 1.055301288070226162, -12.69999999999999751, 1.297351351920866147 ) ) ;
#4058 = FILL_AREA_STYLE_COLOUR ( '', #401 ) ;
#4059 = DIRECTION ( 'NONE',  ( 0.000000000000000000, -0.000000000000000000, 1.000000000000000000 ) ) ;
#4060 = SURFACE_SIDE_STYLE ('',( #128 ) ) ;
#4061 = VERTEX_POINT ( 'NONE', #10105 ) ;
#4062 = DIRECTION ( 'NONE',  ( -0.000000000000000000, 1.000000000000000000, -0.000000000000000000 ) ) ;
#4063 = EDGE_LOOP ( 'NONE', ( #2928, #11709, #7417, #11419 ) ) ;
#4064 = CARTESIAN_POINT ( 'NONE',  ( 1.517820267842607151, -12.69999999999999751, 2.760983912123202266 ) ) ;
#4065 = UNCERTAINTY_MEASURE_WITH_UNIT (LENGTH_MEASURE( 1.000000000000000082E-05 ), #8356, 'distance_accuracy_value', 'NONE');
#4066 = DIRECTION ( 'NONE',  ( 0.000000000000000000, 1.000000000000000000, 0.000000000000000000 ) ) ;
#4067 = CARTESIAN_POINT ( 'NONE',  ( 1.787810740119434083, -12.70999999999999730, 2.506243222624735978 ) ) ;
#4068 = VERTEX_POINT ( 'NONE', #5590 ) ;
#4069 = FACE_OUTER_BOUND ( 'NONE', #1425, .T. ) ;
#4070 = DIRECTION ( 'NONE',  ( -0.000000000000000000, 1.000000000000000000, -0.000000000000000000 ) ) ;
#4071 = CARTESIAN_POINT ( 'NONE',  ( -3.597074337972709479, -12.70999999999999730, 2.399084328707441038 ) ) ;
#4072 = COLOUR_RGB ( '',1.000000000000000000, 1.000000000000000000, 1.000000000000000000 ) ;
#4073 = CARTESIAN_POINT ( 'NONE',  ( 0.2245347129324268276, -12.70999999999999730, 2.684041826315634260 ) ) ;
#4074 = CARTESIAN_POINT ( 'NONE',  ( -1.649811633320760862, -12.70999999999999730, 1.083236178157049645 ) ) ;
#4075 = DIRECTION ( 'NONE',  ( -0.000000000000000000, -0.000000000000000000, -1.000000000000000000 ) ) ;
#4076 = STYLED_ITEM ( 'NONE', ( #1868 ), #12002 ) ;
#4077 = ORIENTED_EDGE ( 'NONE', *, *, #1136, .T. ) ;
#4078 = EDGE_CURVE ( 'NONE', #8246, #1540, #1551, .T. ) ;
#4079 = DIRECTION ( 'NONE',  ( -1.000000000000000000, -0.000000000000000000, -0.000000000000000000 ) ) ;
#4080 = VERTEX_POINT ( 'NONE', #6223 ) ;
#4081 = PLANE ( 'NONE',  #10497 ) ;
#4082 = CARTESIAN_POINT ( 'NONE',  ( 1.060500077652813733, -12.69999999999999751, 1.559370346829860754 ) ) ;
#4083 = VECTOR ( 'NONE', #3197, 1000.000000000000114 ) ;
#4084 = EDGE_LOOP ( 'NONE', ( #8181, #9498, #11769, #3596 ) ) ;
#4085 = PRESENTATION_STYLE_ASSIGNMENT (( #2252 ) ) ;
#4086 = ORIENTED_EDGE ( 'NONE', *, *, #8787, .T. ) ;
#4087 = CARTESIAN_POINT ( 'NONE',  ( -0.1057617184844371061, -12.70999999999999730, 1.162875994744636765 ) ) ;
#4088 = DIRECTION ( 'NONE',  ( 0.000000000000000000, 0.000000000000000000, 1.000000000000000000 ) ) ;
#4089 = LINE ( 'NONE', #4986, #2447 ) ;
#4090 = CARTESIAN_POINT ( 'NONE',  ( 0.8880735565303700119, -12.70999999999999730, 1.074149985885020087 ) ) ;
#4091 = ADVANCED_FACE ( 'NONE', ( #2801 ), #11951, .F. ) ;
#4092 = PRESENTATION_STYLE_ASSIGNMENT (( #4989 ) ) ;
#4093 =( GEOMETRIC_REPRESENTATION_CONTEXT ( 3 ) GLOBAL_UNCERTAINTY_ASSIGNED_CONTEXT ( ( #626 ) ) GLOBAL_UNIT_ASSIGNED_CONTEXT ( ( #5007, #8625, #9514 ) ) REPRESENTATION_CONTEXT ( 'NONE', 'WORKASPACE' ) );
#4094 = UNCERTAINTY_MEASURE_WITH_UNIT (LENGTH_MEASURE( 1.000000000000000082E-05 ), #1675, 'distance_accuracy_value', 'NONE');
#4095 = CARTESIAN_POINT ( 'NONE',  ( 2.473011206967780318, -12.69999999999999751, 1.763509484403121608 ) ) ;
#4096 = VECTOR ( 'NONE', #8607, 1000.000000000000000 ) ;
#4097 =( GEOMETRIC_REPRESENTATION_CONTEXT ( 3 ) GLOBAL_UNCERTAINTY_ASSIGNED_CONTEXT ( ( #2975 ) ) GLOBAL_UNIT_ASSIGNED_CONTEXT ( ( #706, #1496, #2412 ) ) REPRESENTATION_CONTEXT ( 'NONE', 'WORKASPACE' ) );
#4098 = CARTESIAN_POINT ( 'NONE',  ( 1.327891155132578049, -12.70999999999999730, 2.161043594408120772 ) ) ;
#4099 = B_SPLINE_CURVE_WITH_KNOTS ( 'NONE', 3,
 ( #10091, #8367, #926, #6461 ),
 .UNSPECIFIED., .F., .F.,
 ( 4, 4 ),
 ( 12.00000000000000000, 13.00000000000000000 ),
 .UNSPECIFIED. ) ;
#4100 = CARTESIAN_POINT ( 'NONE',  ( 0.9100817657594046928, -12.70999999999999730, 1.511888068654680728 ) ) ;
#4101 = DIRECTION ( 'NONE',  ( 0.000000000000000000, 0.000000000000000000, -1.000000000000000000 ) ) ;
#4102 = ORIENTED_EDGE ( 'NONE', *, *, #920, .F. ) ;
#4103 = VECTOR ( 'NONE', #680, 1000.000000000000000 ) ;
#4104 = CARTESIAN_POINT ( 'NONE',  ( 0.7813250771210221712, -12.69999999999999751, 1.362509514676395028 ) ) ;
#4105 = EDGE_CURVE ( 'NONE', #1522, #2831, #2580, .T. ) ;
#4106 = CARTESIAN_POINT ( 'NONE',  ( 1.504650000908340779, -12.70999999999999730, 1.569767925995061653 ) ) ;
#4107 = MECHANICAL_DESIGN_GEOMETRIC_PRESENTATION_REPRESENTATION (  '', ( #3508 ), #595 ) ;
#4108 = AXIS2_PLACEMENT_3D ( 'NONE', #2100, #11463, #4117 ) ;
#4109 = DIRECTION ( 'NONE',  ( -1.000000000000000000, 0.000000000000000000, -0.000000000000000000 ) ) ;
#4110 = CARTESIAN_POINT ( 'NONE',  ( 2.636773078785899393, -12.69999999999999751, 1.430786951181954203 ) ) ;
#4111 = ORIENTED_EDGE ( 'NONE', *, *, #11438, .F. ) ;
#4112 = FILL_AREA_STYLE ('',( #2158 ) ) ;
#4113 = CARTESIAN_POINT ( 'NONE',  ( -0.1057617184844371061, -12.70999999999999730, 1.468564822140002502 ) ) ;
#4114 = EDGE_LOOP ( 'NONE', ( #2244, #10716, #6397, #760 ) ) ;
#4115 = EDGE_LOOP ( 'NONE', ( #9042, #2426, #8256, #11515 ) ) ;
#4116 = UNCERTAINTY_MEASURE_WITH_UNIT (LENGTH_MEASURE( 1.000000000000000082E-05 ), #8068, 'distance_accuracy_value', 'NONE');
#4117 = DIRECTION ( 'NONE',  ( 1.000000000000000000, 0.000000000000000000, 0.000000000000000000 ) ) ;
#4118 = SURFACE_STYLE_FILL_AREA ( #120 ) ;
#4119 = COLOUR_RGB ( '',0.2509803921568627416, 0.2509803921568627416, 0.2509803921568627416 ) ;
#4120 = PRESENTATION_STYLE_ASSIGNMENT (( #1035 ) ) ;
#4121 =( NAMED_UNIT ( * ) SI_UNIT ( $, .STERADIAN. ) SOLID_ANGLE_UNIT ( ) );
#4122 = CARTESIAN_POINT ( 'NONE',  ( 18.59999999999999432, -9.249999999999994671, -4.000000000000000000 ) ) ;
#4123 = ORIENTED_EDGE ( 'NONE', *, *, #6686, .T. ) ;
#4124 = VERTEX_POINT ( 'NONE', #928 ) ;
#4125 = CARTESIAN_POINT ( 'NONE',  ( 0.2208955602248437455, -12.70999999999999730, 2.303837014914657200 ) ) ;
#4126 = LINE ( 'NONE', #6039, #10836 ) ;
#4127 = CARTESIAN_POINT ( 'NONE',  ( 1.777586453940106948, -12.70999999999999730, 2.749199989071176464 ) ) ;
#4128 = DIRECTION ( 'NONE',  ( -0.000000000000000000, 0.000000000000000000, 1.000000000000000000 ) ) ;
#4129 = EDGE_CURVE ( 'NONE', #10108, #6084, #12028, .T. ) ;
#4130 = VECTOR ( 'NONE', #10248, 1000.000000000000000 ) ;
#4131 = VECTOR ( 'NONE', #2408, 1000.000000000000000 ) ;
#4132 = SURFACE_STYLE_USAGE ( .BOTH. , #3386 ) ;
#4133 = CARTESIAN_POINT ( 'NONE',  ( -3.042779255920823545, -12.70999999999999730, 2.630442285191726182 ) ) ;
#4134 = CARTESIAN_POINT ( 'NONE',  ( 1.193589090939889408, -12.70999999999999730, 0.9303168074587356839 ) ) ;
#4135 = LINE ( 'NONE', #518, #6311 ) ;
#4136 = CARTESIAN_POINT ( 'NONE',  ( -3.163278186800462688, -12.69999999999999751, 1.598971731040015554 ) ) ;
#4137 = EDGE_CURVE ( 'NONE', #6192, #8155, #7824, .T. ) ;
#4138 = MECHANICAL_DESIGN_GEOMETRIC_PRESENTATION_REPRESENTATION (  '', ( #1408 ), #6886 ) ;
#4139 = CARTESIAN_POINT ( 'NONE',  ( 0.3612628789294233811, -12.70999999999999730, 1.283487913033960037 ) ) ;
#4140 = VECTOR ( 'NONE', #2623, 1000.000000000000000 ) ;
#4141 =( GEOMETRIC_REPRESENTATION_CONTEXT ( 3 ) GLOBAL_UNCERTAINTY_ASSIGNED_CONTEXT ( ( #10557 ) ) GLOBAL_UNIT_ASSIGNED_CONTEXT ( ( #4193, #9805, #8007 ) ) REPRESENTATION_CONTEXT ( 'NONE', 'WORKASPACE' ) );
#4142 = CARTESIAN_POINT ( 'NONE',  ( 0.5388881896321431331, -12.69999999999999751, 2.850403092926218296 ) ) ;
#4143 =( NAMED_UNIT ( * ) SI_UNIT ( $, .STERADIAN. ) SOLID_ANGLE_UNIT ( ) );
#4144 = ORIENTED_EDGE ( 'NONE', *, *, #7789, .F. ) ;
#4145 = SURFACE_SIDE_STYLE ('',( #9648 ) ) ;
#4146 = ORIENTED_EDGE ( 'NONE', *, *, #4571, .F. ) ;
#4147 = FILL_AREA_STYLE ('',( #9957 ) ) ;
#4148 = STYLED_ITEM ( 'NONE', ( #6746 ), #3496 ) ;
#4149 = ORIENTED_EDGE ( 'NONE', *, *, #8048, .F. ) ;
#4150 = CARTESIAN_POINT ( 'NONE',  ( 0.3550243314316907650, -12.70999999999999730, 2.696172335339371173 ) ) ;
#4151 = CARTESIAN_POINT ( 'NONE',  ( -2.594523361750517232, -12.70999999999999730, 1.141075517887485180 ) ) ;
#4152 = CIRCLE ( 'NONE', #10071, 0.7999999999999986011 ) ;
#4153 =( GEOMETRIC_REPRESENTATION_CONTEXT ( 3 ) GLOBAL_UNCERTAINTY_ASSIGNED_CONTEXT ( ( #8390 ) ) GLOBAL_UNIT_ASSIGNED_CONTEXT ( ( #3065, #4727, #10518 ) ) REPRESENTATION_CONTEXT ( 'NONE', 'WORKASPACE' ) );
#4154 = STYLED_ITEM ( 'NONE', ( #6505 ), #4412 ) ;
#4155 = CARTESIAN_POINT ( 'NONE',  ( 1.060500077652813733, -12.70999999999999730, 1.559370346829860754 ) ) ;
#4156 = CARTESIAN_POINT ( 'NONE',  ( 2.048789977113333549, -12.69999999999999751, 1.085587322965344104 ) ) ;
#4157 = ORIENTED_EDGE ( 'NONE', *, *, #5747, .F. ) ;
#4158 = CARTESIAN_POINT ( 'NONE',  ( 0.7567174731018385669, -12.70999999999999730, 1.102570035597664866 ) ) ;
#4160 = ORIENTED_EDGE ( 'NONE', *, *, #2075, .T. ) ;
#4159 = DIRECTION ( 'NONE',  ( -0.000000000000000000, 1.000000000000000000, -0.000000000000000000 ) ) ;
#4161 = DIRECTION ( 'NONE',  ( -0.3559357243643079816, 0.000000000000000000, -0.9345104387438671889 ) ) ;
#4162 = CARTESIAN_POINT ( 'NONE',  ( 22.05000000000000071, -11.89999999999999680, 20.69999999999999929 ) ) ;
#4163 = CARTESIAN_POINT ( 'NONE',  ( 0.4281539715458249074, -12.70999999999999730, 1.143813766277427035 ) ) ;
#4164 = ADVANCED_FACE ( 'NONE', ( #4034 ), #7548, .T. ) ;
#4165 = STYLED_ITEM ( 'NONE', ( #3253 ), #8935 ) ;
#4166 = ORIENTED_EDGE ( 'NONE', *, *, #5315, .F. ) ;
#4167 = PRESENTATION_LAYER_ASSIGNMENT (  '', '', ( #854 ) ) ;
#4168 = ORIENTED_EDGE ( 'NONE', *, *, #763, .F. ) ;
#4169 = STYLED_ITEM ( 'NONE', ( #8273 ), #6591 ) ;
#4170 =( LENGTH_UNIT ( ) NAMED_UNIT ( * ) SI_UNIT ( .MILLI., .METRE. ) );
#4171 = CARTESIAN_POINT ( 'NONE',  ( -2.690922506454690666, -12.70999999999999730, 2.538863116110706919 ) ) ;
#4172 = CARTESIAN_POINT ( 'NONE',  ( 2.033366901353705902, -12.70999999999999730, 1.763509484403121608 ) ) ;
#4173 = CARTESIAN_POINT ( 'NONE',  ( 1.521286127568937330, -12.70999999999999730, 2.838965755845903161 ) ) ;
#4174 = MECHANICAL_DESIGN_GEOMETRIC_PRESENTATION_REPRESENTATION (  '', ( #7721 ), #9693 ) ;
#4175 = EDGE_LOOP ( 'NONE', ( #7487, #10195, #4820, #4473, #1881, #11701, #4297, #728 ) ) ;
#4176 =( NAMED_UNIT ( * ) SI_UNIT ( $, .STERADIAN. ) SOLID_ANGLE_UNIT ( ) );
#4177 = VECTOR ( 'NONE', #2681, 1000.000000000000000 ) ;
#4178 = ADVANCED_FACE ( 'NONE', ( #4804 ), #2892, .F. ) ;
#4179 = EDGE_CURVE ( 'NONE', #2539, #1652, #6140, .T. ) ;
#4180 = CARTESIAN_POINT ( 'NONE',  ( 0.9031500463159627401, -12.69999999999999751, 1.376719539530404823 ) ) ;
#4181 = ORIENTED_EDGE ( 'NONE', *, *, #9263, .F. ) ;
#4182 = ORIENTED_EDGE ( 'NONE', *, *, #1267, .F. ) ;
#4183 = EDGE_LOOP ( 'NONE', ( #8798, #2731, #1982, #9246 ) ) ;
#4184 = CARTESIAN_POINT ( 'NONE',  ( 1.845690597459819671, -12.69999999999999751, 2.689240615895915454 ) ) ;
#4185 =( NAMED_UNIT ( * ) PLANE_ANGLE_UNIT ( ) SI_UNIT ( $, .RADIAN. ) );
#4186 = VERTEX_POINT ( 'NONE', #5222 ) ;
#4187 =( GEOMETRIC_REPRESENTATION_CONTEXT ( 3 ) GLOBAL_UNCERTAINTY_ASSIGNED_CONTEXT ( ( #3183 ) ) GLOBAL_UNIT_ASSIGNED_CONTEXT ( ( #403, #7526, #1289 ) ) REPRESENTATION_CONTEXT ( 'NONE', 'WORKASPACE' ) );
#4188 = LINE ( 'NONE', #7157, #8176 ) ;
#4189 = COLOUR_RGB ( '',1.000000000000000000, 1.000000000000000000, 1.000000000000000000 ) ;
#4190 = FILL_AREA_STYLE ('',( #440 ) ) ;
#4191 = UNCERTAINTY_MEASURE_WITH_UNIT (LENGTH_MEASURE( 1.000000000000000082E-05 ), #4252, 'distance_accuracy_value', 'NONE');
#4192 = LINE ( 'NONE', #561, #3693 ) ;
#4193 =( LENGTH_UNIT ( ) NAMED_UNIT ( * ) SI_UNIT ( .MILLI., .METRE. ) );
#4194 = CARTESIAN_POINT ( 'NONE',  ( 2.626548792611196781, -12.70999999999999730, 1.180551879320356212 ) ) ;
#4195 = PRESENTATION_STYLE_ASSIGNMENT (( #10796 ) ) ;
#4196 = ORIENTED_EDGE ( 'NONE', *, *, #11284, .F. ) ;
#4197 = ORIENTED_EDGE ( 'NONE', *, *, #11210, .T. ) ;
#4198 = VECTOR ( 'NONE', #2662, 1000.000000000000000 ) ;
#4199 = FILL_AREA_STYLE_COLOUR ( '', #326 ) ;
#4200 = PRESENTATION_STYLE_ASSIGNMENT (( #7283 ) ) ;
#4201 = ORIENTED_EDGE ( 'NONE', *, *, #3551, .T. ) ;
#4202 = CARTESIAN_POINT ( 'NONE',  ( 0.3550243314316907650, -12.69999999999999751, 2.696172335339371173 ) ) ;
#4203 = VERTEX_POINT ( 'NONE', #2254 ) ;
#4204 = FILL_AREA_STYLE_COLOUR ( '', #3108 ) ;
#4205 = EDGE_CURVE ( 'NONE', #3490, #10828, #8554, .T. ) ;
#4206 = DIRECTION ( 'NONE',  ( -0.000000000000000000, 1.000000000000000000, -0.000000000000000000 ) ) ;
#4207 = SURFACE_SIDE_STYLE ('',( #8906 ) ) ;
#4208 = CARTESIAN_POINT ( 'NONE',  ( 0.9031500463159627401, -12.69999999999999751, 1.376719539530404823 ) ) ;
#4209 = ORIENTED_EDGE ( 'NONE', *, *, #9369, .F. ) ;
#4210 = FILL_AREA_STYLE ('',( #8910 ) ) ;
#4211 =( LENGTH_UNIT ( ) NAMED_UNIT ( * ) SI_UNIT ( .MILLI., .METRE. ) );
#4212 = SURFACE_STYLE_FILL_AREA ( #460 ) ;
#4213 = LINE ( 'NONE', #4267, #9229 ) ;
#4214 = CARTESIAN_POINT ( 'NONE',  ( 0.2526081766733467848, -12.70999999999999730, 1.215210476532994077 ) ) ;
#4215 = DIRECTION ( 'NONE',  ( 0.000000000000000000, -0.000000000000000000, -1.000000000000000000 ) ) ;
#4216 = ORIENTED_EDGE ( 'NONE', *, *, #5010, .F. ) ;
#4217 = CARTESIAN_POINT ( 'NONE',  ( 2.232133956356214366, -12.69999999999999751, 2.704836984641384667 ) ) ;
#4218 =( LENGTH_UNIT ( ) NAMED_UNIT ( * ) SI_UNIT ( .MILLI., .METRE. ) );
#4219 = ORIENTED_EDGE ( 'NONE', *, *, #4426, .F. ) ;
#4220 = SURFACE_STYLE_USAGE ( .BOTH. , #7969 ) ;
#4221 = ORIENTED_EDGE ( 'NONE', *, *, #6590, .F. ) ;
#4222 = PLANE ( 'NONE',  #7547 ) ;
#4223 = CARTESIAN_POINT ( 'NONE',  ( -1.620891963455536988, -12.69999999999999751, 1.651991187078396317 ) ) ;
#4224 = LINE ( 'NONE', #1518, #8057 ) ;
#4225 = CARTESIAN_POINT ( 'NONE',  ( 0.8447503100156967815, -12.70999999999999730, 1.446729905899129198 ) ) ;
#4226 = CARTESIAN_POINT ( 'NONE',  ( -3.519955003823156847, -12.70999999999999730, 1.859249403353907093 ) ) ;
#4227 = EDGE_LOOP ( 'NONE', ( #688, #726, #5695, #2253 ) ) ;
#4228 = PLANE ( 'NONE',  #654 ) ;
#4229 = LINE ( 'NONE', #8116, #1166 ) ;
#4230 = UNCERTAINTY_MEASURE_WITH_UNIT (LENGTH_MEASURE( 1.000000000000000082E-05 ), #2469, 'distance_accuracy_value', 'NONE');
#4231 = COLOUR_RGB ( '',1.000000000000000000, 1.000000000000000000, 1.000000000000000000 ) ;
#4232 = DIRECTION ( 'NONE',  ( -0.5048830486499233938, 0.000000000000000000, 0.8631877589412161322 ) ) ;
#4233 = CARTESIAN_POINT ( 'NONE',  ( 3.183512449787953891, -12.69999999999999751, 1.347606317874361359 ) ) ;
#4234 =( NAMED_UNIT ( * ) PLANE_ANGLE_UNIT ( ) SI_UNIT ( $, .RADIAN. ) );
#4235 = CARTESIAN_POINT ( 'NONE',  ( 0.5567373671960460513, -12.70999999999999730, 1.242244182354171000 ) ) ;
#4236 = DIRECTION ( 'NONE',  ( -1.000000000000000000, 0.000000000000000000, 0.000000000000000000 ) ) ;
#4237 = ORIENTED_EDGE ( 'NONE', *, *, #11119, .T. ) ;
#4238 = AXIS2_PLACEMENT_3D ( 'NONE', #11646, #3113, #5119 ) ;
#4239 = DIRECTION ( 'NONE',  ( -0.000000000000000000, 1.000000000000000000, -0.000000000000000000 ) ) ;
#4240 = PLANE ( 'NONE',  #3909 ) ;
#4241 = CARTESIAN_POINT ( 'NONE',  ( 2.448923481906140509, -12.69999999999999751, 1.162875994744636765 ) ) ;
#4242 = ORIENTED_EDGE ( 'NONE', *, *, #3399, .T. ) ;
#4243 = ORIENTED_EDGE ( 'NONE', *, *, #2506, .F. ) ;
#4244 = DIRECTION ( 'NONE',  ( 1.000000000000000000, 0.000000000000000000, 0.000000000000000000 ) ) ;
#4245 = DIRECTION ( 'NONE',  ( -0.000000000000000000, 1.000000000000000000, -0.000000000000000000 ) ) ;
#4246 = VERTEX_POINT ( 'NONE', #2436 ) ;
#4247 = CARTESIAN_POINT ( 'NONE',  ( 0.4434037543172682505, -12.70999999999999730, 1.313294306638018272 ) ) ;
#4248 = EDGE_CURVE ( 'NONE', #1665, #6427, #2372, .T. ) ;
#4249 = SURFACE_STYLE_USAGE ( .BOTH. , #1368 ) ;
#4250 =( NAMED_UNIT ( * ) PLANE_ANGLE_UNIT ( ) SI_UNIT ( $, .RADIAN. ) );
#4251 = CARTESIAN_POINT ( 'NONE',  ( -1.370254150449937702, -12.69999999999999751, 2.664181976646810224 ) ) ;
#4252 =( LENGTH_UNIT ( ) NAMED_UNIT ( * ) SI_UNIT ( .MILLI., .METRE. ) );
#4253 = VERTEX_POINT ( 'NONE', #1586 ) ;
#4254 = ORIENTED_EDGE ( 'NONE', *, *, #11333, .F. ) ;
#4255 = FACE_OUTER_BOUND ( 'NONE', #569, .T. ) ;
#4256 = ORIENTED_EDGE ( 'NONE', *, *, #3413, .T. ) ;
#4257 = SURFACE_STYLE_FILL_AREA ( #5129 ) ;
#4258 = ORIENTED_EDGE ( 'NONE', *, *, #8809, .F. ) ;
#4259 = FILL_AREA_STYLE ('',( #6106 ) ) ;
#4260 =( GEOMETRIC_REPRESENTATION_CONTEXT ( 3 ) GLOBAL_UNCERTAINTY_ASSIGNED_CONTEXT ( ( #7537 ) ) GLOBAL_UNIT_ASSIGNED_CONTEXT ( ( #5107, #425, #3037 ) ) REPRESENTATION_CONTEXT ( 'NONE', 'WORKASPACE' ) );
#4261 = VECTOR ( 'NONE', #10254, 1000.000000000000000 ) ;
#4262 = CARTESIAN_POINT ( 'NONE',  ( -3.163278186800462688, -12.69999999999999751, 1.598971731040015554 ) ) ;
#4263 = FILL_AREA_STYLE ('',( #9756 ) ) ;
#4264 = ORIENTED_EDGE ( 'NONE', *, *, #7421, .F. ) ;
#4265 = EDGE_CURVE ( 'NONE', #7136, #5113, #11807, .T. ) ;
#4266 = LINE ( 'NONE', #1507, #3760 ) ;
#4267 = CARTESIAN_POINT ( 'NONE',  ( 1.359777064566932925, -12.70999999999999730, 1.165995268490024550 ) ) ;
#4268 = VECTOR ( 'NONE', #11350, 1000.000000000000000 ) ;
#4269 = ORIENTED_EDGE ( 'NONE', *, *, #5315, .T. ) ;
#4270 = ORIENTED_EDGE ( 'NONE', *, *, #8445, .T. ) ;
#4271 =( LENGTH_UNIT ( ) NAMED_UNIT ( * ) SI_UNIT ( .MILLI., .METRE. ) );
#4272 = VERTEX_POINT ( 'NONE', #11868 ) ;
#4273 = CARTESIAN_POINT ( 'NONE',  ( 0.5388881896321431331, -12.70999999999999730, 2.850403092926218296 ) ) ;
#4274 = ORIENTED_EDGE ( 'NONE', *, *, #2713, .F. ) ;
#4275 = ORIENTED_EDGE ( 'NONE', *, *, #10039, .F. ) ;
#4276 = EDGE_CURVE ( 'NONE', #6885, #2967, #11617, .T. ) ;
#4277 = PLANE ( 'NONE',  #7899 ) ;
#4278 = ORIENTED_EDGE ( 'NONE', *, *, #1429, .T. ) ;
#4279 = CARTESIAN_POINT ( 'NONE',  ( 0.6995307877048747569, -12.70999999999999730, 2.272990863400055961 ) ) ;
#4280 = CARTESIAN_POINT ( 'NONE',  ( 19.24999999999999645, -9.249999999999994671, -4.000000000000000000 ) ) ;
#4281 = CARTESIAN_POINT ( 'NONE',  ( 3.068445907045982857, -12.70999999999999730, 1.676862991373792022 ) ) ;
#4282 = VERTEX_POINT ( 'NONE', #11740 ) ;
#4284 = VERTEX_POINT ( 'NONE', #3148 ) ;
#4283 = CARTESIAN_POINT ( 'NONE',  ( 0.2526081766733467848, -12.69999999999999751, 1.215210476532994077 ) ) ;
#4285 = CARTESIAN_POINT ( 'NONE',  ( 1.777586453940106948, -12.70999999999999730, 2.749199989071176464 ) ) ;
#4286 = AXIS2_PLACEMENT_3D ( 'NONE', #4162, #7925, #2256 ) ;
#4287 = CARTESIAN_POINT ( 'NONE',  ( 1.199827638437622745, -12.70999999999999730, 2.161043594408120772 ) ) ;
#4288 = B_SPLINE_CURVE_WITH_KNOTS ( 'NONE', 3,
 ( #805, #5587, #2622, #10034 ),
 .UNSPECIFIED., .F., .F.,
 ( 4, 4 ),
 ( 4.000000000000000000, 5.000000000000000000 ),
 .UNSPECIFIED. ) ;
#4289 = AXIS2_PLACEMENT_3D ( 'NONE', #11250, #22, #6395 ) ;
#4290 = CARTESIAN_POINT ( 'NONE',  ( 3.183512449787953891, -12.69999999999999751, 1.347606317874361359 ) ) ;
#4291 = VECTOR ( 'NONE', #7665, 1000.000000000000000 ) ;
#4292 = FILL_AREA_STYLE_COLOUR ( '', #11445 ) ;
#4293 = AXIS2_PLACEMENT_3D ( 'NONE', #7871, #3155, #3219 ) ;
#4294 = AXIS2_PLACEMENT_3D ( 'NONE', #11055, #8094, #6052 ) ;
#4295 = PRESENTATION_STYLE_ASSIGNMENT (( #545 ) ) ;
#4296 = CARTESIAN_POINT ( 'NONE',  ( 1.127911049226788087, -12.69999999999999751, 1.569767925995064983 ) ) ;
#4297 = ORIENTED_EDGE ( 'NONE', *, *, #11703, .F. ) ;
#4298 = FILL_AREA_STYLE_COLOUR ( '', #12026 ) ;
#4299 = VERTEX_POINT ( 'NONE', #7057 ) ;
#4300 = VECTOR ( 'NONE', #3483, 1000.000000000000000 ) ;
#4301 =( GEOMETRIC_REPRESENTATION_CONTEXT ( 3 ) GLOBAL_UNCERTAINTY_ASSIGNED_CONTEXT ( ( #9030 ) ) GLOBAL_UNIT_ASSIGNED_CONTEXT ( ( #2566, #1603, #1539 ) ) REPRESENTATION_CONTEXT ( 'NONE', 'WORKASPACE' ) );
#4302 = VERTEX_POINT ( 'NONE', #4419 ) ;
#4303 =( GEOMETRIC_REPRESENTATION_CONTEXT ( 3 ) GLOBAL_UNCERTAINTY_ASSIGNED_CONTEXT ( ( #4230 ) ) GLOBAL_UNIT_ASSIGNED_CONTEXT ( ( #2469, #11898, #12079 ) ) REPRESENTATION_CONTEXT ( 'NONE', 'WORKASPACE' ) );
#4304 = CARTESIAN_POINT ( 'NONE',  ( 0.8116513496803728911, -12.69999999999999751, 1.542387634197562862 ) ) ;
#4305 =( LENGTH_UNIT ( ) NAMED_UNIT ( * ) SI_UNIT ( .MILLI., .METRE. ) );
#4306 = ORIENTED_EDGE ( 'NONE', *, *, #11929, .F. ) ;
#4307 = CARTESIAN_POINT ( 'NONE',  ( -0.9268182319027946647, -12.69999999999999751, 1.300134253745478308 ) ) ;
#4308 = PRESENTATION_LAYER_ASSIGNMENT (  '', '', ( #10614 ) ) ;
#4309 = FILL_AREA_STYLE ('',( #6956 ) ) ;
#4310 = MECHANICAL_DESIGN_GEOMETRIC_PRESENTATION_REPRESENTATION (  '', ( #2328 ), #9442 ) ;
#4311 = UNCERTAINTY_MEASURE_WITH_UNIT (LENGTH_MEASURE( 1.000000000000000082E-05 ), #10343, 'distance_accuracy_value', 'NONE');
#4312 =( LENGTH_UNIT ( ) NAMED_UNIT ( * ) SI_UNIT ( .MILLI., .METRE. ) );
#4313 = DIRECTION ( 'NONE',  ( -1.000000000000000000, 0.000000000000000000, 0.000000000000000000 ) ) ;
#4314 = CARTESIAN_POINT ( 'NONE',  ( 1.362029873383047152, -12.69999999999999751, 1.165995268490024994 ) ) ;
#4315 = CARTESIAN_POINT ( 'NONE',  ( 0.1642287537877698267, -12.70999999999999730, 2.161043594408120772 ) ) ;
#4316 = VECTOR ( 'NONE', #473, 1000.000000000000000 ) ;
#4317 = ORIENTED_EDGE ( 'NONE', *, *, #546, .T. ) ;
#4318 = VERTEX_POINT ( 'NONE', #9910 ) ;
#4319 = EDGE_CURVE ( 'NONE', #4395, #8216, #2495, .T. ) ;
#4320 = SURFACE_SIDE_STYLE ('',( #1438 ) ) ;
#4321 = EDGE_CURVE ( 'NONE', #10886, #9656, #10705, .T. ) ;
#4322 = CARTESIAN_POINT ( 'NONE',  ( 2.611992181780864897, -12.70999999999999730, 1.579125747240496702 ) ) ;
#4323 =( GEOMETRIC_REPRESENTATION_CONTEXT ( 3 ) GLOBAL_UNCERTAINTY_ASSIGNED_CONTEXT ( ( #11754 ) ) GLOBAL_UNIT_ASSIGNED_CONTEXT ( ( #7788, #4901, #6054 ) ) REPRESENTATION_CONTEXT ( 'NONE', 'WORKASPACE' ) );
#4324 = DIRECTION ( 'NONE',  ( 0.9306703226357522230, 0.000000000000000000, 0.3658589216693571289 ) ) ;
#4325 = DIRECTION ( 'NONE',  ( 0.8840949502478812061, 0.000000000000000000, 0.4673073067545555626 ) ) ;
#4326 = SURFACE_STYLE_USAGE ( .BOTH. , #578 ) ;
#4327 = FILL_AREA_STYLE_COLOUR ( '', #10636 ) ;
#4328 = DIRECTION ( 'NONE',  ( -1.000000000000000000, 0.000000000000000000, -0.000000000000000000 ) ) ;
#4329 = DIRECTION ( 'NONE',  ( -0.000000000000000000, -0.000000000000000000, 1.000000000000000000 ) ) ;
#4330 = CARTESIAN_POINT ( 'NONE',  ( 2.014131379900670815, -12.69999999999999751, 2.161043594408121216 ) ) ;
#4331 = EDGE_LOOP ( 'NONE', ( #6683, #6535, #3232, #512, #6320, #2190, #6479, #4144, #2133, #1596, #1927, #4780, #556, #3824 ) ) ;
#4332 = EDGE_CURVE ( 'NONE', #9076, #11657, #12085, .T. ) ;
#4333 = DIRECTION ( 'NONE',  ( -0.000000000000000000, 1.000000000000000000, -0.000000000000000000 ) ) ;
#4335 = COLOUR_RGB ( '',1.000000000000000000, 1.000000000000000000, 1.000000000000000000 ) ;
#4334 = UNCERTAINTY_MEASURE_WITH_UNIT (LENGTH_MEASURE( 1.000000000000000082E-05 ), #11026, 'distance_accuracy_value', 'NONE');
#4336 = CARTESIAN_POINT ( 'NONE',  ( 0.7813250771210221712, -12.70999999999999730, 1.362509514676395028 ) ) ;
#4337 =( GEOMETRIC_REPRESENTATION_CONTEXT ( 3 ) GLOBAL_UNCERTAINTY_ASSIGNED_CONTEXT ( ( #690 ) ) GLOBAL_UNIT_ASSIGNED_CONTEXT ( ( #300, #1981, #11567 ) ) REPRESENTATION_CONTEXT ( 'NONE', 'WORKASPACE' ) );
#4338 = ORIENTED_EDGE ( 'NONE', *, *, #3711, .T. ) ;
#4339 = EDGE_LOOP ( 'NONE', ( #11159, #8349, #4937, #5410 ) ) ;
#4340 = ORIENTED_EDGE ( 'NONE', *, *, #6654, .T. ) ;
#4341 = SURFACE_SIDE_STYLE ('',( #6248 ) ) ;
#4342 = CARTESIAN_POINT ( 'NONE',  ( -1.640171865943553797, -12.69999999999999751, 1.382073379651379552 ) ) ;
#4343 = PRESENTATION_STYLE_ASSIGNMENT (( #9039 ) ) ;
#4344 = CARTESIAN_POINT ( 'NONE',  ( 2.626548792611196781, -12.69999999999999751, 1.180551879320356212 ) ) ;
#4345 = COLOUR_RGB ( '',1.000000000000000000, 1.000000000000000000, 1.000000000000000000 ) ;
#4346 = SURFACE_STYLE_USAGE ( .BOTH. , #3207 ) ;
#4347 = VERTEX_POINT ( 'NONE', #5093 ) ;
#4348 =( GEOMETRIC_REPRESENTATION_CONTEXT ( 3 ) GLOBAL_UNCERTAINTY_ASSIGNED_CONTEXT ( ( #7818 ) ) GLOBAL_UNIT_ASSIGNED_CONTEXT ( ( #4879, #10316, #8465 ) ) REPRESENTATION_CONTEXT ( 'NONE', 'WORKASPACE' ) );
#4350 = VERTEX_POINT ( 'NONE', #8859 ) ;
#4349 = LINE ( 'NONE', #405, #2952 ) ;
#4351 = CARTESIAN_POINT ( 'NONE',  ( 0.6995307877048746459, -12.69999999999999751, 2.272990863400055961 ) ) ;
#4352 =( LENGTH_UNIT ( ) NAMED_UNIT ( * ) SI_UNIT ( .MILLI., .METRE. ) );
#4353 = MECHANICAL_DESIGN_GEOMETRIC_PRESENTATION_REPRESENTATION (  '', ( #10260 ), #7511 ) ;
#4354 = CARTESIAN_POINT ( 'NONE',  ( -3.823612456736237952, -12.69999999999999751, 1.849609268245413496 ) ) ;
#4355 = STYLED_ITEM ( 'NONE', ( #5276 ), #3575 ) ;
#4356 = PLANE ( 'NONE',  #6187 ) ;
#4357 =( GEOMETRIC_REPRESENTATION_CONTEXT ( 3 ) GLOBAL_UNCERTAINTY_ASSIGNED_CONTEXT ( ( #6688 ) ) GLOBAL_UNIT_ASSIGNED_CONTEXT ( ( #11695, #9856, #3221 ) ) REPRESENTATION_CONTEXT ( 'NONE', 'WORKASPACE' ) );
#4358 = ORIENTED_EDGE ( 'NONE', *, *, #11053, .T. ) ;
#4359 = EDGE_CURVE ( 'NONE', #150, #8483, #4349, .T. ) ;
#4360 = DIRECTION ( 'NONE',  ( 0.9400931103999041749, 0.000000000000000000, -0.3409177962187274202 ) ) ;
#4361 = VECTOR ( 'NONE', #1870, 1000.000000000000000 ) ;
#4362 = ORIENTED_EDGE ( 'NONE', *, *, #2916, .T. ) ;
#4363 = COLOUR_RGB ( '',1.000000000000000000, 1.000000000000000000, 1.000000000000000000 ) ;
#4364 = DIRECTION ( 'NONE',  ( -0.000000000000000000, 1.000000000000000000, -0.000000000000000000 ) ) ;
#4365 = SURFACE_STYLE_FILL_AREA ( #3281 ) ;
#4366 = CARTESIAN_POINT ( 'NONE',  ( 1.317840161941412402, -12.70999999999999730, 1.086627080880489871 ) ) ;
#4367 = SURFACE_SIDE_STYLE ('',( #5176 ) ) ;
#4368 = ORIENTED_EDGE ( 'NONE', *, *, #7143, .F. ) ;
#4369 = CARTESIAN_POINT ( 'NONE',  ( -1.365434266760181314, -12.69999999999999751, 1.083236178157049645 ) ) ;
#4370 = VECTOR ( 'NONE', #9106, 1000.000000000000000 ) ;
#4371 = EDGE_CURVE ( 'NONE', #11426, #5227, #10832, .T. ) ;
#4372 = STYLED_ITEM ( 'NONE', ( #7219 ), #4730 ) ;
#4373 = FILL_AREA_STYLE_COLOUR ( '', #3702 ) ;
#4374 = STYLED_ITEM ( 'NONE', ( #4195 ), #1488 ) ;
#4375 = ORIENTED_EDGE ( 'NONE', *, *, #7029, .T. ) ;
#4376 = AXIS2_PLACEMENT_3D ( 'NONE', #9202, #2590, #11109 ) ;
#4377 = DIRECTION ( 'NONE',  ( -0.000000000000000000, -0.000000000000000000, 1.000000000000000000 ) ) ;
#4378 = FILL_AREA_STYLE_COLOUR ( '', #821 ) ;
#4379 = EDGE_LOOP ( 'NONE', ( #11914, #3823, #4196, #5239 ) ) ;
#4380 = UNCERTAINTY_MEASURE_WITH_UNIT (LENGTH_MEASURE( 1.000000000000000082E-05 ), #7584, 'distance_accuracy_value', 'NONE');
#4381 =( NAMED_UNIT ( * ) PLANE_ANGLE_UNIT ( ) SI_UNIT ( $, .RADIAN. ) );
#4382 = AXIS2_PLACEMENT_3D ( 'NONE', #5555, #11227, #7223 ) ;
#4383 = APPLICATION_CONTEXT ( 'automotive_design' ) ;
#4384 = DIRECTION ( 'NONE',  ( -0.000000000000000000, 1.000000000000000000, -0.000000000000000000 ) ) ;
#4385 = VECTOR ( 'NONE', #11247, 1000.000000000000000 ) ;
#4386 = AXIS2_PLACEMENT_3D ( 'NONE', #10697, #9593, #10633 ) ;
#4387 = FILL_AREA_STYLE ('',( #9325 ) ) ;
#4388 =( NAMED_UNIT ( * ) PLANE_ANGLE_UNIT ( ) SI_UNIT ( $, .RADIAN. ) );
#4389 = CARTESIAN_POINT ( 'NONE',  ( 2.208392817266298991, -12.70999999999999730, 2.704836984641384667 ) ) ;
#4390 =( NAMED_UNIT ( * ) SI_UNIT ( $, .STERADIAN. ) SOLID_ANGLE_UNIT ( ) );
#4391 = VECTOR ( 'NONE', #4634, 1000.000000000000000 ) ;
#4392 = DIRECTION ( 'NONE',  ( -0.000000000000000000, -0.000000000000000000, -1.000000000000000000 ) ) ;
#4393 = ORIENTED_EDGE ( 'NONE', *, *, #1417, .T. ) ;
#4394 = CARTESIAN_POINT ( 'NONE',  ( 0.3075420532518858274, -12.69999999999999751, 2.645570783409540105 ) ) ;
#4395 = VERTEX_POINT ( 'NONE', #7922 ) ;
#4396 = ORIENTED_EDGE ( 'NONE', *, *, #8134, .T. ) ;
#4397 = EDGE_CURVE ( 'NONE', #2967, #3540, #9966, .T. ) ;
#4399 = VECTOR ( 'NONE', #2229, 1000.000000000000000 ) ;
#4398 = FILL_AREA_STYLE_COLOUR ( '', #585 ) ;
#4400 = DIRECTION ( 'NONE',  ( -0.000000000000000000, 1.000000000000000000, -0.000000000000000000 ) ) ;
#4401 = VERTEX_POINT ( 'NONE', #8988 ) ;
#4402 = LINE ( 'NONE', #4586, #4130 ) ;
#4403 = ORIENTED_EDGE ( 'NONE', *, *, #3266, .T. ) ;
#4404 = SURFACE_STYLE_USAGE ( .BOTH. , #7177 ) ;
#4405 = LINE ( 'NONE', #10066, #10813 ) ;
#4406 = ORIENTED_EDGE ( 'NONE', *, *, #7211, .T. ) ;
#4407 = STYLED_ITEM ( 'NONE', ( #11211 ), #7480 ) ;
#4408 = PRESENTATION_STYLE_ASSIGNMENT (( #8347 ) ) ;
#4409 = VERTEX_POINT ( 'NONE', #6991 ) ;
#4410 = CARTESIAN_POINT ( 'NONE',  ( 0.8447503100156967815, -12.69999999999999751, 1.446729905899129198 ) ) ;
#4411 = ADVANCED_FACE ( 'NONE', ( #10765 ), #10094, .F. ) ;
#4412 = ADVANCED_FACE ( 'NONE', ( #11010 ), #8223, .F. ) ;
#4413 = CARTESIAN_POINT ( 'NONE',  ( -0.1057617184844379665, -12.69999999999999751, 1.468564822140004056 ) ) ;
#4414 = LINE ( 'NONE', #9844, #8899 ) ;
#4415 = ORIENTED_EDGE ( 'NONE', *, *, #960, .F. ) ;
#4416 = VERTEX_POINT ( 'NONE', #11987 ) ;
#4417 = ORIENTED_EDGE ( 'NONE', *, *, #11119, .F. ) ;
#4418 =( NAMED_UNIT ( * ) SI_UNIT ( $, .STERADIAN. ) SOLID_ANGLE_UNIT ( ) );
#4420 = ORIENTED_EDGE ( 'NONE', *, *, #1925, .F. ) ;
#4419 = CARTESIAN_POINT ( 'NONE',  ( 2.014131379900665486, -12.69999999999999751, 1.468564822140004056 ) ) ;
#4421 = CARTESIAN_POINT ( 'NONE',  ( 22.04999999999999716, 12.70000000000000107, 21.50000000000000000 ) ) ;
#4422 = CARTESIAN_POINT ( 'NONE',  ( 0.5567373671960460513, -12.70999999999999730, 1.160449892938023142 ) ) ;
#4423 = B_SPLINE_SURFACE_WITH_KNOTS ( 'NONE', 3, 1, ( 
 ( #3836, #7497 ),
 ( #5754, #12162 ),
 ( #2788, #10208 ),
 ( #1770, #4607 ) ),
 .UNSPECIFIED., .F., .F., .F.,
 ( 4, 4 ),
 ( 2, 2 ),
 ( 34.00000000000000000, 35.00000000000000000 ),
 ( 0.000000000000000000, 1.000000000000000000 ),
 .UNSPECIFIED. ) ;
#4424 = CARTESIAN_POINT ( 'NONE',  ( -22.04999999999999716, 12.70000000000000107, 0.000000000000000000 ) ) ;
#4425 = CARTESIAN_POINT ( 'NONE',  ( 2.955978759101102860, -12.70999999999999730, 1.347606317874361359 ) ) ;
#4426 = EDGE_CURVE ( 'NONE', #11125, #4688, #5322, .T. ) ;
#4427 = ORIENTED_EDGE ( 'NONE', *, *, #3551, .F. ) ;
#4428 = AXIS2_PLACEMENT_3D ( 'NONE', #3096, #7694, #5886 ) ;
#4429 = SHAPE_DEFINITION_REPRESENTATION ( #3747, #7012 ) ;
#4430 = CARTESIAN_POINT ( 'NONE',  ( 3.279690057048559648, -12.70999999999999730, 1.085587322965344104 ) ) ;
#4431 = LINE ( 'NONE', #9417, #6490 ) ;
#4432 = CARTESIAN_POINT ( 'NONE',  ( 0.8480428767515778565, -12.70999999999999730, 1.568034996136494330 ) ) ;
#4433 = VECTOR ( 'NONE', #6932, 1000.000000000000000 ) ;
#4434 = LINE ( 'NONE', #8184, #9091 ) ;
#4435 = ORIENTED_EDGE ( 'NONE', *, *, #10950, .F. ) ;
#4436 = VECTOR ( 'NONE', #6111, 1000.000000000000000 ) ;
#4437 =( LENGTH_UNIT ( ) NAMED_UNIT ( * ) SI_UNIT ( .MILLI., .METRE. ) );
#4438 = EDGE_CURVE ( 'NONE', #10068, #4282, #11930, .T. ) ;
#4439 = COLOUR_RGB ( '',1.000000000000000000, 1.000000000000000000, 1.000000000000000000 ) ;
#4440 = VERTEX_POINT ( 'NONE', #8171 ) ;
#4441 = CARTESIAN_POINT ( 'NONE',  ( 0.5239849928324241679, -12.70999999999999730, 1.511888068654680728 ) ) ;
#4442 = CARTESIAN_POINT ( 'NONE',  ( -0.9268182319027946647, -12.70999999999999730, 1.300134253745478308 ) ) ;
#4443 = VERTEX_POINT ( 'NONE', #11924 ) ;
#4444 = EDGE_CURVE ( 'NONE', #4068, #3530, #6634, .T. ) ;
#4445 = STYLED_ITEM ( 'NONE', ( #2271 ), #5576 ) ;
#4446 = FACE_OUTER_BOUND ( 'NONE', #3111, .T. ) ;
#4447 = PRESENTATION_STYLE_ASSIGNMENT (( #7212 ) ) ;
#4448 = CARTESIAN_POINT ( 'NONE',  ( 1.145413640818973677, -12.70999999999999730, 0.8644654727597896882 ) ) ;
#4449 = CARTESIAN_POINT ( 'NONE',  ( -1.365434266760181314, -12.69999999999999751, 1.083236178157049645 ) ) ;
#4450 = DIRECTION ( 'NONE',  ( 0.000000000000000000, 0.000000000000000000, 1.000000000000000000 ) ) ;
#4451 = SURFACE_SIDE_STYLE ('',( #4257 ) ) ;
#4452 = ORIENTED_EDGE ( 'NONE', *, *, #4747, .T. ) ;
#4453 = ORIENTED_EDGE ( 'NONE', *, *, #3477, .F. ) ;
#4454 = DIRECTION ( 'NONE',  ( 0.000000000000000000, 0.000000000000000000, -1.000000000000000000 ) ) ;
#4455 = CARTESIAN_POINT ( 'NONE',  ( 0.9457801208848780616, -12.70999999999999730, 1.360083412869804054 ) ) ;
#4456 = CARTESIAN_POINT ( 'NONE',  ( 0.9965549657982581966, -12.70999999999999730, 1.165302096546602995 ) ) ;
#4457 = CARTESIAN_POINT ( 'NONE',  ( 0.8963916198606550756, -12.70999999999999730, 1.143467180305729691 ) ) ;
#4458 = CARTESIAN_POINT ( 'NONE',  ( 0.1919556315546779024, -12.70999999999999730, 2.385631304330791735 ) ) ;
#4459 = CARTESIAN_POINT ( 'NONE',  ( -3.823612456736237952, -12.70999999999999730, 1.849609268245413496 ) ) ;
#4460 = PRESENTATION_LAYER_ASSIGNMENT (  '', '', ( #4054 ) ) ;
#4461 = CARTESIAN_POINT ( 'NONE',  ( 1.777586453940106948, -12.70999999999999730, 2.256008150763128217 ) ) ;
#4462 = CARTESIAN_POINT ( 'NONE',  ( 2.558444649096109025, -12.69999999999999751, 1.117126646423376668 ) ) ;
#4463 = UNCERTAINTY_MEASURE_WITH_UNIT (LENGTH_MEASURE( 1.000000000000000082E-05 ), #4744, 'distance_accuracy_value', 'NONE');
#4464 = EDGE_LOOP ( 'NONE', ( #600, #7095 ) ) ;
#4465 = CARTESIAN_POINT ( 'NONE',  ( 1.060500077652813733, -12.69999999999999751, 1.476882885470320872 ) ) ;
#4466 = ORIENTED_EDGE ( 'NONE', *, *, #6810, .F. ) ;
#4467 = SURFACE_STYLE_FILL_AREA ( #6063 ) ;
#4468 = CARTESIAN_POINT ( 'NONE',  ( 2.430727718372849733, -12.70999999999999730, 2.161043594408120772 ) ) ;
#4469 =( GEOMETRIC_REPRESENTATION_CONTEXT ( 3 ) GLOBAL_UNCERTAINTY_ASSIGNED_CONTEXT ( ( #11345 ) ) GLOBAL_UNIT_ASSIGNED_CONTEXT ( ( #8639, #5737, #1931 ) ) REPRESENTATION_CONTEXT ( 'NONE', 'WORKASPACE' ) );
#4470 = DIRECTION ( 'NONE',  ( 0.000000000000000000, -1.000000000000000000, 0.000000000000000000 ) ) ;
#4471 = ORIENTED_EDGE ( 'NONE', *, *, #2980, .F. ) ;
#4473 = ORIENTED_EDGE ( 'NONE', *, *, #2014, .F. ) ;
#4472 =( LENGTH_UNIT ( ) NAMED_UNIT ( * ) SI_UNIT ( .MILLI., .METRE. ) );
#4474 =( LENGTH_UNIT ( ) NAMED_UNIT ( * ) SI_UNIT ( .MILLI., .METRE. ) );
#4475 = CARTESIAN_POINT ( 'NONE',  ( 1.771694492416410416, -12.69999999999999751, 1.390929564389013828 ) ) ;
#4476 = SURFACE_SIDE_STYLE ('',( #9863 ) ) ;
#4477 =( LENGTH_UNIT ( ) NAMED_UNIT ( * ) SI_UNIT ( .MILLI., .METRE. ) );
#4478 = ADVANCED_FACE ( 'NONE', ( #3461 ), #9175, .F. ) ;
#4479 = EDGE_CURVE ( 'NONE', #10682, #11101, #3013, .T. ) ;
#4480 = DIRECTION ( 'NONE',  ( -1.000000000000000000, 0.000000000000000000, 0.000000000000000000 ) ) ;
#4481 = ORIENTED_EDGE ( 'NONE', *, *, #1267, .T. ) ;
#4482 = PRESENTATION_LAYER_ASSIGNMENT (  '', '', ( #8417 ) ) ;
#4483 =( GEOMETRIC_REPRESENTATION_CONTEXT ( 3 ) GLOBAL_UNCERTAINTY_ASSIGNED_CONTEXT ( ( #9390 ) ) GLOBAL_UNIT_ASSIGNED_CONTEXT ( ( #4474, #731, #8233 ) ) REPRESENTATION_CONTEXT ( 'NONE', 'WORKASPACE' ) );
#4484 = DIRECTION ( 'NONE',  ( 0.000000000000000000, 1.000000000000000000, 0.000000000000000000 ) ) ;
#4485 = CARTESIAN_POINT ( 'NONE',  ( 3.070525422880872490, -12.69999999999999751, 1.676862991373792022 ) ) ;
#4486 = CARTESIAN_POINT ( 'NONE',  ( -2.970479989325513603, -12.69999999999999751, 1.136255450333256478 ) ) ;
#4487 = SURFACE_SIDE_STYLE ('',( #11815 ) ) ;
#4488 = CARTESIAN_POINT ( 'NONE',  ( -1.789590466688415260, -12.69999999999999751, 1.155535536688067300 ) ) ;
#4489 = ADVANCED_FACE ( 'NONE', ( #4965 ), #10520, .F. ) ;
#4490 = VERTEX_POINT ( 'NONE', #2953 ) ;
#4491 = AXIS2_PLACEMENT_3D ( 'NONE', #5323, #8846, #2480 ) ;
#4492 = CARTESIAN_POINT ( 'NONE',  ( 0.6496224077207936043, -12.69999999999999751, 2.162776524266674549 ) ) ;
#4493 = VERTEX_POINT ( 'NONE', #4731 ) ;
#4494 = FILL_AREA_STYLE ('',( #2959 ) ) ;
#4495 = VECTOR ( 'NONE', #5804, 1000.000000000000000 ) ;
#4496 = UNCERTAINTY_MEASURE_WITH_UNIT (LENGTH_MEASURE( 1.000000000000000082E-05 ), #5041, 'distance_accuracy_value', 'NONE');
#4497 = CARTESIAN_POINT ( 'NONE',  ( 0.1919556315546779024, -12.69999999999999751, 2.385631304330791735 ) ) ;
#4498 = ADVANCED_FACE ( 'NONE', ( #6736 ), #6370, .F. ) ;
#4499 = CARTESIAN_POINT ( 'NONE',  ( 1.029134047176034183, -12.70999999999999730, 1.112621028786494159 ) ) ;
#4500 = CARTESIAN_POINT ( 'NONE',  ( 3.376387543262116431, -12.70999999999999730, 1.085587322965344104 ) ) ;
#4501 = AXIS2_PLACEMENT_3D ( 'NONE', #5359, #3362, #9131 ) ;
#4502 = CARTESIAN_POINT ( 'NONE',  ( 1.715374271948743479, -12.69999999999999751, 2.309035804494934396 ) ) ;
#4503 = VECTOR ( 'NONE', #2169, 1000.000000000000000 ) ;
#4504 = ORIENTED_EDGE ( 'NONE', *, *, #3984, .F. ) ;
#4505 = CARTESIAN_POINT ( 'NONE',  ( -1.423273790357425961, -12.69999999999999751, 2.129166751113926281 ) ) ;
#4506 =( LENGTH_UNIT ( ) NAMED_UNIT ( * ) SI_UNIT ( .MILLI., .METRE. ) );
#4507 = ORIENTED_EDGE ( 'NONE', *, *, #1663, .T. ) ;
#4508 = LINE ( 'NONE', #11338, #1988 ) ;
#4509 = CARTESIAN_POINT ( 'NONE',  ( 0.9457801208848780616, -12.69999999999999751, 1.580858677103661680 ) ) ;
#4510 = CARTESIAN_POINT ( 'NONE',  ( 0.1366751690044200052, -12.70999999999999730, 1.468564822140002502 ) ) ;
#4511 = VECTOR ( 'NONE', #2555, 1000.000000000000000 ) ;
#4512 = EDGE_CURVE ( 'NONE', #8028, #7791, #932, .T. ) ;
#4513 = VECTOR ( 'NONE', #5677, 1000.000000000000000 ) ;
#4514 = PRESENTATION_LAYER_ASSIGNMENT (  '', '', ( #3072 ) ) ;
#4515 = PLANE ( 'NONE',  #3570 ) ;
#4516 = PRESENTATION_STYLE_ASSIGNMENT (( #1010 ) ) ;
#4517 = B_SPLINE_SURFACE_WITH_KNOTS ( 'NONE', 3, 1, ( 
 ( #5138, #8907 ),
 ( #458, #7958 ),
 ( #4644, #10315 ),
 ( #4585, #9391 ),
 ( #769, #954 ),
 ( #12087, #12139 ),
 ( #1689, #4518 ) ),
 .UNSPECIFIED., .F., .F., .F.,
 ( 4, 3, 4 ),
 ( 2, 2 ),
 ( 0.000000000000000000, 1.000000000000000000, 2.000000000000000000 ),
 ( 0.000000000000000000, 1.000000000000000000 ),
 .UNSPECIFIED. ) ;
#4518 = CARTESIAN_POINT ( 'NONE',  ( -2.782501675538016084, -12.69999999999999751, 1.430272952002306752 ) ) ;
#4519 = CARTESIAN_POINT ( 'NONE',  ( 0.3612628789294233811, -12.69999999999999751, 1.283487913033960037 ) ) ;
#4520 = DIRECTION ( 'NONE',  ( -0.3897582650654661807, 0.000000000000000000, -0.9209172030172733114 ) ) ;
#4521 = CARTESIAN_POINT ( 'NONE',  ( -19.25000000000000355, -9.249999999999996447, -4.000000000000000000 ) ) ;
#4522 = CARTESIAN_POINT ( 'NONE',  ( 0.4654119635463069837, -12.70999999999999730, 1.143813766277427035 ) ) ;
#4523 = PRESENTATION_LAYER_ASSIGNMENT (  '', '', ( #3314 ) ) ;
#4524 = EDGE_CURVE ( 'NONE', #2858, #9101, #4703, .T. ) ;
#4525 = SURFACE_STYLE_USAGE ( .BOTH. , #10192 ) ;
#4526 = EDGE_LOOP ( 'NONE', ( #11074, #7007, #5394, #9789 ) ) ;
#4527 = DIRECTION ( 'NONE',  ( -1.000000000000000000, 0.000000000000000000, 0.000000000000000000 ) ) ;
#4528 = B_SPLINE_CURVE_WITH_KNOTS ( 'NONE', 3,
 ( #3456, #3206, #531, #10761 ),
 .UNSPECIFIED., .F., .F.,
 ( 4, 4 ),
 ( 3.000000000000000000, 4.000000000000000000 ),
 .UNSPECIFIED. ) ;
#4529 = CARTESIAN_POINT ( 'NONE',  ( 1.777586453940106948, -12.70999999999999730, 2.749199989071176464 ) ) ;
#4530 = AXIS2_PLACEMENT_3D ( 'NONE', #6722, #10504, #1199 ) ;
#4531 = FILL_AREA_STYLE ('',( #4654 ) ) ;
#4532 = ORIENTED_EDGE ( 'NONE', *, *, #2846, .F. ) ;
#4533 = CARTESIAN_POINT ( 'NONE',  ( 3.061514187607166981, -12.69999999999999751, 1.640471464302582838 ) ) ;
#4534 = ORIENTED_EDGE ( 'NONE', *, *, #8335, .T. ) ;
#4535 = LINE ( 'NONE', #3586, #6708 ) ;
#4537 = ORIENTED_EDGE ( 'NONE', *, *, #7822, .F. ) ;
#4536 = SURFACE_SIDE_STYLE ('',( #5577 ) ) ;
#4538 = CARTESIAN_POINT ( 'NONE',  ( 0.5567373671960460513, -12.69999999999999751, 1.160449892938023142 ) ) ;
#4539 = CARTESIAN_POINT ( 'NONE',  ( -0.1057617184844344971, -12.69999999999999751, 1.390929564389013828 ) ) ;
#4540 = B_SPLINE_CURVE_WITH_KNOTS ( 'NONE', 3,
 ( #1875, #4522, #1821, #5561 ),
 .UNSPECIFIED., .F., .F.,
 ( 4, 4 ),
 ( 4.000000000000000000, 5.000000000000000000 ),
 .UNSPECIFIED. ) ;
#4541 = DIRECTION ( 'NONE',  ( 1.000000000000000000, -0.000000000000000000, -0.000000000000000000 ) ) ;
#4542 = EDGE_CURVE ( 'NONE', #9763, #5700, #2763, .T. ) ;
#4543 = LINE ( 'NONE', #1847, #8086 ) ;
#4544 = MECHANICAL_DESIGN_GEOMETRIC_PRESENTATION_REPRESENTATION (  '', ( #4928 ), #12198 ) ;
#4545 = FILL_AREA_STYLE_COLOUR ( '', #7050 ) ;
#4546 = VECTOR ( 'NONE', #10489, 1000.000000000000000 ) ;
#4547 = VECTOR ( 'NONE', #4245, 1000.000000000000000 ) ;
#4548 = CARTESIAN_POINT ( 'NONE',  ( 2.014131379900668151, -12.70999999999999730, 1.468564822140002502 ) ) ;
#4549 = LINE ( 'NONE', #3600, #4140 ) ;
#4550 = B_SPLINE_CURVE_WITH_KNOTS ( 'NONE', 3,
 ( #84, #5865, #5926, #5687 ),
 .UNSPECIFIED., .F., .F.,
 ( 4, 4 ),
 ( 2.000000000000000000, 3.000000000000000000 ),
 .UNSPECIFIED. ) ;
#4551 = DIRECTION ( 'NONE',  ( -0.000000000000000000, 1.000000000000000000, -0.000000000000000000 ) ) ;
#4552 = VERTEX_POINT ( 'NONE', #2591 ) ;
#4553 = EDGE_CURVE ( 'NONE', #10919, #9285, #10314, .T. ) ;
#4554 = LINE ( 'NONE', #9311, #3812 ) ;
#4555 = MECHANICAL_DESIGN_GEOMETRIC_PRESENTATION_REPRESENTATION (  '', ( #5142 ), #6318 ) ;
#4556 = FILL_AREA_STYLE ('',( #9063 ) ) ;
#4557 = AXIS2_PLACEMENT_3D ( 'NONE', #11546, #7739, #6798 ) ;
#4558 = CARTESIAN_POINT ( 'NONE',  ( -19.25000000000000355, 1.500000000000003109, -4.000000000000000000 ) ) ;
#4559 =( GEOMETRIC_REPRESENTATION_CONTEXT ( 3 ) GLOBAL_UNCERTAINTY_ASSIGNED_CONTEXT ( ( #5665 ) ) GLOBAL_UNIT_ASSIGNED_CONTEXT ( ( #5021, #4789, #11430 ) ) REPRESENTATION_CONTEXT ( 'NONE', 'WORKASPACE' ) );
#4560 =( GEOMETRIC_REPRESENTATION_CONTEXT ( 3 ) GLOBAL_UNCERTAINTY_ASSIGNED_CONTEXT ( ( #5468 ) ) GLOBAL_UNIT_ASSIGNED_CONTEXT ( ( #1469, #2443, #5284 ) ) REPRESENTATION_CONTEXT ( 'NONE', 'WORKASPACE' ) );
#4561 = FILL_AREA_STYLE ('',( #816 ) ) ;
#4562 = FILL_AREA_STYLE ('',( #2747 ) ) ;
#4563 = FILL_AREA_STYLE_COLOUR ( '', #9723 ) ;
#4564 = ORIENTED_EDGE ( 'NONE', *, *, #12144, .T. ) ;
#4565 =( GEOMETRIC_REPRESENTATION_CONTEXT ( 3 ) GLOBAL_UNCERTAINTY_ASSIGNED_CONTEXT ( ( #1375 ) ) GLOBAL_UNIT_ASSIGNED_CONTEXT ( ( #3446, #7111, #10989 ) ) REPRESENTATION_CONTEXT ( 'NONE', 'WORKASPACE' ) );
#4566 = UNCERTAINTY_MEASURE_WITH_UNIT (LENGTH_MEASURE( 1.000000000000000082E-05 ), #7394, 'distance_accuracy_value', 'NONE');
#4567 = VECTOR ( 'NONE', #2948, 1000.000000000000000 ) ;
#4568 = STYLED_ITEM ( 'NONE', ( #1945 ), #59 ) ;
#4569 = CARTESIAN_POINT ( 'NONE',  ( -2.416184815337920622, -12.69999999999999751, 1.570051969239089962 ) ) ;
#4570 = ADVANCED_FACE ( 'NONE', ( #3759 ), #8519, .F. ) ;
#4571 = EDGE_CURVE ( 'NONE', #5213, #7582, #11071, .T. ) ;
#4572 = LINE ( 'NONE', #8325, #3783 ) ;
#4573 = CARTESIAN_POINT ( 'NONE',  ( 1.327891155132578049, -12.70999999999999730, 2.161043594408120772 ) ) ;
#4574 = AXIS2_PLACEMENT_3D ( 'NONE', #2126, #5874, #9650 ) ;
#4575 = VERTEX_POINT ( 'NONE', #3632 ) ;
#4576 = DIRECTION ( 'NONE',  ( -0.000000000000000000, -0.000000000000000000, 1.000000000000000000 ) ) ;
#4577 = VERTEX_POINT ( 'NONE', #7415 ) ;
#4578 = FILL_AREA_STYLE_COLOUR ( '', #3326 ) ;
#4579 =( GEOMETRIC_REPRESENTATION_CONTEXT ( 3 ) GLOBAL_UNCERTAINTY_ASSIGNED_CONTEXT ( ( #2110 ) ) GLOBAL_UNIT_ASSIGNED_CONTEXT ( ( #5191, #9741, #3375 ) ) REPRESENTATION_CONTEXT ( 'NONE', 'WORKASPACE' ) );
#4580 = DIRECTION ( 'NONE',  ( 0.000000000000000000, 0.000000000000000000, -1.000000000000000000 ) ) ;
#4581 = VECTOR ( 'NONE', #77, 1000.000000000000114 ) ;
#4582 = CARTESIAN_POINT ( 'NONE',  ( 0.4527615755650131746, -12.70999999999999730, 2.227588101050506086 ) ) ;
#4583 = CARTESIAN_POINT ( 'NONE',  ( -3.037959280299975084, -12.69999999999999751, 2.341245126877084637 ) ) ;
#4584 = UNCERTAINTY_MEASURE_WITH_UNIT (LENGTH_MEASURE( 1.000000000000000082E-05 ), #5305, 'distance_accuracy_value', 'NONE');
#4585 = CARTESIAN_POINT ( 'NONE',  ( -2.594523361750517232, -12.70999999999999730, 1.242294546281410339 ) ) ;
#4586 = CARTESIAN_POINT ( 'NONE',  ( 2.176853493808293294, -12.70999999999999730, 1.763509484403121608 ) ) ;
#4587 = CARTESIAN_POINT ( 'NONE',  ( 2.558444649096109025, -12.70999999999999730, 1.733703090799036284 ) ) ;
#4588 = CARTESIAN_POINT ( 'NONE',  ( 0.6036997664159702293, -12.69999999999999751, 2.850403092926218296 ) ) ;
#4589 = CARTESIAN_POINT ( 'NONE',  ( 0.9227321537406988350, -12.70999999999999730, 2.544021093582787607 ) ) ;
#4590 = MECHANICAL_DESIGN_GEOMETRIC_PRESENTATION_REPRESENTATION (  '', ( #7352 ), #454 ) ;
#4591 = EDGE_CURVE ( 'NONE', #2484, #3407, #2704, .T. ) ;
#4592 = CARTESIAN_POINT ( 'NONE',  ( 0.2664716155579470724, -12.69999999999999751, 1.137575218777406638 ) ) ;
#4593 = FILL_AREA_STYLE_COLOUR ( '', #10621 ) ;
#4594 = UNCERTAINTY_MEASURE_WITH_UNIT (LENGTH_MEASURE( 1.000000000000000082E-05 ), #4659, 'distance_accuracy_value', 'NONE');
#4595 = FACE_OUTER_BOUND ( 'NONE', #11856, .T. ) ;
#4596 = ORIENTED_EDGE ( 'NONE', *, *, #8775, .T. ) ;
#4597 = ORIENTED_EDGE ( 'NONE', *, *, #2537, .F. ) ;
#4598 = MECHANICAL_DESIGN_GEOMETRIC_PRESENTATION_REPRESENTATION (  '', ( #640 ), #6129 ) ;
#4599 = PRESENTATION_STYLE_ASSIGNMENT (( #2604 ) ) ;
#4600 = CARTESIAN_POINT ( 'NONE',  ( 2.863093718571758206, -12.70999999999999730, 1.085587322965344104 ) ) ;
#4601 = ADVANCED_FACE ( 'NONE', ( #5553 ), #3409, .T. ) ;
#4602 = CARTESIAN_POINT ( 'NONE',  ( -1.447373576535206485, -12.69999999999999751, 2.129166751113926281 ) ) ;
#4603 = ORIENTED_EDGE ( 'NONE', *, *, #3904, .T. ) ;
#4604 = SURFACE_STYLE_FILL_AREA ( #972 ) ;
#4605 = CARTESIAN_POINT ( 'NONE',  ( -1.722111175716264375, -12.70999999999999730, 1.382073379651379552 ) ) ;
#4606 = CARTESIAN_POINT ( 'NONE',  ( -3.515135212069099513, -12.69999999999999751, 1.208554992726440958 ) ) ;
#4607 = CARTESIAN_POINT ( 'NONE',  ( -0.7484797774236003898, -12.69999999999999751, 1.758030191093176597 ) ) ;
#4608 = CARTESIAN_POINT ( 'NONE',  ( 2.636773078785899393, -12.70999999999999730, 1.346219973987518470 ) ) ;
#4609 = STYLED_ITEM ( 'NONE', ( #2575 ), #7457 ) ;
#4610 = CARTESIAN_POINT ( 'NONE',  ( -2.141447308090255852, -12.69999999999999751, 3.020858839633884685 ) ) ;
#4611 = ORIENTED_EDGE ( 'NONE', *, *, #8703, .F. ) ;
#4612 =( NAMED_UNIT ( * ) SI_UNIT ( $, .STERADIAN. ) SOLID_ANGLE_UNIT ( ) );
#4613 = VERTEX_POINT ( 'NONE', #5374 ) ;
#4614 =( NAMED_UNIT ( * ) SI_UNIT ( $, .STERADIAN. ) SOLID_ANGLE_UNIT ( ) );
#4615 = LINE ( 'NONE', #8364, #11015 ) ;
#4616 = CARTESIAN_POINT ( 'NONE',  ( 0.4061457623167640252, -12.69999999999999751, 1.074149985885020087 ) ) ;
#4617 = CARTESIAN_POINT ( 'NONE',  ( -1.789590466688415260, -12.70999999999999730, 1.155535536688067300 ) ) ;
#4618 = VERTEX_POINT ( 'NONE', #9995 ) ;
#4619 = LINE ( 'NONE', #35, #7004 ) ;
#4620 = CARTESIAN_POINT ( 'NONE',  ( 0.8858207477119407480, -12.70999999999999730, 1.298391109835989488 ) ) ;
#4621 = EDGE_CURVE ( 'NONE', #4395, #12065, #8080, .T. ) ;
#4622 = CARTESIAN_POINT ( 'NONE',  ( 2.014131379900668151, -12.69999999999999751, 1.390929564389012718 ) ) ;
#4623 = ORIENTED_EDGE ( 'NONE', *, *, #2925, .F. ) ;
#4624 = CARTESIAN_POINT ( 'NONE',  ( 0.4434037543172685836, -12.70999999999999730, 1.313294306638018272 ) ) ;
#4625 = SURFACE_STYLE_FILL_AREA ( #7268 ) ;
#4626 = UNCERTAINTY_MEASURE_WITH_UNIT (LENGTH_MEASURE( 1.000000000000000082E-05 ), #5029, 'distance_accuracy_value', 'NONE');
#4627 = CARTESIAN_POINT ( 'NONE',  ( 1.777586453940106948, -12.70999999999999730, 2.256008150763128217 ) ) ;
#4628 = CARTESIAN_POINT ( 'NONE',  ( 0.8880735565303700119, -12.69999999999999751, 1.074149985885020087 ) ) ;
#4629 = VECTOR ( 'NONE', #3863, 1000.000000000000000 ) ;
#4630 =( NAMED_UNIT ( * ) PLANE_ANGLE_UNIT ( ) SI_UNIT ( $, .RADIAN. ) );
#4631 = ORIENTED_EDGE ( 'NONE', *, *, #8948, .F. ) ;
#4632 = CARTESIAN_POINT ( 'NONE',  ( -0.1932746764407473894, -12.70999999999999730, 2.161043594408120772 ) ) ;
#4633 = COLOUR_RGB ( '',1.000000000000000000, 1.000000000000000000, 1.000000000000000000 ) ;
#4634 = DIRECTION ( 'NONE',  ( -0.000000000000000000, 1.000000000000000000, -0.000000000000000000 ) ) ;
#4635 = DIRECTION ( 'NONE',  ( -0.000000000000000000, 1.000000000000000000, -0.000000000000000000 ) ) ;
#4636 = FILL_AREA_STYLE_COLOUR ( '', #7715 ) ;
#4637 = ORIENTED_EDGE ( 'NONE', *, *, #1283, .T. ) ;
#4638 = CARTESIAN_POINT ( 'NONE',  ( 0.4666250144496134067, -12.70999999999999730, 1.580858677103661680 ) ) ;
#4639 =( NAMED_UNIT ( * ) PLANE_ANGLE_UNIT ( ) SI_UNIT ( $, .RADIAN. ) );
#4640 = ORIENTED_EDGE ( 'NONE', *, *, #8713, .F. ) ;
#4641 = SURFACE_STYLE_FILL_AREA ( #2701 ) ;
#4642 = EDGE_CURVE ( 'NONE', #7374, #5968, #3492, .T. ) ;
#4643 = SURFACE_SIDE_STYLE ('',( #10118 ) ) ;
#4644 = CARTESIAN_POINT ( 'NONE',  ( -2.594523361750517232, -12.70999999999999730, 1.141075517887485180 ) ) ;
#4645 = CARTESIAN_POINT ( 'NONE',  ( 0.2208955602248437455, -12.70999999999999730, 2.303837014914657200 ) ) ;
#4646 = SURFACE_SIDE_STYLE ('',( #10317 ) ) ;
#4647 = LINE ( 'NONE', #6550, #11640 ) ;
#4648 = CYLINDRICAL_SURFACE ( 'NONE', #11778, 0.7999999999999986011 ) ;
#4649 = LINE ( 'NONE', #962, #6673 ) ;
#4650 = ORIENTED_EDGE ( 'NONE', *, *, #5417, .F. ) ;
#4651 = SURFACE_STYLE_FILL_AREA ( #9281 ) ;
#4652 = CARTESIAN_POINT ( 'NONE',  ( 1.845690597459819671, -12.69999999999999751, 2.689240615895915454 ) ) ;
#4653 = LINE ( 'NONE', #6033, #10410 ) ;
#4654 = FILL_AREA_STYLE_COLOUR ( '', #2587 ) ;
#4655 = ORIENTED_EDGE ( 'NONE', *, *, #1239, .T. ) ;
#4656 = ORIENTED_EDGE ( 'NONE', *, *, #2246, .F. ) ;
#4657 =( LENGTH_UNIT ( ) NAMED_UNIT ( * ) SI_UNIT ( .MILLI., .METRE. ) );
#4658 = CARTESIAN_POINT ( 'NONE',  ( 1.599961143235076433, -12.69999999999999751, 2.238332266187399888 ) ) ;
#4659 =( LENGTH_UNIT ( ) NAMED_UNIT ( * ) SI_UNIT ( .MILLI., .METRE. ) );
#4660 = SURFACE_SIDE_STYLE ('',( #3720 ) ) ;
#4661 = FILL_AREA_STYLE ('',( #915 ) ) ;
#4662 = EDGE_CURVE ( 'NONE', #9447, #6917, #9161, .T. ) ;
#4663 = SURFACE_SIDE_STYLE ('',( #1776 ) ) ;
#4664 = EDGE_LOOP ( 'NONE', ( #901, #1049, #7082, #2437 ) ) ;
#4665 = VECTOR ( 'NONE', #2802, 1000.000000000000000 ) ;
#4666 = CARTESIAN_POINT ( 'NONE',  ( 19.24999999999999645, -9.249999999999994671, -4.000000000000000000 ) ) ;
#4667 = ORIENTED_EDGE ( 'NONE', *, *, #1143, .T. ) ;
#4668 = VECTOR ( 'NONE', #3181, 1000.000000000000000 ) ;
#4669 = SURFACE_STYLE_USAGE ( .BOTH. , #2849 ) ;
#4670 = PRESENTATION_STYLE_ASSIGNMENT (( #11197 ) ) ;
#4671 = CARTESIAN_POINT ( 'NONE',  ( 0.7572373520594096741, -12.70999999999999730, 1.439105014512265912 ) ) ;
#4672 = ORIENTED_EDGE ( 'NONE', *, *, #11793, .T. ) ;
#4673 = SURFACE_SIDE_STYLE ('',( #1669 ) ) ;
#4674 = ORIENTED_EDGE ( 'NONE', *, *, #6330, .T. ) ;
#4675 = B_SPLINE_CURVE_WITH_KNOTS ( 'NONE', 3,
 ( #10841, #8866, #5044, #6941 ),
 .UNSPECIFIED., .F., .F.,
 ( 4, 4 ),
 ( 21.00000000000000000, 22.00000000000000000 ),
 .UNSPECIFIED. ) ;
#4676 = PRESENTATION_STYLE_ASSIGNMENT (( #9012 ) ) ;
#4677 = DIRECTION ( 'NONE',  ( 0.000000000000000000, 0.000000000000000000, -1.000000000000000000 ) ) ;
#4678 =( NAMED_UNIT ( * ) SI_UNIT ( $, .STERADIAN. ) SOLID_ANGLE_UNIT ( ) );
#4679 = EDGE_CURVE ( 'NONE', #6790, #927, #11342, .T. ) ;
#4680 = AXIS2_PLACEMENT_3D ( 'NONE', #122, #6648, #5974 ) ;
#4681 = EDGE_LOOP ( 'NONE', ( #6814, #109, #6699, #9509 ) ) ;
#4682 = EDGE_CURVE ( 'NONE', #2932, #6411, #7535, .T. ) ;
#4683 = CARTESIAN_POINT ( 'NONE',  ( 0.3763393687149931277, -12.70999999999999730, 1.298044523864265276 ) ) ;
#4684 = CARTESIAN_POINT ( 'NONE',  ( -3.621174262048271864, -12.69999999999999751, 1.324234039920944239 ) ) ;
#4685 = LINE ( 'NONE', #1791, #7195 ) ;
#4686 = PLANE ( 'NONE',  #1556 ) ;
#4687 = SURFACE_STYLE_USAGE ( .BOTH. , #47 ) ;
#4688 = VERTEX_POINT ( 'NONE', #10936 ) ;
#4689 = CARTESIAN_POINT ( 'NONE',  ( 0.5567373671960460513, -12.70999999999999730, 1.328544089411771933 ) ) ;
#4690 = DIRECTION ( 'NONE',  ( 0.000000000000000000, 1.000000000000000000, 0.000000000000000000 ) ) ;
#4691 = CARTESIAN_POINT ( 'NONE',  ( 1.514354408125495155, -12.70999999999999730, 2.161043594408120772 ) ) ;
#4692 = COLOUR_RGB ( '',1.000000000000000000, 1.000000000000000000, 1.000000000000000000 ) ;
#4693 = EDGE_LOOP ( 'NONE', ( #11401, #4016, #4597, #9452 ) ) ;
#4694 = CARTESIAN_POINT ( 'NONE',  ( -1.485933197642125947, -12.69999999999999751, 2.770221049609327579 ) ) ;
#4695 = VERTEX_POINT ( 'NONE', #2341 ) ;
#4696 = ORIENTED_EDGE ( 'NONE', *, *, #411, .T. ) ;
#4697 = CARTESIAN_POINT ( 'NONE',  ( 0.9374620575545931089, -12.70999999999999730, 1.511888068654680728 ) ) ;
#4698 = B_SPLINE_SURFACE_WITH_KNOTS ( 'NONE', 3, 1, ( 
 ( #1564, #9089 ),
 ( #12089, #11050 ),
 ( #3634, #8210 ),
 ( #4457, #715 ) ),
 .UNSPECIFIED., .F., .F., .F.,
 ( 4, 4 ),
 ( 2, 2 ),
 ( 1.000000000000000000, 2.000000000000000000 ),
 ( 0.000000000000000000, 1.000000000000000000 ),
 .UNSPECIFIED. ) ;
#4699 = SURFACE_STYLE_FILL_AREA ( #10312 ) ;
#4700 = B_SPLINE_CURVE_WITH_KNOTS ( 'NONE', 3,
 ( #3527, #10141, #6329, #3465 ),
 .UNSPECIFIED., .F., .F.,
 ( 4, 4 ),
 ( 8.000000000000000000, 9.000000000000000000 ),
 .UNSPECIFIED. ) ;
#4701 = VECTOR ( 'NONE', #10358, 1000.000000000000000 ) ;
#4702 = SURFACE_STYLE_FILL_AREA ( #1869 ) ;
#4703 = LINE ( 'NONE', #7366, #9674 ) ;
#4704 = VECTOR ( 'NONE', #2374, 1000.000000000000000 ) ;
#4705 = LINE ( 'NONE', #3503, #6356 ) ;
#4706 =( NAMED_UNIT ( * ) PLANE_ANGLE_UNIT ( ) SI_UNIT ( $, .RADIAN. ) );
#4707 = EDGE_CURVE ( 'NONE', #1661, #9924, #3529, .T. ) ;
#4708 = FACE_OUTER_BOUND ( 'NONE', #609, .T. ) ;
#4709 = CARTESIAN_POINT ( 'NONE',  ( 0.5567373671960460513, -12.69999999999999751, 1.328544089411771933 ) ) ;
#4710 = PRESENTATION_LAYER_ASSIGNMENT (  '', '', ( #7264 ) ) ;
#4711 =( NAMED_UNIT ( * ) PLANE_ANGLE_UNIT ( ) SI_UNIT ( $, .RADIAN. ) );
#4712 = CARTESIAN_POINT ( 'NONE',  ( 2.176853493808293294, -12.70999999999999730, 1.085587322965344104 ) ) ;
#4713 =( GEOMETRIC_REPRESENTATION_CONTEXT ( 3 ) GLOBAL_UNCERTAINTY_ASSIGNED_CONTEXT ( ( #5098 ) ) GLOBAL_UNIT_ASSIGNED_CONTEXT ( ( #8711, #1266, #5916 ) ) REPRESENTATION_CONTEXT ( 'NONE', 'WORKASPACE' ) );
#4714 = STYLED_ITEM ( 'NONE', ( #6813 ), #11374 ) ;
#4715 =( LENGTH_UNIT ( ) NAMED_UNIT ( * ) SI_UNIT ( .MILLI., .METRE. ) );
#4716 = ORIENTED_EDGE ( 'NONE', *, *, #7025, .F. ) ;
#4717 = EDGE_CURVE ( 'NONE', #4797, #660, #5748, .T. ) ;
#4718 = ORIENTED_EDGE ( 'NONE', *, *, #9362, .T. ) ;
#4719 = B_SPLINE_CURVE_WITH_KNOTS ( 'NONE', 3,
 ( #1874, #3447, #5382, #4459 ),
 .UNSPECIFIED., .F., .F.,
 ( 4, 4 ),
 ( 6.000000000000000000, 7.000000000000000000 ),
 .UNSPECIFIED. ) ;
#4720 = ORIENTED_EDGE ( 'NONE', *, *, #685, .F. ) ;
#4721 =( LENGTH_UNIT ( ) NAMED_UNIT ( * ) SI_UNIT ( .MILLI., .METRE. ) );
#4722 = CARTESIAN_POINT ( 'NONE',  ( -2.931920276282881765, -12.69999999999999751, 2.620802379916723268 ) ) ;
#4723 = COLOUR_RGB ( '',1.000000000000000000, 1.000000000000000000, 1.000000000000000000 ) ;
#4724 = PRESENTATION_STYLE_ASSIGNMENT (( #12044 ) ) ;
#4725 = VECTOR ( 'NONE', #409, 1000.000000000000000 ) ;
#4726 = SURFACE_STYLE_USAGE ( .BOTH. , #5749 ) ;
#4727 =( NAMED_UNIT ( * ) PLANE_ANGLE_UNIT ( ) SI_UNIT ( $, .RADIAN. ) );
#4728 = MECHANICAL_DESIGN_GEOMETRIC_PRESENTATION_REPRESENTATION (  '', ( #10031 ), #11591 ) ;
#4729 = FILL_AREA_STYLE_COLOUR ( '', #3988 ) ;
#4730 = ADVANCED_FACE ( 'NONE', ( #11901 ), #3440, .T. ) ;
#4731 = CARTESIAN_POINT ( 'NONE',  ( 0.9457801208848780616, -12.70999999999999730, 1.580858677103661680 ) ) ;
#4732 = LINE ( 'NONE', #4538, #4385 ) ;
#4733 = PLANE ( 'NONE',  #4289 ) ;
#4734 = AXIS2_PLACEMENT_3D ( 'NONE', #5807, #1276, #8660 ) ;
#4735 = ORIENTED_EDGE ( 'NONE', *, *, #3830, .F. ) ;
#4736 = ORIENTED_EDGE ( 'NONE', *, *, #4707, .T. ) ;
#4737 = CARTESIAN_POINT ( 'NONE',  ( 0.9457801208848780616, -12.70999999999999730, 1.074149985885020087 ) ) ;
#4738 = SURFACE_STYLE_FILL_AREA ( #221 ) ;
#4739 = CARTESIAN_POINT ( 'NONE',  ( -2.141447308090255852, -12.69999999999999751, 3.020858839633884685 ) ) ;
#4740 = DIRECTION ( 'NONE',  ( -0.000000000000000000, -0.000000000000000000, 1.000000000000000000 ) ) ;
#4741 = ORIENTED_EDGE ( 'NONE', *, *, #5759, .T. ) ;
#4742 = CARTESIAN_POINT ( 'NONE',  ( 0.5118544838086782622, -12.70999999999999730, 2.149606257327805636 ) ) ;
#4743 = FILL_AREA_STYLE_COLOUR ( '', #9395 ) ;
#4744 =( LENGTH_UNIT ( ) NAMED_UNIT ( * ) SI_UNIT ( .MILLI., .METRE. ) );
#4745 = B_SPLINE_CURVE_WITH_KNOTS ( 'NONE', 3,
 ( #8387, #10177, #5480, #12133 ),
 .UNSPECIFIED., .F., .F.,
 ( 4, 4 ),
 ( 10.00000000000000000, 11.00000000000000000 ),
 .UNSPECIFIED. ) ;
#4746 = ORIENTED_EDGE ( 'NONE', *, *, #10740, .T. ) ;
#4747 = EDGE_CURVE ( 'NONE', #6546, #927, #4508, .T. ) ;
#4748 = CARTESIAN_POINT ( 'NONE',  ( 2.611992181780864897, -12.70999999999999730, 1.579125747240496702 ) ) ;
#4749 = UNCERTAINTY_MEASURE_WITH_UNIT (LENGTH_MEASURE( 1.000000000000000082E-05 ), #275, 'distance_accuracy_value', 'NONE');
#4750 = DIRECTION ( 'NONE',  ( 0.000000000000000000, 0.000000000000000000, -1.000000000000000000 ) ) ;
#4751 = CARTESIAN_POINT ( 'NONE',  ( -0.1057617184844371061, -12.70999999999999730, 1.162875994744636765 ) ) ;
#4752 = CARTESIAN_POINT ( 'NONE',  ( 0.4281539715458249074, -12.70999999999999730, 1.143813766277427035 ) ) ;
#4753 = ORIENTED_EDGE ( 'NONE', *, *, #1601, .F. ) ;
#4754 = EDGE_CURVE ( 'NONE', #39, #7737, #11106, .T. ) ;
#4755 = PRESENTATION_LAYER_ASSIGNMENT (  '', '', ( #5335 ) ) ;
#4756 = CARTESIAN_POINT ( 'NONE',  ( 0.1919556315546779024, -12.69999999999999751, 2.487180994157543790 ) ) ;
#4757 = ORIENTED_EDGE ( 'NONE', *, *, #11349, .F. ) ;
#4758 = COLOUR_RGB ( '',1.000000000000000000, 1.000000000000000000, 1.000000000000000000 ) ;
#4759 = SURFACE_STYLE_USAGE ( .BOTH. , #2641 ) ;
#4760 = ORIENTED_EDGE ( 'NONE', *, *, #4707, .F. ) ;
#4761 = CARTESIAN_POINT ( 'NONE',  ( 1.372427452548226290, -12.70999999999999730, 1.205159483339544479 ) ) ;
#4762 = FACE_OUTER_BOUND ( 'NONE', #5548, .T. ) ;
#4763 = VECTOR ( 'NONE', #5945, 1000.000000000000000 ) ;
#4764 = ADVANCED_FACE ( 'NONE', ( #11279 ), #11160, .F. ) ;
#4765 = VECTOR ( 'NONE', #10965, 1000.000000000000000 ) ;
#4766 = CARTESIAN_POINT ( 'NONE',  ( 0.9374620575545931089, -12.70999999999999730, 1.511888068654680728 ) ) ;
#4767 = CARTESIAN_POINT ( 'NONE',  ( 0.3479193190023711080, -12.69999999999999751, 1.565955480301605363 ) ) ;
#4768 = VECTOR ( 'NONE', #1021, 1000.000000000000000 ) ;
#4769 = COLOUR_RGB ( '',1.000000000000000000, 1.000000000000000000, 1.000000000000000000 ) ;
#4770 = FACE_OUTER_BOUND ( 'NONE', #7451, .T. ) ;
#4771 = CARTESIAN_POINT ( 'NONE',  ( 0.8632926595230211442, -12.70999999999999730, 1.401673729525910739 ) ) ;
#4772 = ORIENTED_EDGE ( 'NONE', *, *, #2803, .T. ) ;
#4773 = VECTOR ( 'NONE', #3698, 1000.000000000000000 ) ;
#4774 = LINE ( 'NONE', #11414, #7317 ) ;
#4775 =( LENGTH_UNIT ( ) NAMED_UNIT ( * ) SI_UNIT ( .MILLI., .METRE. ) );
#4776 = COLOUR_RGB ( '',1.000000000000000000, 1.000000000000000000, 1.000000000000000000 ) ;
#4777 = CARTESIAN_POINT ( 'NONE',  ( 1.367228662967949537, -12.69999999999999751, 1.188176770707219276 ) ) ;
#4778 = DIRECTION ( 'NONE',  ( 1.000000000000000000, 0.000000000000000000, 0.000000000000000000 ) ) ;
#4779 = MECHANICAL_DESIGN_GEOMETRIC_PRESENTATION_REPRESENTATION (  '', ( #31 ), #1632 ) ;
#4780 = ORIENTED_EDGE ( 'NONE', *, *, #12144, .F. ) ;
#4781 = VERTEX_POINT ( 'NONE', #7359 ) ;
#4782 = CARTESIAN_POINT ( 'NONE',  ( 0.8705709649381874193, -12.69999999999999751, 1.493865598102612102 ) ) ;
#4783 = FACE_OUTER_BOUND ( 'NONE', #5100, .T. ) ;
#4784 = DIRECTION ( 'NONE',  ( -0.000000000000000000, 1.000000000000000000, -0.000000000000000000 ) ) ;
#4785 = FILL_AREA_STYLE_COLOUR ( '', #4776 ) ;
#4786 = SURFACE_STYLE_FILL_AREA ( #1207 ) ;
#4787 = SURFACE_STYLE_USAGE ( .BOTH. , #1946 ) ;
#4788 = CARTESIAN_POINT ( 'NONE',  ( 1.199827638437622745, -12.70999999999999730, 2.238332266187399888 ) ) ;
#4789 =( NAMED_UNIT ( * ) PLANE_ANGLE_UNIT ( ) SI_UNIT ( $, .RADIAN. ) );
#4790 = PRESENTATION_STYLE_ASSIGNMENT (( #1841 ) ) ;
#4791 = DIRECTION ( 'NONE',  ( 0.000000000000000000, 0.000000000000000000, 1.000000000000000000 ) ) ;
#4792 = SURFACE_STYLE_FILL_AREA ( #4661 ) ;
#4793 = CARTESIAN_POINT ( 'NONE',  ( -1.370254150449937702, -12.70999999999999730, 2.664181976646810224 ) ) ;
#4794 = COLOUR_RGB ( '',1.000000000000000000, 1.000000000000000000, 1.000000000000000000 ) ;
#4795 = EDGE_CURVE ( 'NONE', #4284, #6790, #4745, .T. ) ;
#4796 = PLANE ( 'NONE',  #6713 ) ;
#4797 = VERTEX_POINT ( 'NONE', #6538 ) ;
#4798 = SURFACE_SIDE_STYLE ('',( #3077 ) ) ;
#4799 = DIRECTION ( 'NONE',  ( -0.000000000000000000, -0.000000000000000000, -1.000000000000000000 ) ) ;
#4800 = CARTESIAN_POINT ( 'NONE',  ( 1.879829315710288773, -12.69999999999999751, 2.508669324431330505 ) ) ;
#4801 = CARTESIAN_POINT ( 'NONE',  ( 1.517820267842606929, -12.70999999999999730, 2.760983912123202266 ) ) ;
#4802 = LINE ( 'NONE', #9420, #11828 ) ;
#4803 = ORIENTED_EDGE ( 'NONE', *, *, #5767, .T. ) ;
#4804 = FACE_OUTER_BOUND ( 'NONE', #7630, .T. ) ;
#4805 = DIRECTION ( 'NONE',  ( 0.000000000000000000, -1.000000000000000000, 0.000000000000000000 ) ) ;
#4806 = PLANE ( 'NONE',  #8645 ) ;
#4807 = DIRECTION ( 'NONE',  ( 1.000000000000000000, 0.000000000000000000, 0.000000000000000000 ) ) ;
#4808 = ORIENTED_EDGE ( 'NONE', *, *, #11937, .F. ) ;
#4809 = SURFACE_STYLE_FILL_AREA ( #1241 ) ;
#4810 = DIRECTION ( 'NONE',  ( -0.000000000000000000, 0.000000000000000000, -1.000000000000000000 ) ) ;
#4811 =( GEOMETRIC_REPRESENTATION_CONTEXT ( 3 ) GLOBAL_UNCERTAINTY_ASSIGNED_CONTEXT ( ( #5708 ) ) GLOBAL_UNIT_ASSIGNED_CONTEXT ( ( #5652, #6527, #3672 ) ) REPRESENTATION_CONTEXT ( 'NONE', 'WORKASPACE' ) );
#4812 = ORIENTED_EDGE ( 'NONE', *, *, #308, .T. ) ;
#4813 =( LENGTH_UNIT ( ) NAMED_UNIT ( * ) SI_UNIT ( .MILLI., .METRE. ) );
#4814 = EDGE_CURVE ( 'NONE', #3243, #8483, #10308, .T. ) ;
#4815 = CARTESIAN_POINT ( 'NONE',  ( -3.519955003823156847, -12.69999999999999751, 1.859249403353907093 ) ) ;
#4816 = ORIENTED_EDGE ( 'NONE', *, *, #4359, .F. ) ;
#4817 = B_SPLINE_CURVE_WITH_KNOTS ( 'NONE', 3,
 ( #7481, #2645, #2592, #11906 ),
 .UNSPECIFIED., .F., .F.,
 ( 4, 4 ),
 ( 3.000000000000000000, 4.000000000000000000 ),
 .UNSPECIFIED. ) ;
#4818 = CARTESIAN_POINT ( 'NONE',  ( -2.931920276282881765, -12.70999999999999730, 2.620802379916723268 ) ) ;
#4819 = ORIENTED_EDGE ( 'NONE', *, *, #1863, .T. ) ;
#4820 = ORIENTED_EDGE ( 'NONE', *, *, #11811, .F. ) ;
#4821 = ADVANCED_FACE ( 'NONE', ( #6426 ), #824, .F. ) ;
#4822 = DIRECTION ( 'NONE',  ( -0.3897582650654661252, -0.000000000000000000, -0.9209172030172733114 ) ) ;
#4823 = VERTEX_POINT ( 'NONE', #7637 ) ;
#4824 =( GEOMETRIC_REPRESENTATION_CONTEXT ( 3 ) GLOBAL_UNCERTAINTY_ASSIGNED_CONTEXT ( ( #11028 ) ) GLOBAL_UNIT_ASSIGNED_CONTEXT ( ( #5954, #8502, #5707 ) ) REPRESENTATION_CONTEXT ( 'NONE', 'WORKASPACE' ) );
#4825 = UNCERTAINTY_MEASURE_WITH_UNIT (LENGTH_MEASURE( 1.000000000000000082E-05 ), #7471, 'distance_accuracy_value', 'NONE');
#4826 =( NAMED_UNIT ( * ) SI_UNIT ( $, .STERADIAN. ) SOLID_ANGLE_UNIT ( ) );
#4827 = CARTESIAN_POINT ( 'NONE',  ( 0.4006003867624792769, -12.69999999999999751, 1.511888068654680728 ) ) ;
#4828 = DIRECTION ( 'NONE',  ( -1.000000000000000000, -0.000000000000000000, -0.000000000000000000 ) ) ;
#4829 = EDGE_LOOP ( 'NONE', ( #117, #12102, #9462, #11134 ) ) ;
#4830 = SURFACE_SIDE_STYLE ('',( #10501 ) ) ;
#4831 = DIRECTION ( 'NONE',  ( -1.000000000000000000, 0.000000000000000000, 0.000000000000000000 ) ) ;
#4832 = AXIS2_PLACEMENT_3D ( 'NONE', #9478, #1160, #1046 ) ;
#4833 = EDGE_CURVE ( 'NONE', #4443, #10629, #10659, .T. ) ;
#4834 = SURFACE_SIDE_STYLE ('',( #6770 ) ) ;
#4835 = DIRECTION ( 'NONE',  ( -0.000000000000000000, 0.000000000000000000, 1.000000000000000000 ) ) ;
#4836 = VERTEX_POINT ( 'NONE', #183 ) ;
#4837 = EDGE_LOOP ( 'NONE', ( #9345, #7245, #9944, #6123 ) ) ;
#4838 = CARTESIAN_POINT ( 'NONE',  ( -3.823612456736237952, -12.69999999999999751, 2.056867392582908849 ) ) ;
#4839 = MECHANICAL_DESIGN_GEOMETRIC_PRESENTATION_REPRESENTATION (  '', ( #4445 ), #6002 ) ;
#4840 = LINE ( 'NONE', #8589, #2950 ) ;
#4841 = EDGE_LOOP ( 'NONE', ( #5623, #4243, #8685, #3380 ) ) ;
#4842 = CARTESIAN_POINT ( 'NONE',  ( 2.269218655370840665, -12.69999999999999751, 2.838965755845903161 ) ) ;
#4843 = CARTESIAN_POINT ( 'NONE',  ( 1.763723015057820698, -12.70999999999999730, 2.355824910731326494 ) ) ;
#4844 = CARTESIAN_POINT ( 'NONE',  ( 0.9227321537406988350, -12.70999999999999730, 2.466385835831798712 ) ) ;
#4845 = DIRECTION ( 'NONE',  ( -0.000000000000000000, 1.000000000000000000, -0.000000000000000000 ) ) ;
#4846 = SURFACE_STYLE_FILL_AREA ( #4900 ) ;
#4847 = CARTESIAN_POINT ( 'NONE',  ( -2.633082890924043351, -12.69999999999999751, 1.733930496851108449 ) ) ;
#4848 = DIRECTION ( 'NONE',  ( 1.000000000000000000, 0.000000000000000000, -0.000000000000000000 ) ) ;
#4849 = B_SPLINE_SURFACE_WITH_KNOTS ( 'NONE', 3, 1, ( 
 ( #4697, #7361 ),
 ( #10243, #1806 ),
 ( #12083, #1741 ),
 ( #5483, #11340 ) ),
 .UNSPECIFIED., .F., .F., .F.,
 ( 4, 4 ),
 ( 2, 2 ),
 ( 10.00000000000000000, 11.00000000000000000 ),
 ( 0.000000000000000000, 1.000000000000000000 ),
 .UNSPECIFIED. ) ;
#4850 = ORIENTED_EDGE ( 'NONE', *, *, #11569, .T. ) ;
#4851 = SURFACE_SIDE_STYLE ('',( #6792 ) ) ;
#4852 = SURFACE_SIDE_STYLE ('',( #276 ) ) ;
#4853 = PRESENTATION_STYLE_ASSIGNMENT (( #1110 ) ) ;
#4854 = FACE_OUTER_BOUND ( 'NONE', #4115, .T. ) ;
#4855 = SURFACE_STYLE_FILL_AREA ( #2132 ) ;
#4856 = ORIENTED_EDGE ( 'NONE', *, *, #11939, .T. ) ;
#4857 = FILL_AREA_STYLE ('',( #3850 ) ) ;
#4858 = CARTESIAN_POINT ( 'NONE',  ( -2.777681607981459244, -12.70999999999999730, 1.733930496851108449 ) ) ;
#4859 = ADVANCED_FACE ( 'NONE', ( #116 ), #2213, .F. ) ;
#4860 = ADVANCED_FACE ( 'NONE', ( #5898 ), #3187, .F. ) ;
#4861 = ORIENTED_EDGE ( 'NONE', *, *, #6865, .F. ) ;
#4862 = PLANE ( 'NONE',  #4428 ) ;
#4863 = UNCERTAINTY_MEASURE_WITH_UNIT (LENGTH_MEASURE( 1.000000000000000082E-05 ), #2314, 'distance_accuracy_value', 'NONE');
#4864 = SURFACE_STYLE_USAGE ( .BOTH. , #7751 ) ;
#4865 = CARTESIAN_POINT ( 'NONE',  ( 0.5203458401248410858, -12.69999999999999751, 1.183324567098666957 ) ) ;
#4866 = CARTESIAN_POINT ( 'NONE',  ( 0.1366751690044200052, -12.69999999999999751, 1.468564822140002502 ) ) ;
#4867 =( GEOMETRIC_REPRESENTATION_CONTEXT ( 3 ) GLOBAL_UNCERTAINTY_ASSIGNED_CONTEXT ( ( #124 ) ) GLOBAL_UNIT_ASSIGNED_CONTEXT ( ( #7409, #9148, #705 ) ) REPRESENTATION_CONTEXT ( 'NONE', 'WORKASPACE' ) );
#4868 = SURFACE_SIDE_STYLE ('',( #10302 ) ) ;
#4869 = EDGE_CURVE ( 'NONE', #2551, #11027, #8120, .T. ) ;
#4870 = VERTEX_POINT ( 'NONE', #8065 ) ;
#4871 = CARTESIAN_POINT ( 'NONE',  ( 1.372947331505797175, -12.69999999999999751, 1.012457682851205520 ) ) ;
#4872 = ORIENTED_EDGE ( 'NONE', *, *, #1204, .T. ) ;
#4873 = UNCERTAINTY_MEASURE_WITH_UNIT (LENGTH_MEASURE( 1.000000000000000082E-05 ), #8454, 'distance_accuracy_value', 'NONE');
#4874 = SURFACE_STYLE_USAGE ( .BOTH. , #1309 ) ;
#4875 = EDGE_CURVE ( 'NONE', #7999, #9126, #3426, .T. ) ;
#4876 = FILL_AREA_STYLE_COLOUR ( '', #7401 ) ;
#4877 =( GEOMETRIC_REPRESENTATION_CONTEXT ( 3 ) GLOBAL_UNCERTAINTY_ASSIGNED_CONTEXT ( ( #4584 ) ) GLOBAL_UNIT_ASSIGNED_CONTEXT ( ( #5305, #8327, #4390 ) ) REPRESENTATION_CONTEXT ( 'NONE', 'WORKASPACE' ) );
#4878 = CARTESIAN_POINT ( 'NONE',  ( 2.219483568374898574, -12.69999999999999751, 2.752319262821193213 ) ) ;
#4879 =( LENGTH_UNIT ( ) NAMED_UNIT ( * ) SI_UNIT ( .MILLI., .METRE. ) );
#4880 = VECTOR ( 'NONE', #11605, 1000.000000000000000 ) ;
#4881 = CARTESIAN_POINT ( 'NONE',  ( 0.3468795610872523194, -12.70999999999999730, 1.180205293348632001 ) ) ;
#4882 = PRESENTATION_STYLE_ASSIGNMENT (( #9573 ) ) ;
#4883 =( GEOMETRIC_REPRESENTATION_CONTEXT ( 3 ) GLOBAL_UNCERTAINTY_ASSIGNED_CONTEXT ( ( #9011 ) ) GLOBAL_UNIT_ASSIGNED_CONTEXT ( ( #597, #3401, #850 ) ) REPRESENTATION_CONTEXT ( 'NONE', 'WORKASPACE' ) );
#4884 = SURFACE_STYLE_FILL_AREA ( #2061 ) ;
#4885 = VERTEX_POINT ( 'NONE', #4442 ) ;
#4886 = VECTOR ( 'NONE', #6998, 1000.000000000000000 ) ;
#4887 = ORIENTED_EDGE ( 'NONE', *, *, #1070, .T. ) ;
#4888 = CARTESIAN_POINT ( 'NONE',  ( 1.621622766490103729, -12.70999999999999730, 2.161043594408120772 ) ) ;
#4889 = DIRECTION ( 'NONE',  ( 1.000000000000000000, -0.000000000000000000, -0.000000000000000000 ) ) ;
#4890 = LINE ( 'NONE', #3829, #5157 ) ;
#4891 = ORIENTED_EDGE ( 'NONE', *, *, #2042, .F. ) ;
#4892 = VECTOR ( 'NONE', #10728, 1000.000000000000000 ) ;
#4893 = ORIENTED_EDGE ( 'NONE', *, *, #10357, .F. ) ;
#4894 = EDGE_CURVE ( 'NONE', #7820, #2097, #6950, .T. ) ;
#4895 = LINE ( 'NONE', #4844, #11442 ) ;
#4896 = CARTESIAN_POINT ( 'NONE',  ( 0.3503454208066740794, -12.70999999999999730, 2.298984811306086673 ) ) ;
#4897 =( GEOMETRIC_REPRESENTATION_CONTEXT ( 3 ) GLOBAL_UNCERTAINTY_ASSIGNED_CONTEXT ( ( #10505 ) ) GLOBAL_UNIT_ASSIGNED_CONTEXT ( ( #4775, #8342, #1022 ) ) REPRESENTATION_CONTEXT ( 'NONE', 'WORKASPACE' ) );
#4898 = MECHANICAL_DESIGN_GEOMETRIC_PRESENTATION_REPRESENTATION (  '', ( #11975 ), #575 ) ;
#4899 = MECHANICAL_DESIGN_GEOMETRIC_PRESENTATION_REPRESENTATION (  '', ( #3290 ), #10023 ) ;
#4900 = FILL_AREA_STYLE ('',( #5931 ) ) ;
#4901 =( NAMED_UNIT ( * ) PLANE_ANGLE_UNIT ( ) SI_UNIT ( $, .RADIAN. ) );
#4902 = SURFACE_STYLE_USAGE ( .BOTH. , #1159 ) ;
#4903 = CARTESIAN_POINT ( 'NONE',  ( 0.2898661686738288057, -12.69999999999999751, 2.750586332958024460 ) ) ;
#4904 = COLOUR_RGB ( '',0.7529411764705882248, 0.7529411764705882248, 0.7529411764705882248 ) ;
#4905 = EDGE_LOOP ( 'NONE', ( #4270, #8792, #5589, #3262 ) ) ;
#4906 = MECHANICAL_DESIGN_GEOMETRIC_PRESENTATION_REPRESENTATION (  '', ( #1763 ), #5301 ) ;
#4907 = VECTOR ( 'NONE', #9817, 1000.000000000000000 ) ;
#4908 = COLOUR_RGB ( '',1.000000000000000000, 1.000000000000000000, 1.000000000000000000 ) ;
#4909 = DIRECTION ( 'NONE',  ( -0.000000000000000000, 1.000000000000000000, -0.000000000000000000 ) ) ;
#4910 = CARTESIAN_POINT ( 'NONE',  ( -2.782501675538016084, -12.69999999999999751, 1.054316140560536796 ) ) ;
#4911 = CARTESIAN_POINT ( 'NONE',  ( -2.295685976389368665, -12.70999999999999730, 1.295314370058009423 ) ) ;
#4912 = ORIENTED_EDGE ( 'NONE', *, *, #9413, .T. ) ;
#4913 = ADVANCED_FACE ( 'NONE', ( #11825 ), #1479, .F. ) ;
#4914 = FILL_AREA_STYLE ('',( #9720 ) ) ;
#4915 = LINE ( 'NONE', #1170, #703 ) ;
#4916 = AXIS2_PLACEMENT_3D ( 'NONE', #9787, #3156, #5228 ) ;
#4917 = CARTESIAN_POINT ( 'NONE',  ( 1.184404562680328565, -12.70999999999999730, 2.838965755845903161 ) ) ;
#4918 = CARTESIAN_POINT ( 'NONE',  ( 0.1642287537877698267, -12.69999999999999751, 2.161043594408120772 ) ) ;
#4919 = ORIENTED_EDGE ( 'NONE', *, *, #175, .T. ) ;
#4920 =( LENGTH_UNIT ( ) NAMED_UNIT ( * ) SI_UNIT ( .MILLI., .METRE. ) );
#4921 = DIRECTION ( 'NONE',  ( 1.000000000000000000, 0.000000000000000000, -0.000000000000000000 ) ) ;
#4922 = LINE ( 'NONE', #8745, #5684 ) ;
#4923 = CARTESIAN_POINT ( 'NONE',  ( 0.5210390120705497008, -12.69999999999999751, 1.102916621569366429 ) ) ;
#4924 = CARTESIAN_POINT ( 'NONE',  ( 0.6995307877048746459, -12.70999999999999730, 2.731177518523737469 ) ) ;
#4925 =( NAMED_UNIT ( * ) SI_UNIT ( $, .STERADIAN. ) SOLID_ANGLE_UNIT ( ) );
#4926 = CARTESIAN_POINT ( 'NONE',  ( 0.9965549657982581966, -12.69999999999999751, 1.208971929032973902 ) ) ;
#4927 = UNCERTAINTY_MEASURE_WITH_UNIT (LENGTH_MEASURE( 1.000000000000000082E-05 ), #1895, 'distance_accuracy_value', 'NONE');
#4928 = STYLED_ITEM ( 'NONE', ( #5733 ), #3954 ) ;
#4929 = PRESENTATION_STYLE_ASSIGNMENT (( #2983 ) ) ;
#4930 = VERTEX_POINT ( 'NONE', #623 ) ;
#4931 = AXIS2_PLACEMENT_3D ( 'NONE', #3998, #9558, #6638 ) ;
#4932 = CARTESIAN_POINT ( 'NONE',  ( -2.719842176319917648, -12.70999999999999730, 2.832880502860726679 ) ) ;
#4933 = PRESENTATION_STYLE_ASSIGNMENT (( #6757 ) ) ;
#4934 = ORIENTED_EDGE ( 'NONE', *, *, #462, .T. ) ;
#4935 = ORIENTED_EDGE ( 'NONE', *, *, #4426, .T. ) ;
#4936 = SURFACE_STYLE_FILL_AREA ( #9737 ) ;
#4937 = ORIENTED_EDGE ( 'NONE', *, *, #1876, .T. ) ;
#4938 = EDGE_CURVE ( 'NONE', #927, #6055, #9315, .T. ) ;
#4939 = EDGE_CURVE ( 'NONE', #3070, #4272, #8130, .T. ) ;
#4940 = CARTESIAN_POINT ( 'NONE',  ( -2.989759891813533965, -12.69999999999999751, 0.7651190741792978089 ) ) ;
#4941 = STYLED_ITEM ( 'NONE', ( #1181 ), #9471 ) ;
#4942 = STYLED_ITEM ( 'NONE', ( #8549 ), #4178 ) ;
#4943 = CARTESIAN_POINT ( 'NONE',  ( 22.04999999999999716, 11.90000000000000036, 20.69999999999999929 ) ) ;
#4944 = CARTESIAN_POINT ( 'NONE',  ( 0.3550243314316907650, -12.70999999999999730, 2.696172335339371173 ) ) ;
#4945 =( GEOMETRIC_REPRESENTATION_CONTEXT ( 3 ) GLOBAL_UNCERTAINTY_ASSIGNED_CONTEXT ( ( #815 ) ) GLOBAL_UNIT_ASSIGNED_CONTEXT ( ( #10147, #8301, #10279 ) ) REPRESENTATION_CONTEXT ( 'NONE', 'WORKASPACE' ) );
#4946 = DIRECTION ( 'NONE',  ( -0.000000000000000000, -0.000000000000000000, -1.000000000000000000 ) ) ;
#4947 = CARTESIAN_POINT ( 'NONE',  ( -3.751313098209840380, -12.70999999999999730, 1.468832573111563677 ) ) ;
#4948 = LINE ( 'NONE', #2108, #11941 ) ;
#4949 = SURFACE_SIDE_STYLE ('',( #2059 ) ) ;
#4951 =( GEOMETRIC_REPRESENTATION_CONTEXT ( 3 ) GLOBAL_UNCERTAINTY_ASSIGNED_CONTEXT ( ( #11829 ) ) GLOBAL_UNIT_ASSIGNED_CONTEXT ( ( #988, #3789, #4982 ) ) REPRESENTATION_CONTEXT ( 'NONE', 'WORKASPACE' ) );
#4950 = UNCERTAINTY_MEASURE_WITH_UNIT (LENGTH_MEASURE( 1.000000000000000082E-05 ), #2350, 'distance_accuracy_value', 'NONE');
#4952 =( NAMED_UNIT ( * ) PLANE_ANGLE_UNIT ( ) SI_UNIT ( $, .RADIAN. ) );
#4953 = VECTOR ( 'NONE', #806, 1000.000000000000000 ) ;
#4954 = PRESENTATION_LAYER_ASSIGNMENT (  '', '', ( #5904 ) ) ;
#4955 = VECTOR ( 'NONE', #11671, 1000.000000000000000 ) ;
#4956 = VECTOR ( 'NONE', #11356, 1000.000000000000000 ) ;
#4957 = LINE ( 'NONE', #6835, #10658 ) ;
#4958 = CARTESIAN_POINT ( 'NONE',  ( 0.8116513496803728911, -12.70999999999999730, 1.542387634197562862 ) ) ;
#4959 = CARTESIAN_POINT ( 'NONE',  ( 2.626548792611196781, -12.69999999999999751, 1.673743717628395355 ) ) ;
#4960 = MECHANICAL_DESIGN_GEOMETRIC_PRESENTATION_REPRESENTATION (  '', ( #8106 ), #1818 ) ;
#4961 = STYLED_ITEM ( 'NONE', ( #6563 ), #8695 ) ;
#4962 = SURFACE_STYLE_USAGE ( .BOTH. , #6731 ) ;
#4963 = CARTESIAN_POINT ( 'NONE',  ( 0.8858207477119407480, -12.70999999999999730, 1.298391109835989488 ) ) ;
#4964 = COLOUR_RGB ( '',1.000000000000000000, 1.000000000000000000, 1.000000000000000000 ) ;
#4965 = FACE_OUTER_BOUND ( 'NONE', #11314, .T. ) ;
#4966 = CARTESIAN_POINT ( 'NONE',  ( 2.448923481906140509, -12.70999999999999730, 1.162875994744636765 ) ) ;
#4967 = LINE ( 'NONE', #9761, #9804 ) ;
#4968 = ORIENTED_EDGE ( 'NONE', *, *, #5523, .F. ) ;
#4969 = STYLED_ITEM ( 'NONE', ( #6647 ), #6621 ) ;
#4970 = CARTESIAN_POINT ( 'NONE',  ( 2.928251881327281758, -12.70999999999999730, 1.271010818038490475 ) ) ;
#4971 = CARTESIAN_POINT ( 'NONE',  ( 2.176853493808293294, -12.69999999999999751, 1.085587322965344104 ) ) ;
#4972 = FILL_AREA_STYLE ('',( #10755 ) ) ;
#4973 = B_SPLINE_CURVE_WITH_KNOTS ( 'NONE', 3,
 ( #9772, #5943, #1165, #4801 ),
 .UNSPECIFIED., .F., .F.,
 ( 4, 4 ),
 ( 5.000000000000000000, 6.000000000000000000 ),
 .UNSPECIFIED. ) ;
#4974 = CARTESIAN_POINT ( 'NONE',  ( -1.225655433392526916, -12.70999999999999730, 2.389444423432443010 ) ) ;
#4975 = ORIENTED_EDGE ( 'NONE', *, *, #696, .F. ) ;
#4976 = EDGE_CURVE ( 'NONE', #10194, #7027, #10921, .T. ) ;
#4977 = ORIENTED_EDGE ( 'NONE', *, *, #3374, .T. ) ;
#4978 = CARTESIAN_POINT ( 'NONE',  ( 0.5388881896321431331, -12.69999999999999751, 2.850403092926218296 ) ) ;
#4979 = CARTESIAN_POINT ( 'NONE',  ( 0.1559106904551700312, -12.70999999999999730, 1.685527640680425820 ) ) ;
#4980 = SURFACE_SIDE_STYLE ('',( #4738 ) ) ;
#4981 =( LENGTH_UNIT ( ) NAMED_UNIT ( * ) SI_UNIT ( .MILLI., .METRE. ) );
#4982 =( NAMED_UNIT ( * ) SI_UNIT ( $, .STERADIAN. ) SOLID_ANGLE_UNIT ( ) );
#4983 = VERTEX_POINT ( 'NONE', #1541 ) ;
#4984 = B_SPLINE_CURVE_WITH_KNOTS ( 'NONE', 3,
 ( #10199, #5441, #9217, #10325 ),
 .UNSPECIFIED., .F., .F.,
 ( 4, 4 ),
 ( 5.000000000000000000, 6.000000000000000000 ),
 .UNSPECIFIED. ) ;
#4985 = SURFACE_STYLE_USAGE ( .BOTH. , #8670 ) ;
#4986 = CARTESIAN_POINT ( 'NONE',  ( 2.430727718372849733, -12.70999999999999730, 2.161043594408120772 ) ) ;
#4987 =( NAMED_UNIT ( * ) SI_UNIT ( $, .STERADIAN. ) SOLID_ANGLE_UNIT ( ) );
#4988 = PRESENTATION_LAYER_ASSIGNMENT (  '', '', ( #11086 ) ) ;
#4989 = SURFACE_STYLE_USAGE ( .BOTH. , #7063 ) ;
#4990 = EDGE_CURVE ( 'NONE', #7150, #1860, #9459, .T. ) ;
#4991 = SURFACE_SIDE_STYLE ('',( #4809 ) ) ;
#4992 = CARTESIAN_POINT ( 'NONE',  ( 0.5567373671960460513, -12.69999999999999751, 1.472377267833436143 ) ) ;
#4993 = CARTESIAN_POINT ( 'NONE',  ( 3.183512449787953891, -12.70999999999999730, 1.347606317874361359 ) ) ;
#4994 =( NAMED_UNIT ( * ) PLANE_ANGLE_UNIT ( ) SI_UNIT ( $, .RADIAN. ) );
#4995 = ADVANCED_FACE ( 'NONE', ( #5362 ), #8188, .F. ) ;
#4996 = CARTESIAN_POINT ( 'NONE',  ( 0.5397546545637254001, -12.70999999999999730, 2.771381491283765097 ) ) ;
#4997 = DIRECTION ( 'NONE',  ( -0.000000000000000000, 0.000000000000000000, 1.000000000000000000 ) ) ;
#4998 = FILL_AREA_STYLE ('',( #10430 ) ) ;
#4999 = ORIENTED_EDGE ( 'NONE', *, *, #8850, .T. ) ;
#5000 = ORIENTED_EDGE ( 'NONE', *, *, #696, .T. ) ;
#5001 = UNCERTAINTY_MEASURE_WITH_UNIT (LENGTH_MEASURE( 1.000000000000000082E-05 ), #4218, 'distance_accuracy_value', 'NONE');
#5003 =( GEOMETRIC_REPRESENTATION_CONTEXT ( 3 ) GLOBAL_UNCERTAINTY_ASSIGNED_CONTEXT ( ( #7459 ) ) GLOBAL_UNIT_ASSIGNED_CONTEXT ( ( #754, #3484, #8192 ) ) REPRESENTATION_CONTEXT ( 'NONE', 'WORKASPACE' ) );
#5002 = FILL_AREA_STYLE ('',( #8819 ) ) ;
#5004 = B_SPLINE_SURFACE_WITH_KNOTS ( 'NONE', 3, 1, ( 
 ( #8941, #8997 ),
 ( #11083, #2796 ),
 ( #5586, #8363 ),
 ( #11316, #10150 ) ),
 .UNSPECIFIED., .F., .F., .F.,
 ( 4, 4 ),
 ( 2, 2 ),
 ( 1.000000000000000000, 2.000000000000000000 ),
 ( 0.000000000000000000, 1.000000000000000000 ),
 .UNSPECIFIED. ) ;
#5005 = CARTESIAN_POINT ( 'NONE',  ( 19.24999999999999645, -1.249999999999995115, 0.000000000000000000 ) ) ;
#5006 = EDGE_LOOP ( 'NONE', ( #10746, #524, #8653, #3229 ) ) ;
#5007 =( LENGTH_UNIT ( ) NAMED_UNIT ( * ) SI_UNIT ( .MILLI., .METRE. ) );
#5008 = B_SPLINE_CURVE_WITH_KNOTS ( 'NONE', 3,
 ( #4926, #178, #4046, #2926 ),
 .UNSPECIFIED., .F., .F.,
 ( 4, 4 ),
 ( 1.000000000000000000, 2.000000000000000000 ),
 .UNSPECIFIED. ) ;
#5009 =( NAMED_UNIT ( * ) PLANE_ANGLE_UNIT ( ) SI_UNIT ( $, .RADIAN. ) );
#5010 = EDGE_CURVE ( 'NONE', #5720, #6959, #3079, .T. ) ;
#5011 = CARTESIAN_POINT ( 'NONE',  ( 0.2898661686738288057, -12.70999999999999730, 2.750586332958024460 ) ) ;
#5012 = FACE_OUTER_BOUND ( 'NONE', #7763, .T. ) ;
#5013 = LINE ( 'NONE', #6040, #3390 ) ;
#5014 =( GEOMETRIC_REPRESENTATION_CONTEXT ( 3 ) GLOBAL_UNCERTAINTY_ASSIGNED_CONTEXT ( ( #4496 ) ) GLOBAL_UNIT_ASSIGNED_CONTEXT ( ( #5041, #10907, #8800 ) ) REPRESENTATION_CONTEXT ( 'NONE', 'WORKASPACE' ) );
#5015 =( NAMED_UNIT ( * ) PLANE_ANGLE_UNIT ( ) SI_UNIT ( $, .RADIAN. ) );
#5016 = SURFACE_STYLE_USAGE ( .BOTH. , #10448 ) ;
#5017 = DIRECTION ( 'NONE',  ( 0.000000000000000000, -0.000000000000000000, 1.000000000000000000 ) ) ;
#5018 = STYLED_ITEM ( 'NONE', ( #6183 ), #106 ) ;
#5019 =( LENGTH_UNIT ( ) NAMED_UNIT ( * ) SI_UNIT ( .MILLI., .METRE. ) );
#5020 =( GEOMETRIC_REPRESENTATION_CONTEXT ( 3 ) GLOBAL_UNCERTAINTY_ASSIGNED_CONTEXT ( ( #303 ) ) GLOBAL_UNIT_ASSIGNED_CONTEXT ( ( #9449, #9387, #1922 ) ) REPRESENTATION_CONTEXT ( 'NONE', 'WORKASPACE' ) );
#5021 =( LENGTH_UNIT ( ) NAMED_UNIT ( * ) SI_UNIT ( .MILLI., .METRE. ) );
#5022 =( NAMED_UNIT ( * ) SI_UNIT ( $, .STERADIAN. ) SOLID_ANGLE_UNIT ( ) );
#5023 = CARTESIAN_POINT ( 'NONE',  ( 3.118180994046555021, -12.69999999999999751, 1.763509484403121608 ) ) ;
#5024 = LINE ( 'NONE', #10817, #8834 ) ;
#5025 = ORIENTED_EDGE ( 'NONE', *, *, #9140, .F. ) ;
#5026 = ADVANCED_FACE ( 'NONE', ( #1857 ), #2986, .F. ) ;
#5027 = FILL_AREA_STYLE ('',( #3075 ) ) ;
#5028 = VERTEX_POINT ( 'NONE', #6352 ) ;
#5029 =( LENGTH_UNIT ( ) NAMED_UNIT ( * ) SI_UNIT ( .MILLI., .METRE. ) );
#5030 = CARTESIAN_POINT ( 'NONE',  ( -3.235577683231577684, -12.69999999999999751, 1.092876129403349328 ) ) ;
#5031 =( NAMED_UNIT ( * ) PLANE_ANGLE_UNIT ( ) SI_UNIT ( $, .RADIAN. ) );
#5032 = ORIENTED_EDGE ( 'NONE', *, *, #10969, .T. ) ;
#5033 = LINE ( 'NONE', #2304, #10651 ) ;
#5034 = ORIENTED_EDGE ( 'NONE', *, *, #2876, .F. ) ;
#5035 =( NAMED_UNIT ( * ) SI_UNIT ( $, .STERADIAN. ) SOLID_ANGLE_UNIT ( ) );
#5036 = CARTESIAN_POINT ( 'NONE',  ( -2.883720795863037978, -12.69999999999999751, 1.054316140560536796 ) ) ;
#5037 = CARTESIAN_POINT ( 'NONE',  ( -1.216015666015310526, -12.70999999999999730, 2.129166751113926281 ) ) ;
#5038 = PRESENTATION_STYLE_ASSIGNMENT (( #1290 ) ) ;
#5039 = EDGE_CURVE ( 'NONE', #11568, #5533, #5649, .T. ) ;
#5040 = CARTESIAN_POINT ( 'NONE',  ( 1.715374271948743479, -12.70999999999999730, 2.309035804494934396 ) ) ;
#5041 =( LENGTH_UNIT ( ) NAMED_UNIT ( * ) SI_UNIT ( .MILLI., .METRE. ) );
#5042 = ORIENTED_EDGE ( 'NONE', *, *, #5433, .T. ) ;
#5043 =( LENGTH_UNIT ( ) NAMED_UNIT ( * ) SI_UNIT ( .MILLI., .METRE. ) );
#5044 = CARTESIAN_POINT ( 'NONE',  ( -1.500393032575894736, -12.70999999999999730, 2.466563757579689042 ) ) ;
#5045 = PRESENTATION_STYLE_ASSIGNMENT (( #10483 ) ) ;
#5046 = VERTEX_POINT ( 'NONE', #10352 ) ;
#5047 = PRESENTATION_STYLE_ASSIGNMENT (( #1126 ) ) ;
#5048 = ADVANCED_FACE ( 'NONE', ( #872 ), #1909, .F. ) ;
#5049 = LINE ( 'NONE', #8815, #7055 ) ;
#5050 = CARTESIAN_POINT ( 'NONE',  ( -2.777681699914856583, -12.69999999999999751, 0.7651190741792978089 ) ) ;
#5051 = VERTEX_POINT ( 'NONE', #8675 ) ;
#5052 = FACE_OUTER_BOUND ( 'NONE', #10952, .T. ) ;
#5053 = EDGE_CURVE ( 'NONE', #3556, #10868, #1206, .T. ) ;
#5054 = PLANE ( 'NONE',  #4680 ) ;
#5055 = FACE_OUTER_BOUND ( 'NONE', #9335, .T. ) ;
#5056 = FILL_AREA_STYLE ('',( #9874 ) ) ;
#5057 = CARTESIAN_POINT ( 'NONE',  ( -1.225655433392526916, -12.69999999999999751, 2.389444423432443010 ) ) ;
#5058 = DIRECTION ( 'NONE',  ( -0.000000000000000000, 1.000000000000000000, -0.000000000000000000 ) ) ;
#5059 = FACE_OUTER_BOUND ( 'NONE', #7455, .T. ) ;
#5060 =( NAMED_UNIT ( * ) PLANE_ANGLE_UNIT ( ) SI_UNIT ( $, .RADIAN. ) );
#5061 = ORIENTED_EDGE ( 'NONE', *, *, #1975, .F. ) ;
#5062 = CARTESIAN_POINT ( 'NONE',  ( 1.592682837819911379, -12.70999999999999730, 1.569767925995061653 ) ) ;
#5063 = DIRECTION ( 'NONE',  ( -0.000000000000000000, 1.000000000000000000, -0.000000000000000000 ) ) ;
#5064 = UNCERTAINTY_MEASURE_WITH_UNIT (LENGTH_MEASURE( 1.000000000000000082E-05 ), #2287, 'distance_accuracy_value', 'NONE');
#5065 = ORIENTED_EDGE ( 'NONE', *, *, #330, .F. ) ;
#5066 = DIRECTION ( 'NONE',  ( 0.3493954794973183064, -0.000000000000000000, -0.9369753459439789101 ) ) ;
#5067 = CARTESIAN_POINT ( 'NONE',  ( -2.970479897392115820, -12.70999999999999730, 2.625622355537572172 ) ) ;
#5068 = ADVANCED_FACE ( 'NONE', ( #10540 ), #4862, .F. ) ;
#5069 = EDGE_LOOP ( 'NONE', ( #1030, #9560, #2385, #7434, #4242, #3999, #3135, #6778, #2999, #2340, #5525, #4160, #3777, #7848, #10078 ) ) ;
#5070 = CARTESIAN_POINT ( 'NONE',  ( 2.562430387770791018, -12.70999999999999730, 1.621755821811721843 ) ) ;
#5071 = CARTESIAN_POINT ( 'NONE',  ( 1.787810740119434083, -12.70999999999999730, 2.590810199819180593 ) ) ;
#5072 = COLOUR_RGB ( '',1.000000000000000000, 1.000000000000000000, 1.000000000000000000 ) ;
#5073 = LINE ( 'NONE', #1451, #10271 ) ;
#5074 = DIRECTION ( 'NONE',  ( -0.000000000000000000, 1.000000000000000000, -0.000000000000000000 ) ) ;
#5075 = ORIENTED_EDGE ( 'NONE', *, *, #8194, .T. ) ;
#5076 = DIRECTION ( 'NONE',  ( 1.000000000000000000, 0.000000000000000000, 0.000000000000000000 ) ) ;
#5077 = VECTOR ( 'NONE', #8721, 1000.000000000000000 ) ;
#5078 = FILL_AREA_STYLE ('',( #1331 ) ) ;
#5079 = CARTESIAN_POINT ( 'NONE',  ( 0.9998475325341440456, -12.70999999999999730, 1.339981426487471206 ) ) ;
#5080 = FILL_AREA_STYLE ('',( #7123 ) ) ;
#5081 = ORIENTED_EDGE ( 'NONE', *, *, #5845, .T. ) ;
#5082 = DIRECTION ( 'NONE',  ( -0.9903286039881268321, 0.000000000000000000, -0.1387416884823294005 ) ) ;
#5083 = STYLED_ITEM ( 'NONE', ( #9988 ), #3066 ) ;
#5084 = EDGE_CURVE ( 'NONE', #10885, #9018, #6196, .T. ) ;
#5085 = ADVANCED_FACE ( 'NONE', ( #2860 ), #6752, .T. ) ;
#5086 = CARTESIAN_POINT ( 'NONE',  ( 0.8963916198606550756, -12.70999999999999730, 1.143467180305729691 ) ) ;
#5087 = CARTESIAN_POINT ( 'NONE',  ( 0.9965549657982581966, -12.70999999999999730, 1.227687571528463861 ) ) ;
#5088 = COLOUR_RGB ( '',1.000000000000000000, 1.000000000000000000, 1.000000000000000000 ) ;
#5089 = STYLED_ITEM ( 'NONE', ( #10785 ), #11460 ) ;
#5090 =( NAMED_UNIT ( * ) SI_UNIT ( $, .STERADIAN. ) SOLID_ANGLE_UNIT ( ) );
#5091 = EDGE_LOOP ( 'NONE', ( #75, #9967, #6758, #3867 ) ) ;
#5092 = FILL_AREA_STYLE_COLOUR ( '', #8317 ) ;
#5093 = CARTESIAN_POINT ( 'NONE',  ( 0.5203458401248410858, -12.70999999999999730, 1.183324567098666957 ) ) ;
#5094 =( NAMED_UNIT ( * ) PLANE_ANGLE_UNIT ( ) SI_UNIT ( $, .RADIAN. ) );
#5095 = CARTESIAN_POINT ( 'NONE',  ( 2.269218655370840665, -12.69999999999999751, 2.838965755845902272 ) ) ;
#5096 =( NAMED_UNIT ( * ) SI_UNIT ( $, .STERADIAN. ) SOLID_ANGLE_UNIT ( ) );
#5097 =( GEOMETRIC_REPRESENTATION_CONTEXT ( 3 ) GLOBAL_UNCERTAINTY_ASSIGNED_CONTEXT ( ( #11947 ) ) GLOBAL_UNIT_ASSIGNED_CONTEXT ( ( #9194, #10297, #6587 ) ) REPRESENTATION_CONTEXT ( 'NONE', 'WORKASPACE' ) );
#5098 = UNCERTAINTY_MEASURE_WITH_UNIT (LENGTH_MEASURE( 1.000000000000000082E-05 ), #8711, 'distance_accuracy_value', 'NONE');
#5099 = MECHANICAL_DESIGN_GEOMETRIC_PRESENTATION_REPRESENTATION (  '', ( #11576 ), #10000 ) ;
#5100 = EDGE_LOOP ( 'NONE', ( #7941, #6118, #5392, #7216 ) ) ;
#5101 = SURFACE_STYLE_FILL_AREA ( #6997 ) ;
#5102 = FILL_AREA_STYLE_COLOUR ( '', #383 ) ;
#5103 = ORIENTED_EDGE ( 'NONE', *, *, #3094, .F. ) ;
#5104 =( GEOMETRIC_REPRESENTATION_CONTEXT ( 3 ) GLOBAL_UNCERTAINTY_ASSIGNED_CONTEXT ( ( #9257 ) ) GLOBAL_UNIT_ASSIGNED_CONTEXT ( ( #1245, #4994, #11558 ) ) REPRESENTATION_CONTEXT ( 'NONE', 'WORKASPACE' ) );
#5105 = EDGE_LOOP ( 'NONE', ( #7681, #9316, #5583, #7303 ) ) ;
#5106 = VERTEX_POINT ( 'NONE', #10478 ) ;
#5107 =( LENGTH_UNIT ( ) NAMED_UNIT ( * ) SI_UNIT ( .MILLI., .METRE. ) );
#5108 = PRESENTATION_LAYER_ASSIGNMENT (  '', '', ( #3508 ) ) ;
#5109 = AXIS2_PLACEMENT_3D ( 'NONE', #11107, #56, #6641 ) ;
#5110 = DIRECTION ( 'NONE',  ( -1.000000000000000000, 0.000000000000000000, 0.000000000000000000 ) ) ;
#5111 = EDGE_CURVE ( 'NONE', #3086, #7839, #11193, .T. ) ;
#5112 = ORIENTED_EDGE ( 'NONE', *, *, #7765, .T. ) ;
#5113 = VERTEX_POINT ( 'NONE', #5828 ) ;
#5114 = ORIENTED_EDGE ( 'NONE', *, *, #5800, .T. ) ;
#5115 = DIRECTION ( 'NONE',  ( 1.000000000000000000, 0.000000000000000000, 0.000000000000000000 ) ) ;
#5116 = CARTESIAN_POINT ( 'NONE',  ( 1.165169041227267943, -12.70999999999999730, 2.544021093582787607 ) ) ;
#5117 = EDGE_LOOP ( 'NONE', ( #2051, #5604, #9167, #7410 ) ) ;
#5118 = UNCERTAINTY_MEASURE_WITH_UNIT (LENGTH_MEASURE( 1.000000000000000082E-05 ), #1311, 'distance_accuracy_value', 'NONE');
#5119 = DIRECTION ( 'NONE',  ( -0.000000000000000000, 0.000000000000000000, 1.000000000000000000 ) ) ;
#5120 = VECTOR ( 'NONE', #7656, 1000.000000000000000 ) ;
#5121 = CARTESIAN_POINT ( 'NONE',  ( -3.230757569708321508, -12.70999999999999730, 1.415813300939981367 ) ) ;
#5122 = DIRECTION ( 'NONE',  ( -0.000000000000000000, 1.000000000000000000, -0.000000000000000000 ) ) ;
#5123 = CARTESIAN_POINT ( 'NONE',  ( 2.048789977113333549, -12.69999999999999751, 1.162875994744636765 ) ) ;
#5124 = CARTESIAN_POINT ( 'NONE',  ( 0.3550243314316907650, -12.69999999999999751, 2.696172335339371173 ) ) ;
#5125 = FACE_BOUND ( 'NONE', #3549, .T. ) ;
#5126 = ORIENTED_EDGE ( 'NONE', *, *, #1774, .T. ) ;
#5127 = CARTESIAN_POINT ( 'NONE',  ( 0.6416509303622062177, -12.70999999999999730, 1.397168111884435238 ) ) ;
#5128 = CARTESIAN_POINT ( 'NONE',  ( 0.8880735565303700119, -12.70999999999999730, 1.074149985885020087 ) ) ;
#5129 = FILL_AREA_STYLE ('',( #7218 ) ) ;
#5130 = ORIENTED_EDGE ( 'NONE', *, *, #9253, .F. ) ;
#5131 = ADVANCED_FACE ( 'NONE', ( #9970 ), #1530, .F. ) ;
#5132 = VECTOR ( 'NONE', #8523, 1000.000000000000000 ) ;
#5133 = VECTOR ( 'NONE', #882, 1000.000000000000000 ) ;
#5134 = LINE ( 'NONE', #8905, #11258 ) ;
#5135 = MECHANICAL_DESIGN_GEOMETRIC_PRESENTATION_REPRESENTATION (  '', ( #7302 ), #4337 ) ;
#5136 = B_SPLINE_CURVE_WITH_KNOTS ( 'NONE', 3,
 ( #1212, #7607, #1273, #9706 ),
 .UNSPECIFIED., .F., .F.,
 ( 4, 4 ),
 ( 17.00000000000000000, 18.00000000000000000 ),
 .UNSPECIFIED. ) ;
#5137 = FACE_OUTER_BOUND ( 'NONE', #2712, .T. ) ;
#5138 = CARTESIAN_POINT ( 'NONE',  ( -2.782501675538016084, -12.70999999999999730, 1.054316140560536796 ) ) ;
#5139 = CARTESIAN_POINT ( 'NONE',  ( -19.25000000000000355, -9.249999999999996447, 0.000000000000000000 ) ) ;
#5140 = EDGE_CURVE ( 'NONE', #2214, #4409, #2360, .T. ) ;
#5141 = FACE_OUTER_BOUND ( 'NONE', #747, .T. ) ;
#5142 = STYLED_ITEM ( 'NONE', ( #1176 ), #3233 ) ;
#5143 = LINE ( 'NONE', #10188, #223 ) ;
#5144 = CARTESIAN_POINT ( 'NONE',  ( 1.362029873383048040, -12.70999999999999730, 1.165995268490024550 ) ) ;
#5145 = MECHANICAL_DESIGN_GEOMETRIC_PRESENTATION_REPRESENTATION (  '', ( #1999 ), #8290 ) ;
#5146 = COLOUR_RGB ( '',1.000000000000000000, 1.000000000000000000, 1.000000000000000000 ) ;
#5147 = FILL_AREA_STYLE_COLOUR ( '', #9001 ) ;
#5148 = PRESENTATION_STYLE_ASSIGNMENT (( #4024 ) ) ;
#5149 = B_SPLINE_CURVE_WITH_KNOTS ( 'NONE', 3,
 ( #9520, #4008, #8705, #1262 ),
 .UNSPECIFIED., .F., .F.,
 ( 4, 4 ),
 ( 4.000000000000000000, 5.000000000000000000 ),
 .UNSPECIFIED. ) ;
#5150 = LINE ( 'NONE', #331, #1360 ) ;
#5151 = FILL_AREA_STYLE_COLOUR ( '', #5226 ) ;
#5152 = FACE_OUTER_BOUND ( 'NONE', #8966, .T. ) ;
#5153 = MECHANICAL_DESIGN_GEOMETRIC_PRESENTATION_REPRESENTATION (  '', ( #8092 ), #10867 ) ;
#5154 = ORIENTED_EDGE ( 'NONE', *, *, #2101, .F. ) ;
#5155 = DIRECTION ( 'NONE',  ( 0.000000000000000000, 0.000000000000000000, 1.000000000000000000 ) ) ;
#5156 = CARTESIAN_POINT ( 'NONE',  ( 2.562430387770791018, -12.70999999999999730, 1.621755821811721843 ) ) ;
#5157 = VECTOR ( 'NONE', #1205, 1000.000000000000114 ) ;
#5158 = STYLED_ITEM ( 'NONE', ( #11850 ), #101 ) ;
#5159 = FILL_AREA_STYLE ('',( #11611 ) ) ;
#5160 = DIRECTION ( 'NONE',  ( 0.3493954794973183620, 0.000000000000000000, -0.9369753459439789101 ) ) ;
#5161 = VECTOR ( 'NONE', #10863, 1000.000000000000000 ) ;
#5162 = ORIENTED_EDGE ( 'NONE', *, *, #11601, .F. ) ;
#5163 = EDGE_LOOP ( 'NONE', ( #4111, #4149, #9708, #8231 ) ) ;
#5164 = VECTOR ( 'NONE', #6774, 1000.000000000000114 ) ;
#5165 = CARTESIAN_POINT ( 'NONE',  ( 0.4714772180581660033, -12.69999999999999751, 1.074149985885020087 ) ) ;
#5166 = CARTESIAN_POINT ( 'NONE',  ( -0.9268182319027946647, -12.69999999999999751, 1.300134253745478308 ) ) ;
#5167 = CARTESIAN_POINT ( 'NONE',  ( 0.2838009141642797162, -12.70999999999999730, 2.492379783742445287 ) ) ;
#5168 = AXIS2_PLACEMENT_3D ( 'NONE', #1747, #8209, #6545 ) ;
#5169 = EDGE_CURVE ( 'NONE', #3403, #11737, #11624, .T. ) ;
#5170 = FILL_AREA_STYLE_COLOUR ( '', #3415 ) ;
#5171 = SURFACE_STYLE_FILL_AREA ( #3276 ) ;
#5172 = CARTESIAN_POINT ( 'NONE',  ( 0.9747200495550709665, -12.70999999999999730, 1.255067863321315702 ) ) ;
#5173 =( NAMED_UNIT ( * ) SI_UNIT ( $, .STERADIAN. ) SOLID_ANGLE_UNIT ( ) );
#5174 = CARTESIAN_POINT ( 'NONE',  ( 0.5567373671960460513, -12.70999999999999730, 1.282101569147112929 ) ) ;
#5175 = PRESENTATION_LAYER_ASSIGNMENT (  '', '', ( #8918 ) ) ;
#5176 = SURFACE_STYLE_FILL_AREA ( #5290 ) ;
#5177 = ORIENTED_EDGE ( 'NONE', *, *, #5039, .T. ) ;
#5178 = SURFACE_SIDE_STYLE ('',( #3475 ) ) ;
#5179 = B_SPLINE_CURVE_WITH_KNOTS ( 'NONE', 3,
 ( #858, #10085, #2556, #4610 ),
 .UNSPECIFIED., .F., .F.,
 ( 4, 4 ),
 ( 1.000000000000000000, 2.000000000000000000 ),
 .UNSPECIFIED. ) ;
#5180 = FILL_AREA_STYLE_COLOUR ( '', #9832 ) ;
#5181 = COLOUR_RGB ( '',1.000000000000000000, 1.000000000000000000, 1.000000000000000000 ) ;
#5182 =( NAMED_UNIT ( * ) PLANE_ANGLE_UNIT ( ) SI_UNIT ( $, .RADIAN. ) );
#5183 = CARTESIAN_POINT ( 'NONE',  ( 1.879829315710288773, -12.69999999999999751, 2.609179256338330255 ) ) ;
#5184 = DIRECTION ( 'NONE',  ( 1.000000000000000000, -0.000000000000000000, -0.000000000000000000 ) ) ;
#5185 =( GEOMETRIC_REPRESENTATION_CONTEXT ( 3 ) GLOBAL_UNCERTAINTY_ASSIGNED_CONTEXT ( ( #6771 ) ) GLOBAL_UNIT_ASSIGNED_CONTEXT ( ( #5019, #7727, #9532 ) ) REPRESENTATION_CONTEXT ( 'NONE', 'WORKASPACE' ) );
#5186 = CARTESIAN_POINT ( 'NONE',  ( 0.3796319354508741473, -12.70999999999999730, 1.151092071692592977 ) ) ;
#5187 = AXIS2_PLACEMENT_3D ( 'NONE', #8664, #2079, #4029 ) ;
#5188 = EDGE_CURVE ( 'NONE', #8285, #4302, #2260, .T. ) ;
#5189 = UNCERTAINTY_MEASURE_WITH_UNIT (LENGTH_MEASURE( 1.000000000000000082E-05 ), #10164, 'distance_accuracy_value', 'NONE');
#5190 = CARTESIAN_POINT ( 'NONE',  ( 0.4281539715458249074, -12.70999999999999730, 1.143813766277427035 ) ) ;
#5191 =( LENGTH_UNIT ( ) NAMED_UNIT ( * ) SI_UNIT ( .MILLI., .METRE. ) );
#5192 = DIRECTION ( 'NONE',  ( -1.000000000000000000, 0.000000000000000000, -0.000000000000000000 ) ) ;
#5193 = FACE_OUTER_BOUND ( 'NONE', #5823, .T. ) ;
#5194 = DIRECTION ( 'NONE',  ( 1.000000000000000000, 0.000000000000000000, -0.000000000000000000 ) ) ;
#5195 = AXIS2_PLACEMENT_3D ( 'NONE', #10384, #3953, #8473 ) ;
#5196 = CARTESIAN_POINT ( 'NONE',  ( 0.2526081766733467848, -12.70999999999999730, 1.305669415251155208 ) ) ;
#5197 = CARTESIAN_POINT ( 'NONE',  ( 0.2999171618649952853, -12.69999999999999751, 1.453315039366249062 ) ) ;
#5198 = UNCERTAINTY_MEASURE_WITH_UNIT (LENGTH_MEASURE( 1.000000000000000082E-05 ), #896, 'distance_accuracy_value', 'NONE');
#5199 = CARTESIAN_POINT ( 'NONE',  ( 0.5567373671960460513, -12.70999999999999730, 1.393355666195626119 ) ) ;
#5200 = SURFACE_STYLE_USAGE ( .BOTH. , #515 ) ;
#5201 = B_SPLINE_SURFACE_WITH_KNOTS ( 'NONE', 3, 1, ( 
 ( #10559, #692 ),
 ( #7210, #8131 ),
 ( #5363, #3369 ),
 ( #11029, #4307 ) ),
 .UNSPECIFIED., .F., .F., .F.,
 ( 4, 4 ),
 ( 2, 2 ),
 ( 33.00000000000000000, 34.00000000000000000 ),
 ( 0.000000000000000000, 1.000000000000000000 ),
 .UNSPECIFIED. ) ;
#5202 = FACE_OUTER_BOUND ( 'NONE', #7395, .T. ) ;
#5203 = ORIENTED_EDGE ( 'NONE', *, *, #9085, .F. ) ;
#5204 = CARTESIAN_POINT ( 'NONE',  ( -2.777681607981459244, -12.69999999999999751, 1.733930496851108449 ) ) ;
#5205 = CARTESIAN_POINT ( 'NONE',  ( 2.048789977113333549, -12.70999999999999730, 1.085587322965344104 ) ) ;
#5206 = CARTESIAN_POINT ( 'NONE',  ( 1.029134047176034183, -12.70999999999999730, 1.112621028786494159 ) ) ;
#5207 = FACE_OUTER_BOUND ( 'NONE', #2428, .T. ) ;
#5208 = EDGE_LOOP ( 'NONE', ( #10944, #9918, #2200, #1296 ) ) ;
#5209 = ORIENTED_EDGE ( 'NONE', *, *, #851, .T. ) ;
#5210 = FILL_AREA_STYLE_COLOUR ( '', #7006 ) ;
#5211 = CARTESIAN_POINT ( 'NONE',  ( -1.640171865943553797, -12.70999999999999730, 1.382073379651379552 ) ) ;
#5212 = ORIENTED_EDGE ( 'NONE', *, *, #2877, .F. ) ;
#5213 = VERTEX_POINT ( 'NONE', #346 ) ;
#5214 = CARTESIAN_POINT ( 'NONE',  ( 0.3477460260165245454, -12.70999999999999730, 1.492132668244072313 ) ) ;
#5215 = STYLED_ITEM ( 'NONE', ( #11560 ), #257 ) ;
#5216 = VERTEX_POINT ( 'NONE', #3153 ) ;
#5217 = DIRECTION ( 'NONE',  ( -1.000000000000000000, 0.000000000000000000, -0.000000000000000000 ) ) ;
#5218 = AXIS2_PLACEMENT_3D ( 'NONE', #3345, #542, #1346 ) ;
#5219 =( NAMED_UNIT ( * ) SI_UNIT ( $, .STERADIAN. ) SOLID_ANGLE_UNIT ( ) );
#5220 = CARTESIAN_POINT ( 'NONE',  ( 0.8880735565303700119, -12.69999999999999751, 1.074149985885020087 ) ) ;
#5221 = EDGE_LOOP ( 'NONE', ( #6059, #12185, #10054, #10382, #1832, #1480, #7877, #5769 ) ) ;
#5223 = ORIENTED_EDGE ( 'NONE', *, *, #9842, .F. ) ;
#5222 = CARTESIAN_POINT ( 'NONE',  ( 0.6416509303622062177, -12.70999999999999730, 1.085587322965344104 ) ) ;
#5224 = CARTESIAN_POINT ( 'NONE',  ( -0.1932746764407473894, -12.69999999999999751, 2.161043594408120772 ) ) ;
#5225 = CARTESIAN_POINT ( 'NONE',  ( -3.823612456736237952, -12.69999999999999751, 1.656810978832446324 ) ) ;
#5226 = COLOUR_RGB ( '',1.000000000000000000, 1.000000000000000000, 1.000000000000000000 ) ;
#5227 = VERTEX_POINT ( 'NONE', #6939 ) ;
#5228 = DIRECTION ( 'NONE',  ( -1.000000000000000000, 0.000000000000000000, 0.000000000000000000 ) ) ;
#5229 = VERTEX_POINT ( 'NONE', #4290 ) ;
#5230 = CARTESIAN_POINT ( 'NONE',  ( -2.719842176319917648, -12.70999999999999730, 2.832880502860726679 ) ) ;
#5231 = ORIENTED_EDGE ( 'NONE', *, *, #8015, .F. ) ;
#5232 = EDGE_CURVE ( 'NONE', #4983, #3158, #10711, .T. ) ;
#5233 = ADVANCED_FACE ( 'NONE', ( #5282 ), #4356, .F. ) ;
#5234 =( NAMED_UNIT ( * ) SI_UNIT ( $, .STERADIAN. ) SOLID_ANGLE_UNIT ( ) );
#5235 =( NAMED_UNIT ( * ) PLANE_ANGLE_UNIT ( ) SI_UNIT ( $, .RADIAN. ) );
#5236 = VERTEX_POINT ( 'NONE', #5582 ) ;
#5237 = CYLINDRICAL_SURFACE ( 'NONE', #9819, 0.6500000000000012434 ) ;
#5238 = SURFACE_SIDE_STYLE ('',( #7085 ) ) ;
#5239 = ORIENTED_EDGE ( 'NONE', *, *, #1842, .T. ) ;
#5240 = FILL_AREA_STYLE_COLOUR ( '', #12108 ) ;
#5241 = CARTESIAN_POINT ( 'NONE',  ( 0.2838009141642797162, -12.69999999999999751, 2.492379783742445287 ) ) ;
#5242 = CARTESIAN_POINT ( 'NONE',  ( 0.4012935587059008324, -12.70999999999999730, 1.143813766277427035 ) ) ;
#5243 = EDGE_CURVE ( 'NONE', #7100, #885, #917, .T. ) ;
#5244 = CARTESIAN_POINT ( 'NONE',  ( 1.517820267842606929, -12.70999999999999730, 2.760983912123202266 ) ) ;
#5245 = SURFACE_STYLE_FILL_AREA ( #1490 ) ;
#5246 = DIRECTION ( 'NONE',  ( -0.000000000000000000, -0.000000000000000000, 1.000000000000000000 ) ) ;
#5247 = SURFACE_STYLE_FILL_AREA ( #6037 ) ;
#5248 = ORIENTED_EDGE ( 'NONE', *, *, #3455, .T. ) ;
#5249 = EDGE_CURVE ( 'NONE', #11327, #4613, #5179, .T. ) ;
#5250 = CARTESIAN_POINT ( 'NONE',  ( 1.165169041227265279, -12.69999999999999751, 2.544021093582787607 ) ) ;
#5251 = CARTESIAN_POINT ( 'NONE',  ( -2.136627424400495467, -12.70999999999999730, 2.731661405519053787 ) ) ;
#5252 = ORIENTED_EDGE ( 'NONE', *, *, #9635, .T. ) ;
#5253 = CARTESIAN_POINT ( 'NONE',  ( 2.636773078785899393, -12.69999999999999751, 1.515353928376412807 ) ) ;
#5254 = COLOUR_RGB ( '',1.000000000000000000, 1.000000000000000000, 1.000000000000000000 ) ;
#5255 = STYLED_ITEM ( 'NONE', ( #12038 ), #1939 ) ;
#5256 =( LENGTH_UNIT ( ) NAMED_UNIT ( * ) SI_UNIT ( .MILLI., .METRE. ) );
#5257 = CARTESIAN_POINT ( 'NONE',  ( 1.145413640818973677, -12.70999999999999730, 0.9400212146805150271 ) ) ;
#5258 = CARTESIAN_POINT ( 'NONE',  ( -2.295685976389368665, -12.70999999999999730, 1.247114797702457700 ) ) ;
#5259 =( NAMED_UNIT ( * ) PLANE_ANGLE_UNIT ( ) SI_UNIT ( $, .RADIAN. ) );
#5260 = CARTESIAN_POINT ( 'NONE',  ( 1.771694492416408639, -12.70999999999999730, 1.162875994744636765 ) ) ;
#5261 = CARTESIAN_POINT ( 'NONE',  ( 2.228841389620328517, -12.70999999999999730, 2.714194805886810169 ) ) ;
#5262 = EDGE_CURVE ( 'NONE', #4272, #4575, #7389, .T. ) ;
#5263 =( LENGTH_UNIT ( ) NAMED_UNIT ( * ) SI_UNIT ( .MILLI., .METRE. ) );
#5264 = SURFACE_STYLE_FILL_AREA ( #8975 ) ;
#5265 = ORIENTED_EDGE ( 'NONE', *, *, #1098, .F. ) ;
#5266 = ORIENTED_EDGE ( 'NONE', *, *, #5010, .T. ) ;
#5267 = EDGE_LOOP ( 'NONE', ( #4435, #6966, #8883, #2749 ) ) ;
#5268 = CARTESIAN_POINT ( 'NONE',  ( 0.9227321537406988350, -12.69999999999999751, 2.238332266187399888 ) ) ;
#5269 = ORIENTED_EDGE ( 'NONE', *, *, #6552, .T. ) ;
#5270 = CARTESIAN_POINT ( 'NONE',  ( 0.9227321537406988350, -12.70999999999999730, 2.238332266187399888 ) ) ;
#5271 =( NAMED_UNIT ( * ) PLANE_ANGLE_UNIT ( ) SI_UNIT ( $, .RADIAN. ) );
#5272 = PRESENTATION_LAYER_ASSIGNMENT (  '', '', ( #10780 ) ) ;
#5273 = ADVANCED_FACE ( 'NONE', ( #10275 ), #3885, .F. ) ;
#5274 = CARTESIAN_POINT ( 'NONE',  ( -0.8111391847082913831, -12.70999999999999730, 1.425453068314865179 ) ) ;
#5275 = DIRECTION ( 'NONE',  ( 0.9369753459439789101, 0.000000000000000000, 0.3493954794973183620 ) ) ;
#5276 = PRESENTATION_STYLE_ASSIGNMENT (( #4346 ) ) ;
#5277 = ORIENTED_EDGE ( 'NONE', *, *, #6049, .T. ) ;
#5279 = VERTEX_POINT ( 'NONE', #12164 ) ;
#5278 = CARTESIAN_POINT ( 'NONE',  ( 1.787810740119434083, -12.69999999999999751, 2.506243222624735978 ) ) ;
#5280 =( GEOMETRIC_REPRESENTATION_CONTEXT ( 3 ) GLOBAL_UNCERTAINTY_ASSIGNED_CONTEXT ( ( #8142 ) ) GLOBAL_UNIT_ASSIGNED_CONTEXT ( ( #1304, #5235, #4176 ) ) REPRESENTATION_CONTEXT ( 'NONE', 'WORKASPACE' ) );
#5281 = CARTESIAN_POINT ( 'NONE',  ( -0.1932746764407473894, -12.70999999999999730, 2.161043594408120772 ) ) ;
#5282 = FACE_OUTER_BOUND ( 'NONE', #1670, .T. ) ;
#5283 = EDGE_LOOP ( 'NONE', ( #10041, #355, #8860, #3737 ) ) ;
#5284 =( NAMED_UNIT ( * ) SI_UNIT ( $, .STERADIAN. ) SOLID_ANGLE_UNIT ( ) );
#5285 = EDGE_LOOP ( 'NONE', ( #10892, #4975, #11678, #3644, #10661, #6518, #7470, #3242, #8817, #4209, #4532, #5034, #4861, #4146, #4537, #637, #11902, #878, #8981, #5328, #3348, #5231, #1353, #3947, #1789, #5609, #6363, #2777, #3776, #5797, #10009, #1230, #10230 ) ) ;
#5286 = STYLED_ITEM ( 'NONE', ( #6400 ), #7012 ) ;
#5287 = EDGE_CURVE ( 'NONE', #1188, #2248, #11776, .T. ) ;
#5288 = FACE_OUTER_BOUND ( 'NONE', #3126, .T. ) ;
#5289 = CARTESIAN_POINT ( 'NONE',  ( 0.000000000000000000, -12.70999999999999730, 0.000000000000000000 ) ) ;
#5290 = FILL_AREA_STYLE ('',( #4298 ) ) ;
#5291 = VERTEX_POINT ( 'NONE', #2793 ) ;
#5292 = FACE_OUTER_BOUND ( 'NONE', #6794, .T. ) ;
#5293 = EDGE_CURVE ( 'NONE', #5700, #7472, #8177, .T. ) ;
#5294 =( GEOMETRIC_REPRESENTATION_CONTEXT ( 3 ) GLOBAL_UNCERTAINTY_ASSIGNED_CONTEXT ( ( #4334 ) ) GLOBAL_UNIT_ASSIGNED_CONTEXT ( ( #11026, #6409, #4678 ) ) REPRESENTATION_CONTEXT ( 'NONE', 'WORKASPACE' ) );
#5295 = STYLED_ITEM ( 'NONE', ( #7851 ), #11525 ) ;
#5296 =( NAMED_UNIT ( * ) SI_UNIT ( $, .STERADIAN. ) SOLID_ANGLE_UNIT ( ) );
#5297 =( LENGTH_UNIT ( ) NAMED_UNIT ( * ) SI_UNIT ( .MILLI., .METRE. ) );
#5298 = ORIENTED_EDGE ( 'NONE', *, *, #3690, .T. ) ;
#5299 =( GEOMETRIC_REPRESENTATION_CONTEXT ( 3 ) GLOBAL_UNCERTAINTY_ASSIGNED_CONTEXT ( ( #2576 ) ) GLOBAL_UNIT_ASSIGNED_CONTEXT ( ( #1351, #4234, #6150 ) ) REPRESENTATION_CONTEXT ( 'NONE', 'WORKASPACE' ) );
#5300 =( LENGTH_UNIT ( ) NAMED_UNIT ( * ) SI_UNIT ( .MILLI., .METRE. ) );
#5301 =( GEOMETRIC_REPRESENTATION_CONTEXT ( 3 ) GLOBAL_UNCERTAINTY_ASSIGNED_CONTEXT ( ( #4463 ) ) GLOBAL_UNIT_ASSIGNED_CONTEXT ( ( #4744, #3793, #6630 ) ) REPRESENTATION_CONTEXT ( 'NONE', 'WORKASPACE' ) );
#5302 = CARTESIAN_POINT ( 'NONE',  ( 0.3796319354508741473, -12.70999999999999730, 1.151092071692592977 ) ) ;
#5303 =( GEOMETRIC_REPRESENTATION_CONTEXT ( 3 ) GLOBAL_UNCERTAINTY_ASSIGNED_CONTEXT ( ( #2228 ) ) GLOBAL_UNIT_ASSIGNED_CONTEXT ( ( #3151, #2970, #4987 ) ) REPRESENTATION_CONTEXT ( 'NONE', 'WORKASPACE' ) );
#5304 = FACE_BOUND ( 'NONE', #4331, .T. ) ;
#5305 =( LENGTH_UNIT ( ) NAMED_UNIT ( * ) SI_UNIT ( .MILLI., .METRE. ) );
#5306 = ORIENTED_EDGE ( 'NONE', *, *, #240, .F. ) ;
#5307 = CARTESIAN_POINT ( 'NONE',  ( -2.440284693449094267, -12.70999999999999730, 2.731661405519053787 ) ) ;
#5308 = UNCERTAINTY_MEASURE_WITH_UNIT (LENGTH_MEASURE( 1.000000000000000082E-05 ), #370, 'distance_accuracy_value', 'NONE');
#5309 = CARTESIAN_POINT ( 'NONE',  ( 2.562430387770791018, -12.69999999999999751, 1.621755821811721843 ) ) ;
#5310 = B_SPLINE_CURVE_WITH_KNOTS ( 'NONE', 3,
 ( #1690, #5428, #7418, #9206 ),
 .UNSPECIFIED., .F., .F.,
 ( 4, 4 ),
 ( 17.00000000000000000, 18.00000000000000000 ),
 .UNSPECIFIED. ) ;
#5311 = VERTEX_POINT ( 'NONE', #7251 ) ;
#5312 = VECTOR ( 'NONE', #2481, 1000.000000000000000 ) ;
#5313 = CYLINDRICAL_SURFACE ( 'NONE', #965, 0.7999999999999986011 ) ;
#5314 = EDGE_CURVE ( 'NONE', #5236, #5378, #11016, .T. ) ;
#5315 = EDGE_CURVE ( 'NONE', #4350, #3336, #9180, .T. ) ;
#5316 =( LENGTH_UNIT ( ) NAMED_UNIT ( * ) SI_UNIT ( .MILLI., .METRE. ) );
#5317 = CARTESIAN_POINT ( 'NONE',  ( 0.8757697545207784318, -12.69999999999999751, 1.390582978417315596 ) ) ;
#5318 = SURFACE_SIDE_STYLE ('',( #6433 ) ) ;
#5319 = CARTESIAN_POINT ( 'NONE',  ( 0.9747200495550709665, -12.70999999999999730, 1.255067863321315702 ) ) ;
#5320 = DIRECTION ( 'NONE',  ( -0.000000000000000000, -0.000000000000000000, 1.000000000000000000 ) ) ;
#5321 = CARTESIAN_POINT ( 'NONE',  ( 2.232133956356214366, -12.70999999999999730, 2.704836984641384667 ) ) ;
#5322 = B_SPLINE_CURVE_WITH_KNOTS ( 'NONE', 3,
 ( #2786, #7496, #8230, #11246 ),
 .UNSPECIFIED., .F., .F.,
 ( 4, 4 ),
 ( 22.00000000000000000, 23.00000000000000000 ),
 .UNSPECIFIED. ) ;
#5323 = CARTESIAN_POINT ( 'NONE',  ( 0.5567373671960460513, -12.70999999999999730, 1.160449892938023142 ) ) ;
#5325 = CIRCLE ( 'NONE', #9862, 0.7999999999999986011 ) ;
#5324 = UNCERTAINTY_MEASURE_WITH_UNIT (LENGTH_MEASURE( 1.000000000000000082E-05 ), #1317, 'distance_accuracy_value', 'NONE');
#5326 =( GEOMETRIC_REPRESENTATION_CONTEXT ( 3 ) GLOBAL_UNCERTAINTY_ASSIGNED_CONTEXT ( ( #8954 ) ) GLOBAL_UNIT_ASSIGNED_CONTEXT ( ( #5297, #4185, #497 ) ) REPRESENTATION_CONTEXT ( 'NONE', 'WORKASPACE' ) );
#5327 = ORIENTED_EDGE ( 'NONE', *, *, #490, .T. ) ;
#5328 = ORIENTED_EDGE ( 'NONE', *, *, #8360, .F. ) ;
#5329 = VERTEX_POINT ( 'NONE', #8236 ) ;
#5330 =( NAMED_UNIT ( * ) PLANE_ANGLE_UNIT ( ) SI_UNIT ( $, .RADIAN. ) );
#5331 = ADVANCED_FACE ( 'NONE', ( #11994 ), #2618, .F. ) ;
#5332 = FACE_OUTER_BOUND ( 'NONE', #10256, .T. ) ;
#5333 = CARTESIAN_POINT ( 'NONE',  ( 0.9892766603854027396, -12.69999999999999751, 1.242937354297596997 ) ) ;
#5334 = MECHANICAL_DESIGN_GEOMETRIC_PRESENTATION_REPRESENTATION (  '', ( #5903 ), #4 ) ;
#5335 = STYLED_ITEM ( 'NONE', ( #2937 ), #9036 ) ;
#5336 = FILL_AREA_STYLE_COLOUR ( '', #3755 ) ;
#5337 = VERTEX_POINT ( 'NONE', #5810 ) ;
#5338 = CYLINDRICAL_SURFACE ( 'NONE', #7355, 0.7999999999999986011 ) ;
#5339 = VECTOR ( 'NONE', #9422, 1000.000000000000000 ) ;
#5340 = CARTESIAN_POINT ( 'NONE',  ( 1.415404113091203397, -12.70999999999999730, 2.238332266187399888 ) ) ;
#5341 = CARTESIAN_POINT ( 'NONE',  ( 2.079289542656219236, -12.70999999999999730, 2.346467089485896551 ) ) ;
#5342 = DIRECTION ( 'NONE',  ( -0.000000000000000000, 1.000000000000000000, -0.000000000000000000 ) ) ;
#5343 = LINE ( 'NONE', #4424, #2905 ) ;
#5344 = EDGE_CURVE ( 'NONE', #7791, #8267, #190, .T. ) ;
#5345 = STYLED_ITEM ( 'NONE', ( #1704 ), #3640 ) ;
#5346 = CARTESIAN_POINT ( 'NONE',  ( 1.083721337782844074, -12.70999999999999730, 1.172926987933466281 ) ) ;
#5347 = COLOUR_RGB ( '',1.000000000000000000, 1.000000000000000000, 1.000000000000000000 ) ;
#5348 = COLOUR_RGB ( '',1.000000000000000000, 1.000000000000000000, 1.000000000000000000 ) ;
#5349 = ORIENTED_EDGE ( 'NONE', *, *, #3357, .F. ) ;
#5350 = VECTOR ( 'NONE', #8526, 1000.000000000000000 ) ;
#5351 = CARTESIAN_POINT ( 'NONE',  ( -2.690922506454690666, -12.69999999999999751, 2.538863116110706919 ) ) ;
#5352 = VECTOR ( 'NONE', #11312, 1000.000000000000000 ) ;
#5353 = DIRECTION ( 'NONE',  ( -0.000000000000000000, 1.000000000000000000, -0.000000000000000000 ) ) ;
#5354 = CARTESIAN_POINT ( 'NONE',  ( 0.5446068581723050306, -12.70999999999999730, 1.209318515004675687 ) ) ;
#5355 = CARTESIAN_POINT ( 'NONE',  ( 0.7567174731018385669, -12.70999999999999730, 1.102570035597664866 ) ) ;
#5356 = EDGE_LOOP ( 'NONE', ( #10509, #10981, #4891, #8006 ) ) ;
#5357 = CARTESIAN_POINT ( 'NONE',  ( 1.145413640818973677, -12.70999999999999730, 0.8644654727597896882 ) ) ;
#5358 = EDGE_CURVE ( 'NONE', #446, #10068, #11367, .T. ) ;
#5359 = CARTESIAN_POINT ( 'NONE',  ( 2.361583816938017666, -12.70999999999999730, 2.346467089485896551 ) ) ;
#5360 = ORIENTED_EDGE ( 'NONE', *, *, #3807, .F. ) ;
#5361 = DIRECTION ( 'NONE',  ( -0.000000000000000000, 0.000000000000000000, 1.000000000000000000 ) ) ;
#5362 = FACE_OUTER_BOUND ( 'NONE', #2444, .T. ) ;
#5363 = CARTESIAN_POINT ( 'NONE',  ( -1.042497095225886072, -12.70999999999999730, 1.174815439176064569 ) ) ;
#5364 = AXIS2_PLACEMENT_3D ( 'NONE', #4943, #1259, #8630 ) ;
#5365 = CARTESIAN_POINT ( 'NONE',  ( 0.3633423947619750516, -12.70999999999999730, 1.165648682518300117 ) ) ;
#5366 = COLOUR_RGB ( '',1.000000000000000000, 1.000000000000000000, 1.000000000000000000 ) ;
#5367 = SURFACE_STYLE_USAGE ( .BOTH. , #12174 ) ;
#5368 = DIRECTION ( 'NONE',  ( -0.000000000000000000, -0.000000000000000000, 1.000000000000000000 ) ) ;
#5369 = VECTOR ( 'NONE', #10170, 1000.000000000000000 ) ;
#5370 = EDGE_LOOP ( 'NONE', ( #616, #9031 ) ) ;
#5371 = ORIENTED_EDGE ( 'NONE', *, *, #993, .T. ) ;
#5372 = FILL_AREA_STYLE ('',( #7356 ) ) ;
#5373 = CARTESIAN_POINT ( 'NONE',  ( -2.782501583604617412, -12.70999999999999730, 2.268945768346066316 ) ) ;
#5374 = CARTESIAN_POINT ( 'NONE',  ( -2.141447308090255852, -12.69999999999999751, 3.020858839633884685 ) ) ;
#5375 = ORIENTED_EDGE ( 'NONE', *, *, #7670, .F. ) ;
#5376 =( GEOMETRIC_REPRESENTATION_CONTEXT ( 3 ) GLOBAL_UNCERTAINTY_ASSIGNED_CONTEXT ( ( #12120 ) ) GLOBAL_UNIT_ASSIGNED_CONTEXT ( ( #6131, #3330, #9904 ) ) REPRESENTATION_CONTEXT ( 'NONE', 'WORKASPACE' ) );
#5377 =( LENGTH_UNIT ( ) NAMED_UNIT ( * ) SI_UNIT ( .MILLI., .METRE. ) );
#5378 = VERTEX_POINT ( 'NONE', #4025 ) ;
#5379 =( LENGTH_UNIT ( ) NAMED_UNIT ( * ) SI_UNIT ( .MILLI., .METRE. ) );
#5380 = FILL_AREA_STYLE_COLOUR ( '', #6907 ) ;
#5381 = EDGE_CURVE ( 'NONE', #9480, #10194, #9589, .T. ) ;
#5382 = CARTESIAN_POINT ( 'NONE',  ( -3.823612456736237952, -12.70999999999999730, 2.056867392582908849 ) ) ;
#5383 = CARTESIAN_POINT ( 'NONE',  ( 2.264366451762265697, -12.70999999999999730, 1.162875994744636765 ) ) ;
#5384 = ORIENTED_EDGE ( 'NONE', *, *, #8948, .T. ) ;
#5385 = SURFACE_STYLE_USAGE ( .BOTH. , #2 ) ;
#5386 = EDGE_LOOP ( 'NONE', ( #11091, #11496 ) ) ;
#5387 = CARTESIAN_POINT ( 'NONE',  ( 0.7652088294180016126, -12.70999999999999730, 1.383651258973846776 ) ) ;
#5388 = VERTEX_POINT ( 'NONE', #7790 ) ;
#5389 = ADVANCED_FACE ( 'NONE', ( #148 ), #7557, .F. ) ;
#5390 = LINE ( 'NONE', #7428, #5732 ) ;
#5391 = EDGE_CURVE ( 'NONE', #11548, #9735, #803, .T. ) ;
#5392 = ORIENTED_EDGE ( 'NONE', *, *, #7842, .T. ) ;
#5394 = ORIENTED_EDGE ( 'NONE', *, *, #1161, .F. ) ;
#5393 = CARTESIAN_POINT ( 'NONE',  ( -2.295685976389368665, -12.70999999999999730, 1.295314370058009423 ) ) ;
#5395 = SURFACE_STYLE_USAGE ( .BOTH. , #1656 ) ;
#5396 = CARTESIAN_POINT ( 'NONE',  ( 2.175640442902672334, -12.70999999999999730, 2.838965755845903161 ) ) ;
#5397 = FACE_OUTER_BOUND ( 'NONE', #4339, .T. ) ;
#5398 = EDGE_CURVE ( 'NONE', #1860, #740, #11514, .T. ) ;
#5399 = CARTESIAN_POINT ( 'NONE',  ( 1.917433893687110924, -12.70999999999999730, 2.161043594408120772 ) ) ;
#5400 = ORIENTED_EDGE ( 'NONE', *, *, #1475, .F. ) ;
#5401 = PRESENTATION_LAYER_ASSIGNMENT (  '', '', ( #494 ) ) ;
#5402 =( NAMED_UNIT ( * ) SI_UNIT ( $, .STERADIAN. ) SOLID_ANGLE_UNIT ( ) );
#5403 = LINE ( 'NONE', #4430, #10896 ) ;
#5404 = CARTESIAN_POINT ( 'NONE',  ( -2.970479989325513603, -12.69999999999999751, 1.348333642229618601 ) ) ;
#5405 = PRESENTATION_STYLE_ASSIGNMENT (( #11021 ) ) ;
#5406 = ORIENTED_EDGE ( 'NONE', *, *, #11723, .T. ) ;
#5407 =( GEOMETRIC_REPRESENTATION_CONTEXT ( 3 ) GLOBAL_UNCERTAINTY_ASSIGNED_CONTEXT ( ( #6952 ) ) GLOBAL_UNIT_ASSIGNED_CONTEXT ( ( #6741, #8661, #3968 ) ) REPRESENTATION_CONTEXT ( 'NONE', 'WORKASPACE' ) );
#5408 = CARTESIAN_POINT ( 'NONE',  ( 0.9227321537406997232, -12.69999999999999751, 2.760983912123201378 ) ) ;
#5409 =( NAMED_UNIT ( * ) PLANE_ANGLE_UNIT ( ) SI_UNIT ( $, .RADIAN. ) );
#5410 = ORIENTED_EDGE ( 'NONE', *, *, #4105, .T. ) ;
#5411 = DIRECTION ( 'NONE',  ( 1.000000000000000000, 0.000000000000000000, 0.000000000000000000 ) ) ;
#5412 = PRESENTATION_LAYER_ASSIGNMENT (  '', '', ( #294 ) ) ;
#5413 = FILL_AREA_STYLE_COLOUR ( '', #12165 ) ;
#5414 = CARTESIAN_POINT ( 'NONE',  ( 1.663906255085007002, -12.69999999999999751, 2.739842167825746522 ) ) ;
#5415 = UNCERTAINTY_MEASURE_WITH_UNIT (LENGTH_MEASURE( 1.000000000000000082E-05 ), #8476, 'distance_accuracy_value', 'NONE');
#5416 = CARTESIAN_POINT ( 'NONE',  ( 3.077803728296038432, -12.70999999999999730, 1.638738534444029060 ) ) ;
#5417 = EDGE_CURVE ( 'NONE', #2342, #8166, #87, .T. ) ;
#5418 =( NAMED_UNIT ( * ) SI_UNIT ( $, .STERADIAN. ) SOLID_ANGLE_UNIT ( ) );
#5419 = FACE_OUTER_BOUND ( 'NONE', #1439, .T. ) ;
#5420 =( NAMED_UNIT ( * ) PLANE_ANGLE_UNIT ( ) SI_UNIT ( $, .RADIAN. ) );
#5421 = ORIENTED_EDGE ( 'NONE', *, *, #2246, .T. ) ;
#5422 = CARTESIAN_POINT ( 'NONE',  ( -1.047317162782429367, -12.69999999999999751, 1.753210123538929910 ) ) ;
#5423 = ORIENTED_EDGE ( 'NONE', *, *, #5293, .T. ) ;
#5424 = CARTESIAN_POINT ( 'NONE',  ( -0.1932746764407473894, -12.70999999999999730, 1.763509484403121608 ) ) ;
#5425 = ADVANCED_FACE ( 'NONE', ( #11729 ), #11690, .F. ) ;
#5426 = LINE ( 'NONE', #7852, #90 ) ;
#5427 = CARTESIAN_POINT ( 'NONE',  ( -19.25000000000000355, -9.249999999999996447, -4.000000000000000000 ) ) ;
#5428 = CARTESIAN_POINT ( 'NONE',  ( 1.065525574247239371, -12.69999999999999751, 1.137921804753728727 ) ) ;
#5429 = FILL_AREA_STYLE_COLOUR ( '', #4015 ) ;
#5430 = CARTESIAN_POINT ( 'NONE',  ( 1.372947331505799617, -12.69999999999999751, 1.012457682851205742 ) ) ;
#5431 = CARTESIAN_POINT ( 'NONE',  ( 0.6572472991076564464, -12.70999999999999730, 2.841045271680787465 ) ) ;
#5432 = LINE ( 'NONE', #7423, #8447 ) ;
#5433 = EDGE_CURVE ( 'NONE', #11573, #7100, #5426, .T. ) ;
#5434 = FILL_AREA_STYLE_COLOUR ( '', #10581 ) ;
#5435 = CARTESIAN_POINT ( 'NONE',  ( -1.789590466688415260, -12.69999999999999751, 1.314593904812450864 ) ) ;
#5436 = PRESENTATION_LAYER_ASSIGNMENT (  '', '', ( #3657 ) ) ;
#5437 = PRESENTATION_STYLE_ASSIGNMENT (( #8157 ) ) ;
#5438 = ORIENTED_EDGE ( 'NONE', *, *, #6878, .T. ) ;
#5439 = LINE ( 'NONE', #11978, #5530 ) ;
#5440 = EDGE_CURVE ( 'NONE', #9146, #2026, #9900, .T. ) ;
#5441 = CARTESIAN_POINT ( 'NONE',  ( 0.5446068581723050306, -12.70999999999999730, 1.209318515004675687 ) ) ;
#5442 = PRESENTATION_STYLE_ASSIGNMENT (( #1703 ) ) ;
#5443 =( LENGTH_UNIT ( ) NAMED_UNIT ( * ) SI_UNIT ( .MILLI., .METRE. ) );
#5444 = VERTEX_POINT ( 'NONE', #4510 ) ;
#5445 = LINE ( 'NONE', #7381, #10871 ) ;
#5447 = VERTEX_POINT ( 'NONE', #11675 ) ;
#5446 = CARTESIAN_POINT ( 'NONE',  ( -2.854800942131015429, -12.69999999999999751, 2.312325365080770023 ) ) ;
#5448 = CARTESIAN_POINT ( 'NONE',  ( 1.599961143235076433, -12.70999999999999730, 2.238332266187399888 ) ) ;
#5449 = CARTESIAN_POINT ( 'NONE',  ( -2.719842176319917648, -12.69999999999999751, 2.832880502860726679 ) ) ;
#5450 = FILL_AREA_STYLE_COLOUR ( '', #8609 ) ;
#5451 = CARTESIAN_POINT ( 'NONE',  ( -2.594523361750517232, -12.69999999999999751, 1.348333642229618601 ) ) ;
#5452 = DIRECTION ( 'NONE',  ( 1.000000000000000000, 0.000000000000000000, 0.000000000000000000 ) ) ;
#5453 = VERTEX_POINT ( 'NONE', #8978 ) ;
#5454 = ADVANCED_FACE ( 'NONE', ( #711 ), #7062, .F. ) ;
#5455 =( NAMED_UNIT ( * ) PLANE_ANGLE_UNIT ( ) SI_UNIT ( $, .RADIAN. ) );
#5456 = EDGE_CURVE ( 'NONE', #8882, #7862, #2872, .T. ) ;
#5457 = CARTESIAN_POINT ( 'NONE',  ( 3.077803728296038432, -12.69999999999999751, 1.638738534444029060 ) ) ;
#5458 = CARTESIAN_POINT ( 'NONE',  ( 1.232406719817708218, -12.69999999999999751, 0.9303168074587356839 ) ) ;
#5459 = CARTESIAN_POINT ( 'NONE',  ( 2.527425204591026375, -12.70999999999999730, 2.161043594408120772 ) ) ;
#5460 = CARTESIAN_POINT ( 'NONE',  ( 1.327891155132578049, -12.69999999999999751, 2.161043594408120772 ) ) ;
#5461 = VERTEX_POINT ( 'NONE', #7413 ) ;
#5462 = SURFACE_STYLE_FILL_AREA ( #5644 ) ;
#5463 = B_SPLINE_CURVE_WITH_KNOTS ( 'NONE', 3,
 ( #8603, #2965, #6676, #8665 ),
 .UNSPECIFIED., .F., .F.,
 ( 4, 4 ),
 ( 4.000000000000000000, 5.000000000000000000 ),
 .UNSPECIFIED. ) ;
#5464 = ORIENTED_EDGE ( 'NONE', *, *, #10650, .T. ) ;
#5465 = EDGE_LOOP ( 'NONE', ( #6388, #10946, #4274, #1075 ) ) ;
#5466 = PRESENTATION_LAYER_ASSIGNMENT (  '', '', ( #6821 ) ) ;
#5467 = MECHANICAL_DESIGN_GEOMETRIC_PRESENTATION_REPRESENTATION (  '', ( #2705 ), #9419 ) ;
#5468 = UNCERTAINTY_MEASURE_WITH_UNIT (LENGTH_MEASURE( 1.000000000000000082E-05 ), #1469, 'distance_accuracy_value', 'NONE');
#5469 = CARTESIAN_POINT ( 'NONE',  ( 1.845690597459819671, -12.70999999999999730, 2.319433383660117087 ) ) ;
#5470 = CARTESIAN_POINT ( 'NONE',  ( 3.210546155609103725, -12.70999999999999730, 1.271010818038490475 ) ) ;
#5471 =( LENGTH_UNIT ( ) NAMED_UNIT ( * ) SI_UNIT ( .MILLI., .METRE. ) );
#5472 = VERTEX_POINT ( 'NONE', #7587 ) ;
#5473 = PRESENTATION_LAYER_ASSIGNMENT (  '', '', ( #5083 ) ) ;
#5474 = ADVANCED_FACE ( 'NONE', ( #7476 ), #2138, .T. ) ;
#5475 = MECHANICAL_DESIGN_GEOMETRIC_PRESENTATION_REPRESENTATION (  '', ( #2322 ), #7477 ) ;
#5476 = DIRECTION ( 'NONE',  ( 0.000000000000000000, -0.000000000000000000, 1.000000000000000000 ) ) ;
#5477 = PRESENTATION_LAYER_ASSIGNMENT (  '', '', ( #4714 ) ) ;
#5478 = SURFACE_STYLE_FILL_AREA ( #11156 ) ;
#5479 = PRESENTATION_STYLE_ASSIGNMENT (( #4759 ) ) ;
#5480 = CARTESIAN_POINT ( 'NONE',  ( 0.2838009141642797162, -12.69999999999999751, 2.411278666269728088 ) ) ;
#5481 = ORIENTED_EDGE ( 'NONE', *, *, #5747, .T. ) ;
#5482 = VECTOR ( 'NONE', #46, 1000.000000000000000 ) ;
#5483 = CARTESIAN_POINT ( 'NONE',  ( 1.060500077652813067, -12.70999999999999730, 1.476882885470318429 ) ) ;
#5484 = EDGE_CURVE ( 'NONE', #7708, #12150, #8457, .T. ) ;
#5485 =( GEOMETRIC_REPRESENTATION_CONTEXT ( 3 ) GLOBAL_UNCERTAINTY_ASSIGNED_CONTEXT ( ( #5912 ) ) GLOBAL_UNIT_ASSIGNED_CONTEXT ( ( #2318, #3226, #6877 ) ) REPRESENTATION_CONTEXT ( 'NONE', 'WORKASPACE' ) );
#5486 = B_SPLINE_CURVE_WITH_KNOTS ( 'NONE', 3,
 ( #10340, #11141, #1900, #9415 ),
 .UNSPECIFIED., .F., .F.,
 ( 4, 4 ),
 ( 2.000000000000000000, 3.000000000000000000 ),
 .UNSPECIFIED. ) ;
#5487 = B_SPLINE_SURFACE_WITH_KNOTS ( 'NONE', 3, 1, ( 
 ( #2951, #5863 ),
 ( #4019, #10519 ),
 ( #9643, #266 ),
 ( #11531, #9703 ) ),
 .UNSPECIFIED., .F., .F., .F.,
 ( 4, 4 ),
 ( 2, 2 ),
 ( 1.000000000000000000, 2.000000000000000000 ),
 ( 0.000000000000000000, 1.000000000000000000 ),
 .UNSPECIFIED. ) ;
#5488 = SURFACE_SIDE_STYLE ('',( #7291 ) ) ;
#5489 = CARTESIAN_POINT ( 'NONE',  ( 2.511395603380361941, -12.70999999999999730, 1.741111365954748802 ) ) ;
#5490 = DIRECTION ( 'NONE',  ( -0.000000000000000000, -0.000000000000000000, 1.000000000000000000 ) ) ;
#5491 = FILL_AREA_STYLE ('',( #897 ) ) ;
#5492 = CARTESIAN_POINT ( 'NONE',  ( 0.5832511940619400370, -12.69999999999999751, 1.580858677103661680 ) ) ;
#5493 = COLOUR_RGB ( '',1.000000000000000000, 1.000000000000000000, 1.000000000000000000 ) ;
#5494 =( NAMED_UNIT ( * ) SI_UNIT ( $, .STERADIAN. ) SOLID_ANGLE_UNIT ( ) );
#5495 = DIRECTION ( 'NONE',  ( 0.000000000000000000, 0.000000000000000000, -1.000000000000000000 ) ) ;
#5496 = CARTESIAN_POINT ( 'NONE',  ( 0.8352191957844155024, -12.70999999999999730, 2.161043594408120772 ) ) ;
#5497 = VERTEX_POINT ( 'NONE', #3754 ) ;
#5498 = EDGE_LOOP ( 'NONE', ( #12178, #825, #9847 ) ) ;
#5499 = LINE ( 'NONE', #8647, #226 ) ;
#5500 = FACE_OUTER_BOUND ( 'NONE', #9117, .T. ) ;
#5501 = EDGE_CURVE ( 'NONE', #4299, #7153, #11904, .T. ) ;
#5502 = ORIENTED_EDGE ( 'NONE', *, *, #240, .T. ) ;
#5503 = ORIENTED_EDGE ( 'NONE', *, *, #9616, .T. ) ;
#5504 =( LENGTH_UNIT ( ) NAMED_UNIT ( * ) SI_UNIT ( .MILLI., .METRE. ) );
#5505 = ORIENTED_EDGE ( 'NONE', *, *, #11072, .T. ) ;
#5506 = LINE ( 'NONE', #11303, #9684 ) ;
#5507 = VECTOR ( 'NONE', #10120, 1000.000000000000000 ) ;
#5508 = CARTESIAN_POINT ( 'NONE',  ( -2.295685976389368665, -12.70999999999999730, 1.276034467570012598 ) ) ;
#5509 = CARTESIAN_POINT ( 'NONE',  ( 1.200174224411630020, -12.69999999999999751, 0.8575337533163209791 ) ) ;
#5510 = CARTESIAN_POINT ( 'NONE',  ( -0.1932746764407473894, -12.70999999999999730, 2.838965755845903161 ) ) ;
#5511 =( LENGTH_UNIT ( ) NAMED_UNIT ( * ) SI_UNIT ( .MILLI., .METRE. ) );
#5512 = ORIENTED_EDGE ( 'NONE', *, *, #9930, .F. ) ;
#5513 = DIRECTION ( 'NONE',  ( 0.000000000000000000, 0.000000000000000000, -1.000000000000000000 ) ) ;
#5514 = VECTOR ( 'NONE', #350, 1000.000000000000000 ) ;
#5515 = LINE ( 'NONE', #30, #4177 ) ;
#5516 =( GEOMETRIC_REPRESENTATION_CONTEXT ( 3 ) GLOBAL_UNCERTAINTY_ASSIGNED_CONTEXT ( ( #636 ) ) GLOBAL_UNIT_ASSIGNED_CONTEXT ( ( #1434, #1552, #3304 ) ) REPRESENTATION_CONTEXT ( 'NONE', 'WORKASPACE' ) );
#5517 = CARTESIAN_POINT ( 'NONE',  ( 0.3387347907427868399, -12.70999999999999730, 1.222142195971842815 ) ) ;
#5518 =( LENGTH_UNIT ( ) NAMED_UNIT ( * ) SI_UNIT ( .MILLI., .METRE. ) );
#5519 = CARTESIAN_POINT ( 'NONE',  ( -1.649811633320760862, -12.70999999999999730, 1.083236178157049645 ) ) ;
#5520 = ORIENTED_EDGE ( 'NONE', *, *, #7842, .F. ) ;
#5521 = PRESENTATION_LAYER_ASSIGNMENT (  '', '', ( #3939 ) ) ;
#5522 = CARTESIAN_POINT ( 'NONE',  ( -0.9268182319027946647, -12.70999999999999730, 1.300134253745478308 ) ) ;
#5523 = EDGE_CURVE ( 'NONE', #7620, #6537, #3629, .T. ) ;
#5524 = CARTESIAN_POINT ( 'NONE',  ( 0.5870636397553690156, -12.69999999999999751, 2.149606257327805636 ) ) ;
#5525 = ORIENTED_EDGE ( 'NONE', *, *, #3039, .T. ) ;
#5526 = AXIS2_PLACEMENT_3D ( 'NONE', #6808, #4101, #2148 ) ;
#5527 = VERTEX_POINT ( 'NONE', #10181 ) ;
#5528 = MECHANICAL_DESIGN_GEOMETRIC_PRESENTATION_REPRESENTATION (  '', ( #11224 ), #4348 ) ;
#5529 = DIRECTION ( 'NONE',  ( 0.000000000000000000, 0.000000000000000000, -1.000000000000000000 ) ) ;
#5530 = VECTOR ( 'NONE', #9216, 1000.000000000000000 ) ;
#5531 = FILL_AREA_STYLE_COLOUR ( '', #5611 ) ;
#5532 =( GEOMETRIC_REPRESENTATION_CONTEXT ( 3 ) GLOBAL_UNCERTAINTY_ASSIGNED_CONTEXT ( ( #10232 ) ) GLOBAL_UNIT_ASSIGNED_CONTEXT ( ( #5443, #3715, #8167 ) ) REPRESENTATION_CONTEXT ( 'NONE', 'WORKASPACE' ) );
#5533 = VERTEX_POINT ( 'NONE', #1743 ) ;
#5534 = MECHANICAL_DESIGN_GEOMETRIC_PRESENTATION_REPRESENTATION (  '', ( #6739 ), #5185 ) ;
#5535 = UNCERTAINTY_MEASURE_WITH_UNIT (LENGTH_MEASURE( 1.000000000000000082E-05 ), #2548, 'distance_accuracy_value', 'NONE');
#5536 = STYLED_ITEM ( 'NONE', ( #4724 ), #7995 ) ;
#5537 = MECHANICAL_DESIGN_GEOMETRIC_PRESENTATION_REPRESENTATION (  '', ( #4568 ), #1823 ) ;
#5538 = LINE ( 'NONE', #880, #4701 ) ;
#5539 = VECTOR ( 'NONE', #3210, 1000.000000000000114 ) ;
#5540 = PRESENTATION_STYLE_ASSIGNMENT (( #2578 ) ) ;
#5541 =( GEOMETRIC_REPRESENTATION_CONTEXT ( 3 ) GLOBAL_UNCERTAINTY_ASSIGNED_CONTEXT ( ( #4191 ) ) GLOBAL_UNIT_ASSIGNED_CONTEXT ( ( #4252, #9937, #9877 ) ) REPRESENTATION_CONTEXT ( 'NONE', 'WORKASPACE' ) );
#5542 = CARTESIAN_POINT ( 'NONE',  ( -3.519955003823156847, -12.70999999999999730, 1.859249403353907093 ) ) ;
#5543 = COLOUR_RGB ( '',1.000000000000000000, 1.000000000000000000, 1.000000000000000000 ) ;
#5544 =( NAMED_UNIT ( * ) PLANE_ANGLE_UNIT ( ) SI_UNIT ( $, .RADIAN. ) );
#5545 = CARTESIAN_POINT ( 'NONE',  ( -1.216015666015310526, -12.69999999999999751, 2.129166751113926281 ) ) ;
#5546 = EDGE_LOOP ( 'NONE', ( #10431, #6498, #8877, #1402 ) ) ;
#5547 = CARTESIAN_POINT ( 'NONE',  ( 22.05000000000000426, 11.90000000000000036, 20.69999999999999929 ) ) ;
#5548 = EDGE_LOOP ( 'NONE', ( #1085, #7327, #6181, #7444 ) ) ;
#5549 = STYLED_ITEM ( 'NONE', ( #6432 ), #8271 ) ;
#5550 = ADVANCED_FACE ( 'NONE', ( #4762 ), #2702, .T. ) ;
#5551 = AXIS2_PLACEMENT_3D ( 'NONE', #5427, #1560, #3631 ) ;
#5552 =( NAMED_UNIT ( * ) SI_UNIT ( $, .STERADIAN. ) SOLID_ANGLE_UNIT ( ) );
#5553 = FACE_OUTER_BOUND ( 'NONE', #10998, .T. ) ;
#5554 = UNCERTAINTY_MEASURE_WITH_UNIT (LENGTH_MEASURE( 1.000000000000000082E-05 ), #7215, 'distance_accuracy_value', 'NONE');
#5555 = CARTESIAN_POINT ( 'NONE',  ( 19.24999999999999645, -9.249999999999994671, -4.000000000000000000 ) ) ;
#5556 =( NAMED_UNIT ( * ) PLANE_ANGLE_UNIT ( ) SI_UNIT ( $, .RADIAN. ) );
#5557 = CARTESIAN_POINT ( 'NONE',  ( 0.1919556315546779024, -12.70999999999999730, 2.487180994157543790 ) ) ;
#5558 = CARTESIAN_POINT ( 'NONE',  ( 0.6416509303622062177, -12.70999999999999730, 1.397168111884435238 ) ) ;
#5559 = EDGE_CURVE ( 'NONE', #4246, #5705, #11520, .T. ) ;
#5560 = DIRECTION ( 'NONE',  ( 1.000000000000000000, -0.000000000000000000, -0.000000000000000000 ) ) ;
#5561 = CARTESIAN_POINT ( 'NONE',  ( 0.5203458401248410858, -12.70999999999999730, 1.183324567098666957 ) ) ;
#5562 = ORIENTED_EDGE ( 'NONE', *, *, #3711, .F. ) ;
#5563 =( GEOMETRIC_REPRESENTATION_CONTEXT ( 3 ) GLOBAL_UNCERTAINTY_ASSIGNED_CONTEXT ( ( #10541 ) ) GLOBAL_UNIT_ASSIGNED_CONTEXT ( ( #6210, #2382, #9183 ) ) REPRESENTATION_CONTEXT ( 'NONE', 'WORKASPACE' ) );
#5564 = FILL_AREA_STYLE_COLOUR ( '', #5072 ) ;
#5565 = CARTESIAN_POINT ( 'NONE',  ( -0.1057617184844371061, -12.70999999999999730, 2.238332266187399888 ) ) ;
#5566 = VERTEX_POINT ( 'NONE', #8757 ) ;
#5567 = DIRECTION ( 'NONE',  ( -0.000000000000000000, 1.000000000000000000, -0.000000000000000000 ) ) ;
#5568 = CARTESIAN_POINT ( 'NONE',  ( 1.879829315710288773, -12.69999999999999751, 2.609179256338330255 ) ) ;
#5569 = COLOUR_RGB ( '',1.000000000000000000, 1.000000000000000000, 1.000000000000000000 ) ;
#5570 =( NAMED_UNIT ( * ) PLANE_ANGLE_UNIT ( ) SI_UNIT ( $, .RADIAN. ) );
#5571 = SURFACE_STYLE_USAGE ( .BOTH. , #10827 ) ;
#5572 = ORIENTED_EDGE ( 'NONE', *, *, #739, .F. ) ;
#5573 = ORIENTED_EDGE ( 'NONE', *, *, #6843, .F. ) ;
#5574 = ORIENTED_EDGE ( 'NONE', *, *, #8380, .T. ) ;
#5575 = SURFACE_STYLE_FILL_AREA ( #1041 ) ;
#5576 = ADVANCED_FACE ( 'NONE', ( #5052 ), #6706, .F. ) ;
#5577 = SURFACE_STYLE_FILL_AREA ( #7246 ) ;
#5578 = SURFACE_SIDE_STYLE ('',( #6565 ) ) ;
#5579 = CARTESIAN_POINT ( 'NONE',  ( -2.502944008800396691, -12.69999999999999751, 1.671271089566408241 ) ) ;
#5580 = STYLED_ITEM ( 'NONE', ( #7271 ), #7422 ) ;
#5581 = B_SPLINE_SURFACE_WITH_KNOTS ( 'NONE', 3, 1, ( 
 ( #4461, #3819 ),
 ( #7595, #3942 ),
 ( #9522, #10566 ),
 ( #5910, #3054 ) ),
 .UNSPECIFIED., .F., .F., .F.,
 ( 4, 4 ),
 ( 2, 2 ),
 ( 4.000000000000000000, 5.000000000000000000 ),
 ( 0.000000000000000000, 1.000000000000000000 ),
 .UNSPECIFIED. ) ;
#5582 = CARTESIAN_POINT ( 'NONE',  ( 1.917433893687110924, -12.70999999999999730, 2.161043594408120772 ) ) ;
#5583 = ORIENTED_EDGE ( 'NONE', *, *, #5232, .F. ) ;
#5584 = VERTEX_POINT ( 'NONE', #9799 ) ;
#5585 = CARTESIAN_POINT ( 'NONE',  ( 0.8378185905745648698, -12.69999999999999751, 1.074149985885020087 ) ) ;
#5586 = CARTESIAN_POINT ( 'NONE',  ( -1.900449446328667413, -12.70999999999999730, 3.020858839633884685 ) ) ;
#5587 = CARTESIAN_POINT ( 'NONE',  ( -2.970479897392115820, -12.69999999999999751, 2.625622355537572172 ) ) ;
#5588 = DIRECTION ( 'NONE',  ( -0.000000000000000000, 1.000000000000000000, -0.000000000000000000 ) ) ;
#5589 = ORIENTED_EDGE ( 'NONE', *, *, #5456, .F. ) ;
#5590 = CARTESIAN_POINT ( 'NONE',  ( -2.295685976389368665, -12.70999999999999730, 1.247114797702457700 ) ) ;
#5591 = CARTESIAN_POINT ( 'NONE',  ( 1.200174224411630020, -12.70999999999999730, 0.8575337533163209791 ) ) ;
#5592 =( LENGTH_UNIT ( ) NAMED_UNIT ( * ) SI_UNIT ( .MILLI., .METRE. ) );
#5593 = LINE ( 'NONE', #4622, #4096 ) ;
#5594 = ORIENTED_EDGE ( 'NONE', *, *, #9323, .T. ) ;
#5595 = UNCERTAINTY_MEASURE_WITH_UNIT (LENGTH_MEASURE( 1.000000000000000082E-05 ), #7288, 'distance_accuracy_value', 'NONE');
#5596 = STYLED_ITEM ( 'NONE', ( #8374 ), #5048 ) ;
#5597 = CARTESIAN_POINT ( 'NONE',  ( 1.787810740119434083, -12.69999999999999751, 2.590810199819180593 ) ) ;
#5598 = CARTESIAN_POINT ( 'NONE',  ( -3.621174262048271864, -12.70999999999999730, 1.324234039920944239 ) ) ;
#5599 = UNCERTAINTY_MEASURE_WITH_UNIT (LENGTH_MEASURE( 1.000000000000000082E-05 ), #10962, 'distance_accuracy_value', 'NONE');
#5600 = B_SPLINE_SURFACE_WITH_KNOTS ( 'NONE', 3, 1, ( 
 ( #11142, #4739 ),
 ( #9595, #279 ),
 ( #10635, #6007 ),
 ( #9541, #7684 ) ),
 .UNSPECIFIED., .F., .F., .F.,
 ( 4, 4 ),
 ( 2, 2 ),
 ( 2.000000000000000000, 3.000000000000000000 ),
 ( 0.000000000000000000, 1.000000000000000000 ),
 .UNSPECIFIED. ) ;
#5601 = DIRECTION ( 'NONE',  ( 1.000000000000000000, -0.000000000000000000, -0.000000000000000000 ) ) ;
#5602 =( GEOMETRIC_REPRESENTATION_CONTEXT ( 3 ) GLOBAL_UNCERTAINTY_ASSIGNED_CONTEXT ( ( #11577 ) ) GLOBAL_UNIT_ASSIGNED_CONTEXT ( ( #2912, #7801, #3914 ) ) REPRESENTATION_CONTEXT ( 'NONE', 'WORKASPACE' ) );
#5603 = EDGE_CURVE ( 'NONE', #8155, #6562, #5843, .T. ) ;
#5604 = ORIENTED_EDGE ( 'NONE', *, *, #11970, .F. ) ;
#5605 = CARTESIAN_POINT ( 'NONE',  ( 0.2789487105533901556, -12.69999999999999751, 2.242144711880838415 ) ) ;
#5606 = STYLED_ITEM ( 'NONE', ( #11341 ), #5474 ) ;
#5607 = SURFACE_STYLE_USAGE ( .BOTH. , #3209 ) ;
#5608 = CARTESIAN_POINT ( 'NONE',  ( 2.512868593760694935, -12.70999999999999730, 1.664385896378344887 ) ) ;
#5609 = ORIENTED_EDGE ( 'NONE', *, *, #10597, .F. ) ;
#5610 = LINE ( 'NONE', #12135, #10404 ) ;
#5611 = COLOUR_RGB ( '',1.000000000000000000, 1.000000000000000000, 1.000000000000000000 ) ;
#5612 = ADVANCED_FACE ( 'NONE', ( #10608 ), #1133, .T. ) ;
#5613 =( NAMED_UNIT ( * ) PLANE_ANGLE_UNIT ( ) SI_UNIT ( $, .RADIAN. ) );
#5614 = SURFACE_STYLE_USAGE ( .BOTH. , #5488 ) ;
#5615 = ORIENTED_EDGE ( 'NONE', *, *, #1225, .F. ) ;
#5616 = COLOUR_RGB ( '',1.000000000000000000, 1.000000000000000000, 1.000000000000000000 ) ;
#5617 = SURFACE_STYLE_FILL_AREA ( #5491 ) ;
#5618 = CARTESIAN_POINT ( 'NONE',  ( 0.7572373520594096741, -12.69999999999999751, 1.439105014512265912 ) ) ;
#5619 = LINE ( 'NONE', #9396, #4261 ) ;
#5620 = CARTESIAN_POINT ( 'NONE',  ( -22.05000000000000426, 11.89999999999999503, 20.69999999999999929 ) ) ;
#5621 = SURFACE_SIDE_STYLE ('',( #1028 ) ) ;
#5622 = ORIENTED_EDGE ( 'NONE', *, *, #12181, .F. ) ;
#5623 = ORIENTED_EDGE ( 'NONE', *, *, #10198, .F. ) ;
#5624 = CARTESIAN_POINT ( 'NONE',  ( -2.141447308090255852, -12.70999999999999730, 3.020858839633884685 ) ) ;
#5625 = FILL_AREA_STYLE_COLOUR ( '', #2430 ) ;
#5626 =( NAMED_UNIT ( * ) SI_UNIT ( $, .STERADIAN. ) SOLID_ANGLE_UNIT ( ) );
#5627 =( NAMED_UNIT ( * ) SI_UNIT ( $, .STERADIAN. ) SOLID_ANGLE_UNIT ( ) );
#5628 = VERTEX_POINT ( 'NONE', #2987 ) ;
#5629 = LINE ( 'NONE', #9406, #3358 ) ;
#5630 = VERTEX_POINT ( 'NONE', #6762 ) ;
#5631 = CARTESIAN_POINT ( 'NONE',  ( 0.7572373520594096741, -12.70999999999999730, 1.439105014512265912 ) ) ;
#5632 = CARTESIAN_POINT ( 'NONE',  ( -1.640171865943553797, -12.70999999999999730, 1.382073379651379552 ) ) ;
#5633 = FILL_AREA_STYLE_COLOUR ( '', #7826 ) ;
#5634 =( NAMED_UNIT ( * ) PLANE_ANGLE_UNIT ( ) SI_UNIT ( $, .RADIAN. ) );
#5635 = PRESENTATION_STYLE_ASSIGNMENT (( #12107 ) ) ;
#5636 = ORIENTED_EDGE ( 'NONE', *, *, #308, .F. ) ;
#5637 = ADVANCED_FACE ( 'NONE', ( #2163 ), #5201, .F. ) ;
#5638 = CARTESIAN_POINT ( 'NONE',  ( 2.361583816938019442, -12.69999999999999751, 2.346467089485895663 ) ) ;
#5639 = ORIENTED_EDGE ( 'NONE', *, *, #7143, .T. ) ;
#5640 = FACE_OUTER_BOUND ( 'NONE', #6847, .T. ) ;
#5641 = CARTESIAN_POINT ( 'NONE',  ( 0.6151804267427551931, -12.70999999999999730, 2.159483957532534859 ) ) ;
#5642 = ORIENTED_EDGE ( 'NONE', *, *, #11592, .T. ) ;
#5643 = CARTESIAN_POINT ( 'NONE',  ( 0.5832511940619400370, -12.70999999999999730, 1.580858677103661680 ) ) ;
#5644 = FILL_AREA_STYLE ('',( #4743 ) ) ;
#5645 = FACE_OUTER_BOUND ( 'NONE', #2215, .T. ) ;
#5646 = FACE_OUTER_BOUND ( 'NONE', #11896, .T. ) ;
#5647 = VECTOR ( 'NONE', #3338, 1000.000000000000000 ) ;
#5648 = EDGE_LOOP ( 'NONE', ( #1590, #3902, #2265, #659 ) ) ;
#5649 = LINE ( 'NONE', #2630, #10928 ) ;
#5650 = CARTESIAN_POINT ( 'NONE',  ( 0.2208955602248437455, -12.69999999999999751, 2.303837014914657200 ) ) ;
#5651 = LINE ( 'NONE', #4751, #186 ) ;
#5652 =( LENGTH_UNIT ( ) NAMED_UNIT ( * ) SI_UNIT ( .MILLI., .METRE. ) );
#5653 = CARTESIAN_POINT ( 'NONE',  ( 1.362029873383048040, -12.70999999999999730, 1.165995268490024550 ) ) ;
#5654 = EDGE_CURVE ( 'NONE', #8420, #10469, #1830, .T. ) ;
#5655 = PRESENTATION_LAYER_ASSIGNMENT (  '', '', ( #3677 ) ) ;
#5656 =( LENGTH_UNIT ( ) NAMED_UNIT ( * ) SI_UNIT ( .MILLI., .METRE. ) );
#5657 =( LENGTH_UNIT ( ) NAMED_UNIT ( * ) SI_UNIT ( .MILLI., .METRE. ) );
#5658 = FILL_AREA_STYLE ('',( #1916 ) ) ;
#5659 = CARTESIAN_POINT ( 'NONE',  ( 1.060500077652813067, -12.69999999999999751, 1.559370346829860754 ) ) ;
#5660 = CARTESIAN_POINT ( 'NONE',  ( 0.3387347907427868399, -12.69999999999999751, 1.198920935844121960 ) ) ;
#5661 =( NAMED_UNIT ( * ) SI_UNIT ( $, .STERADIAN. ) SOLID_ANGLE_UNIT ( ) );
#5662 = CARTESIAN_POINT ( 'NONE',  ( 0.2999171618649952853, -12.70999999999999730, 1.535802500730442999 ) ) ;
#5663 = MECHANICAL_DESIGN_GEOMETRIC_PRESENTATION_REPRESENTATION (  '', ( #7647 ), #2519 ) ;
#5664 =( GEOMETRIC_REPRESENTATION_CONTEXT ( 3 ) GLOBAL_UNCERTAINTY_ASSIGNED_CONTEXT ( ( #3214 ) ) GLOBAL_UNIT_ASSIGNED_CONTEXT ( ( #7733, #6121, #9710 ) ) REPRESENTATION_CONTEXT ( 'NONE', 'WORKASPACE' ) );
#5665 = UNCERTAINTY_MEASURE_WITH_UNIT (LENGTH_MEASURE( 1.000000000000000082E-05 ), #5021, 'distance_accuracy_value', 'NONE');
#5666 = CARTESIAN_POINT ( 'NONE',  ( 1.684181534457815488, -12.70999999999999730, 1.763509484403121608 ) ) ;
#5667 = ORIENTED_EDGE ( 'NONE', *, *, #11451, .T. ) ;
#5668 = CARTESIAN_POINT ( 'NONE',  ( 2.033366901353705902, -12.69999999999999751, 1.763509484403121608 ) ) ;
#5669 =( NAMED_UNIT ( * ) SI_UNIT ( $, .STERADIAN. ) SOLID_ANGLE_UNIT ( ) );
#5670 = B_SPLINE_SURFACE_WITH_KNOTS ( 'NONE', 3, 1, ( 
 ( #2168, #7830 ),
 ( #1023, #4777 ),
 ( #8582, #130 ),
 ( #3878, #6721 ) ),
 .UNSPECIFIED., .F., .F., .F.,
 ( 4, 4 ),
 ( 2, 2 ),
 ( 12.00000000000000000, 13.00000000000000000 ),
 ( 0.000000000000000000, 1.000000000000000000 ),
 .UNSPECIFIED. ) ;
#5671 = SURFACE_STYLE_USAGE ( .BOTH. , #69 ) ;
#5672 = STYLED_ITEM ( 'NONE', ( #7645 ), #2280 ) ;
#5673 = EDGE_CURVE ( 'NONE', #2889, #11977, #4188, .T. ) ;
#5674 =( NAMED_UNIT ( * ) SI_UNIT ( $, .STERADIAN. ) SOLID_ANGLE_UNIT ( ) );
#5675 = MECHANICAL_DESIGN_GEOMETRIC_PRESENTATION_REPRESENTATION (  '', ( #11204 ), #9631 ) ;
#5676 = VECTOR ( 'NONE', #2000, 1000.000000000000000 ) ;
#5677 = DIRECTION ( 'NONE',  ( -0.000000000000000000, -0.000000000000000000, 1.000000000000000000 ) ) ;
#5678 = ORIENTED_EDGE ( 'NONE', *, *, #11512, .T. ) ;
#5679 = CARTESIAN_POINT ( 'NONE',  ( 0.6416509303622062177, -12.70999999999999730, 1.085587322965344104 ) ) ;
#5680 = MECHANICAL_DESIGN_GEOMETRIC_PRESENTATION_REPRESENTATION (  '', ( #2335 ), #5299 ) ;
#5681 = CARTESIAN_POINT ( 'NONE',  ( 1.199827638437622745, -12.70999999999999730, 2.238332266187399888 ) ) ;
#5682 = CARTESIAN_POINT ( 'NONE',  ( -2.295685976389367333, -12.69999999999999751, 1.247114797702460143 ) ) ;
#5683 = PRESENTATION_LAYER_ASSIGNMENT (  '', '', ( #8652 ) ) ;
#5684 = VECTOR ( 'NONE', #2310, 1000.000000000000000 ) ;
#5685 = ORIENTED_EDGE ( 'NONE', *, *, #5603, .T. ) ;
#5686 = DIRECTION ( 'NONE',  ( -1.000000000000000000, -0.000000000000000000, -0.000000000000000000 ) ) ;
#5687 = CARTESIAN_POINT ( 'NONE',  ( 1.521286127568934665, -12.69999999999999751, 2.838965755845902272 ) ) ;
#5688 = CARTESIAN_POINT ( 'NONE',  ( 1.624048868296689596, -12.70999999999999730, 2.838965755845903161 ) ) ;
#5689 = CARTESIAN_POINT ( 'NONE',  ( -0.8858485310488705133, -12.70999999999999730, 2.149651578556527998 ) ) ;
#5690 = CARTESIAN_POINT ( 'NONE',  ( 1.165169041227268831, -12.69999999999999751, 2.466385835831800932 ) ) ;
#5691 = STYLED_ITEM ( 'NONE', ( #2279 ), #11118 ) ;
#5692 = EDGE_LOOP ( 'NONE', ( #2492, #10656, #4735, #10657 ) ) ;
#5693 = ADVANCED_FACE ( 'NONE', ( #9007 ), #361, .T. ) ;
#5694 =( LENGTH_UNIT ( ) NAMED_UNIT ( * ) SI_UNIT ( .MILLI., .METRE. ) );
#5695 = ORIENTED_EDGE ( 'NONE', *, *, #2219, .F. ) ;
#5696 = CARTESIAN_POINT ( 'NONE',  ( 3.074337868569708476, -12.69999999999999751, 1.654334903189493167 ) ) ;
#5697 = CARTESIAN_POINT ( 'NONE',  ( -22.04999999999999716, -11.89999999999999680, 0.000000000000000000 ) ) ;
#5698 = CARTESIAN_POINT ( 'NONE',  ( 1.060500077652813733, -12.70999999999999730, 1.559370346829860754 ) ) ;
#5699 = CARTESIAN_POINT ( 'NONE',  ( 0.4026799025950586475, -12.70999999999999730, 2.746427301292870382 ) ) ;
#5700 = VERTEX_POINT ( 'NONE', #6093 ) ;
#5701 =( NAMED_UNIT ( * ) PLANE_ANGLE_UNIT ( ) SI_UNIT ( $, .RADIAN. ) );
#5702 = CARTESIAN_POINT ( 'NONE',  ( 1.145413640818973677, -12.69999999999999751, 0.8644654727597896882 ) ) ;
#5703 = LINE ( 'NONE', #4858, #12180 ) ;
#5704 = EDGE_CURVE ( 'NONE', #6597, #11548, #1426, .T. ) ;
#5705 = VERTEX_POINT ( 'NONE', #10853 ) ;
#5706 = STYLED_ITEM ( 'NONE', ( #11907 ), #3929 ) ;
#5707 =( NAMED_UNIT ( * ) SI_UNIT ( $, .STERADIAN. ) SOLID_ANGLE_UNIT ( ) );
#5708 = UNCERTAINTY_MEASURE_WITH_UNIT (LENGTH_MEASURE( 1.000000000000000082E-05 ), #5652, 'distance_accuracy_value', 'NONE');
#5709 = SURFACE_STYLE_USAGE ( .BOTH. , #10598 ) ;
#5710 = PRESENTATION_LAYER_ASSIGNMENT (  '', '', ( #6313 ) ) ;
#5711 = B_SPLINE_CURVE_WITH_KNOTS ( 'NONE', 3,
 ( #8777, #4073, #2121, #9473 ),
 .UNSPECIFIED., .F., .F.,
 ( 4, 4 ),
 ( 3.000000000000000000, 4.000000000000000000 ),
 .UNSPECIFIED. ) ;
#5712 = DIRECTION ( 'NONE',  ( 0.000000000000000000, 0.000000000000000000, 1.000000000000000000 ) ) ;
#5713 = CARTESIAN_POINT ( 'NONE',  ( 0.5203458401248410858, -12.70999999999999730, 1.183324567098666957 ) ) ;
#5714 = ORIENTED_EDGE ( 'NONE', *, *, #7159, .F. ) ;
#5715 = CARTESIAN_POINT ( 'NONE',  ( -1.225655433392526916, -12.70999999999999730, 2.389444423432443010 ) ) ;
#5716 = PRESENTATION_LAYER_ASSIGNMENT (  '', '', ( #5142 ) ) ;
#5717 = PRESENTATION_LAYER_ASSIGNMENT (  '', '', ( #8095 ) ) ;
#5718 = CARTESIAN_POINT ( 'NONE',  ( 0.7972680318382018294, -12.70999999999999730, 1.341367770378939062 ) ) ;
#5719 = AXIS2_PLACEMENT_3D ( 'NONE', #8606, #4088, #2968 ) ;
#5720 = VERTEX_POINT ( 'NONE', #2400 ) ;
#5721 = FILL_AREA_STYLE ('',( #2044 ) ) ;
#5722 = VERTEX_POINT ( 'NONE', #9929 ) ;
#5723 = STYLED_ITEM ( 'NONE', ( #2733 ), #5938 ) ;
#5724 = SURFACE_STYLE_USAGE ( .BOTH. , #8568 ) ;
#5725 = CARTESIAN_POINT ( 'NONE',  ( -2.512584051977802435, -12.69999999999999751, 0.7651190741792978089 ) ) ;
#5726 = ORIENTED_EDGE ( 'NONE', *, *, #4444, .T. ) ;
#5727 = COLOUR_RGB ( '',1.000000000000000000, 1.000000000000000000, 1.000000000000000000 ) ;
#5728 = MECHANICAL_DESIGN_GEOMETRIC_PRESENTATION_REPRESENTATION (  '', ( #8508 ), #9500 ) ;
#5729 = MECHANICAL_DESIGN_GEOMETRIC_PRESENTATION_REPRESENTATION (  '', ( #9493 ), #4153 ) ;
#5730 =( NAMED_UNIT ( * ) PLANE_ANGLE_UNIT ( ) SI_UNIT ( $, .RADIAN. ) );
#5731 = AXIS2_PLACEMENT_3D ( 'NONE', #11223, #9389, #952 ) ;
#5732 = VECTOR ( 'NONE', #5567, 1000.000000000000000 ) ;
#5733 = PRESENTATION_STYLE_ASSIGNMENT (( #63 ) ) ;
#5734 = CARTESIAN_POINT ( 'NONE',  ( -22.04999999999999005, -12.69999999999999751, 21.50000000000000000 ) ) ;
#5735 = VECTOR ( 'NONE', #12090, 1000.000000000000000 ) ;
#5736 = CIRCLE ( 'NONE', #5364, 0.7999999999999986011 ) ;
#5737 =( NAMED_UNIT ( * ) PLANE_ANGLE_UNIT ( ) SI_UNIT ( $, .RADIAN. ) );
#5738 = DIRECTION ( 'NONE',  ( -0.000000000000000000, 1.000000000000000000, -0.000000000000000000 ) ) ;
#5740 = AXIS2_PLACEMENT_3D ( 'NONE', #1745, #3694, #9999 ) ;
#5739 = CARTESIAN_POINT ( 'NONE',  ( 2.766396232353575790, -12.69999999999999751, 1.085587322965344104 ) ) ;
#5741 = VERTEX_POINT ( 'NONE', #8439 ) ;
#5742 = FILL_AREA_STYLE_COLOUR ( '', #9338 ) ;
#5743 = B_SPLINE_CURVE_WITH_KNOTS ( 'NONE', 3,
 ( #1067, #9434, #7627, #1000 ),
 .UNSPECIFIED., .F., .F.,
 ( 4, 4 ),
 ( 0.000000000000000000, 1.000000000000000000 ),
 .UNSPECIFIED. ) ;
#5744 = ADVANCED_FACE ( 'NONE', ( #3670 ), #11329, .T. ) ;
#5745 = PRESENTATION_STYLE_ASSIGNMENT (( #3712 ) ) ;
#5746 = CARTESIAN_POINT ( 'NONE',  ( -3.823612456736237952, -12.69999999999999751, 1.849609268245413496 ) ) ;
#5747 = EDGE_CURVE ( 'NONE', #1779, #8291, #4685, .T. ) ;
#5748 = B_SPLINE_CURVE_WITH_KNOTS ( 'NONE', 3,
 ( #6105, #8143, #1627, #511 ),
 .UNSPECIFIED., .F., .F.,
 ( 4, 4 ),
 ( 10.00000000000000000, 11.00000000000000000 ),
 .UNSPECIFIED. ) ;
#5749 = SURFACE_SIDE_STYLE ('',( #9530 ) ) ;
#5750 = CARTESIAN_POINT ( 'NONE',  ( -22.05000000000000426, 11.89999999999998792, 20.69999999999999929 ) ) ;
#5751 = DIRECTION ( 'NONE',  ( 0.3315284183576419630, -0.000000000000000000, 0.9434452330799495412 ) ) ;
#5752 = VECTOR ( 'NONE', #612, 1000.000000000000000 ) ;
#5753 = CARTESIAN_POINT ( 'NONE',  ( 2.366782606518294862, -12.70999999999999730, 1.685527640680426043 ) ) ;
#5754 = CARTESIAN_POINT ( 'NONE',  ( -0.8111391847082913831, -12.70999999999999730, 1.425453068314865179 ) ) ;
#5755 = SURFACE_STYLE_FILL_AREA ( #7731 ) ;
#5756 =( NAMED_UNIT ( * ) SI_UNIT ( $, .STERADIAN. ) SOLID_ANGLE_UNIT ( ) );
#5757 = MECHANICAL_DESIGN_GEOMETRIC_PRESENTATION_REPRESENTATION (  '', ( #11086 ), #12057 ) ;
#5758 = EDGE_CURVE ( 'NONE', #3563, #8999, #11804, .T. ) ;
#5759 = EDGE_CURVE ( 'NONE', #442, #6060, #12011, .T. ) ;
#5760 = PRESENTATION_STYLE_ASSIGNMENT (( #5939 ) ) ;
#5761 = CARTESIAN_POINT ( 'NONE',  ( 0.8509888575134295641, -12.69999999999999751, 1.412417894658188677 ) ) ;
#5762 = ORIENTED_EDGE ( 'NONE', *, *, #2309, .T. ) ;
#5763 = CARTESIAN_POINT ( 'NONE',  ( 0.2526081766733467848, -12.70999999999999730, 1.305669415251155208 ) ) ;
#5764 = PRESENTATION_STYLE_ASSIGNMENT (( #9721 ) ) ;
#5765 =( NAMED_UNIT ( * ) PLANE_ANGLE_UNIT ( ) SI_UNIT ( $, .RADIAN. ) );
#5766 = VECTOR ( 'NONE', #7306, 1000.000000000000114 ) ;
#5767 = EDGE_CURVE ( 'NONE', #2125, #10886, #8376, .T. ) ;
#5768 = FILL_AREA_STYLE_COLOUR ( '', #10617 ) ;
#5769 = ORIENTED_EDGE ( 'NONE', *, *, #11147, .F. ) ;
#5770 = SURFACE_SIDE_STYLE ('',( #10643 ) ) ;
#5771 = B_SPLINE_CURVE_WITH_KNOTS ( 'NONE', 3,
 ( #6620, #10398, #8599, #7614 ),
 .UNSPECIFIED., .F., .F.,
 ( 4, 4 ),
 ( 2.000000000000000000, 3.000000000000000000 ),
 .UNSPECIFIED. ) ;
#5772 = FACE_OUTER_BOUND ( 'NONE', #2494, .T. ) ;
#5773 = ORIENTED_EDGE ( 'NONE', *, *, #6238, .T. ) ;
#5774 = FACE_BOUND ( 'NONE', #5811, .T. ) ;
#5775 = EDGE_CURVE ( 'NONE', #4823, #6597, #11271, .T. ) ;
#5776 = FILL_AREA_STYLE ('',( #5839 ) ) ;
#5777 = SURFACE_SIDE_STYLE ('',( #2048 ) ) ;
#5778 = CARTESIAN_POINT ( 'NONE',  ( 1.517820267842606929, -12.69999999999999751, 2.760983912123202266 ) ) ;
#5779 = SURFACE_SIDE_STYLE ('',( #4118 ) ) ;
#5780 = ORIENTED_EDGE ( 'NONE', *, *, #6464, .F. ) ;
#5781 = VERTEX_POINT ( 'NONE', #10296 ) ;
#5782 = EDGE_CURVE ( 'NONE', #5378, #1096, #999, .T. ) ;
#5783 = PRESENTATION_LAYER_ASSIGNMENT (  '', '', ( #5596 ) ) ;
#5784 = FILL_AREA_STYLE ('',( #3048 ) ) ;
#5785 = B_SPLINE_SURFACE_WITH_KNOTS ( 'NONE', 3, 1, ( 
 ( #2365, #2546 ),
 ( #598, #5333 ),
 ( #5087, #666 ),
 ( #7131, #6252 ) ),
 .UNSPECIFIED., .F., .F., .F.,
 ( 4, 4 ),
 ( 2, 2 ),
 ( 2.000000000000000000, 3.000000000000000000 ),
 ( 0.000000000000000000, 1.000000000000000000 ),
 .UNSPECIFIED. ) ;
#5786 = CARTESIAN_POINT ( 'NONE',  ( 0.3591833630968440105, -12.69999999999999751, 1.074149985885020087 ) ) ;
#5787 = SURFACE_SIDE_STYLE ('',( #10500 ) ) ;
#5788 =( NAMED_UNIT ( * ) PLANE_ANGLE_UNIT ( ) SI_UNIT ( $, .RADIAN. ) );
#5789 = LINE ( 'NONE', #7771, #7256 ) ;
#5790 = VECTOR ( 'NONE', #1008, 1000.000000000000000 ) ;
#5791 = CARTESIAN_POINT ( 'NONE',  ( 1.083721337782844074, -12.70999999999999730, 1.217289992363262963 ) ) ;
#5792 = SURFACE_STYLE_FILL_AREA ( #6897 ) ;
#5793 = CARTESIAN_POINT ( 'NONE',  ( 1.145413640818973899, -12.70999999999999730, 0.9400212146805150271 ) ) ;
#5794 = SURFACE_STYLE_FILL_AREA ( #7601 ) ;
#5795 = STYLED_ITEM ( 'NONE', ( #9617 ), #5612 ) ;
#5796 = CARTESIAN_POINT ( 'NONE',  ( 1.199827638437622745, -12.70999999999999730, 2.238332266187399888 ) ) ;
#5797 = ORIENTED_EDGE ( 'NONE', *, *, #7307, .F. ) ;
#5798 =( NAMED_UNIT ( * ) SI_UNIT ( $, .STERADIAN. ) SOLID_ANGLE_UNIT ( ) );
#5799 = FACE_OUTER_BOUND ( 'NONE', #5267, .T. ) ;
#5800 = EDGE_CURVE ( 'NONE', #10324, #5028, #8257, .T. ) ;
#5801 = PRESENTATION_STYLE_ASSIGNMENT (( #2724 ) ) ;
#5802 = SURFACE_STYLE_FILL_AREA ( #11364 ) ;
#5803 = CARTESIAN_POINT ( 'NONE',  ( -1.789590466688415260, -12.69999999999999751, 1.155535536688067300 ) ) ;
#5804 = DIRECTION ( 'NONE',  ( -0.000000000000000000, -0.000000000000000000, 1.000000000000000000 ) ) ;
#5805 = ORIENTED_EDGE ( 'NONE', *, *, #980, .F. ) ;
#5806 = CARTESIAN_POINT ( 'NONE',  ( 0.2789487105533901556, -12.70999999999999730, 2.242144711880838415 ) ) ;
#5807 = CARTESIAN_POINT ( 'NONE',  ( 22.05000000000000071, -11.89999999999999680, 20.69999999999999929 ) ) ;
#5808 = DIRECTION ( 'NONE',  ( -0.000000000000000000, 1.000000000000000000, -0.000000000000000000 ) ) ;
#5809 = EDGE_CURVE ( 'NONE', #5453, #6038, #9751, .T. ) ;
#5810 = CARTESIAN_POINT ( 'NONE',  ( 2.430727718372849733, -12.70999999999999730, 2.161043594408120772 ) ) ;
#5811 = EDGE_LOOP ( 'NONE', ( #2549, #8368, #5203, #8172, #3392, #525 ) ) ;
#5812 = SURFACE_STYLE_USAGE ( .BOTH. , #10584 ) ;
#5813 = ORIENTED_EDGE ( 'NONE', *, *, #3904, .F. ) ;
#5814 = SURFACE_SIDE_STYLE ('',( #92 ) ) ;
#5815 = DIRECTION ( 'NONE',  ( -0.000000000000000000, 0.000000000000000000, 1.000000000000000000 ) ) ;
#5816 = CARTESIAN_POINT ( 'NONE',  ( 0.2789487105533901556, -12.70999999999999730, 2.242144711880838415 ) ) ;
#5817 = DIRECTION ( 'NONE',  ( -0.000000000000000000, 0.000000000000000000, 1.000000000000000000 ) ) ;
#5818 = ORIENTED_EDGE ( 'NONE', *, *, #11251, .T. ) ;
#5819 = CARTESIAN_POINT ( 'NONE',  ( 1.162049767479570006, -12.69999999999999751, 0.9334360812087704184 ) ) ;
#5820 = CARTESIAN_POINT ( 'NONE',  ( 0.9870238515646625466, -12.70999999999999730, 1.580858677103661680 ) ) ;
#5821 = CARTESIAN_POINT ( 'NONE',  ( 0.8116513496803728911, -12.69999999999999751, 1.542387634197562862 ) ) ;
#5822 = SURFACE_STYLE_USAGE ( .BOTH. , #2973 ) ;
#5823 = EDGE_LOOP ( 'NONE', ( #10734, #11852, #9651, #10984 ) ) ;
#5824 = STYLED_ITEM ( 'NONE', ( #9187 ), #320 ) ;
#5825 = PRODUCT_DEFINITION_CONTEXT ( 'detailed design', #4383, 'design' ) ;
#5826 = EDGE_CURVE ( 'NONE', #11858, #468, #9563, .T. ) ;
#5827 = ADVANCED_FACE ( 'NONE', ( #2633 ), #6415, .F. ) ;
#5828 = CARTESIAN_POINT ( 'NONE',  ( 2.033366901353705902, -12.70999999999999730, 1.685527640680425820 ) ) ;
#5829 = VECTOR ( 'NONE', #11172, 1000.000000000000000 ) ;
#5830 = UNCERTAINTY_MEASURE_WITH_UNIT (LENGTH_MEASURE( 1.000000000000000082E-05 ), #892, 'distance_accuracy_value', 'NONE');
#5831 = FILL_AREA_STYLE_COLOUR ( '', #5616 ) ;
#5832 = CARTESIAN_POINT ( 'NONE',  ( 2.363316746801205070, -12.70999999999999730, 1.085587322965344104 ) ) ;
#5833 = SURFACE_STYLE_USAGE ( .BOTH. , #3157 ) ;
#5834 = CARTESIAN_POINT ( 'NONE',  ( -0.9509180180782603742, -12.69999999999999751, 2.302685229967655900 ) ) ;
#5835 = FACE_OUTER_BOUND ( 'NONE', #3964, .T. ) ;
#5836 = LINE ( 'NONE', #3922, #4546 ) ;
#5837 = ORIENTED_EDGE ( 'NONE', *, *, #5826, .T. ) ;
#5838 = ORIENTED_EDGE ( 'NONE', *, *, #9985, .T. ) ;
#5839 = FILL_AREA_STYLE_COLOUR ( '', #1757 ) ;
#5840 = ORIENTED_EDGE ( 'NONE', *, *, #70, .F. ) ;
#5841 = UNCERTAINTY_MEASURE_WITH_UNIT (LENGTH_MEASURE( 1.000000000000000082E-05 ), #342, 'distance_accuracy_value', 'NONE');
#5842 =( NAMED_UNIT ( * ) PLANE_ANGLE_UNIT ( ) SI_UNIT ( $, .RADIAN. ) );
#5843 = LINE ( 'NONE', #7640, #6776 ) ;
#5844 = VECTOR ( 'NONE', #10958, 1000.000000000000000 ) ;
#5845 = EDGE_CURVE ( 'NONE', #3336, #3223, #7870, .T. ) ;
#5846 = FILL_AREA_STYLE_COLOUR ( '', #8667 ) ;
#5847 = CARTESIAN_POINT ( 'NONE',  ( 0.4586535370910264087, -12.69999999999999751, 1.511888068654680728 ) ) ;
#5848 = B_SPLINE_CURVE_WITH_KNOTS ( 'NONE', 3,
 ( #3917, #103, #11325, #3736 ),
 .UNSPECIFIED., .F., .F.,
 ( 4, 4 ),
 ( 1.000000000000000000, 2.000000000000000000 ),
 .UNSPECIFIED. ) ;
#5849 = CARTESIAN_POINT ( 'NONE',  ( 2.225375529898619309, -12.69999999999999751, 2.729791174632274497 ) ) ;
#5850 = CARTESIAN_POINT ( 'NONE',  ( 2.216191001639034930, -12.70999999999999730, 2.731870690467158802 ) ) ;
#5851 = EDGE_CURVE ( 'NONE', #10092, #3223, #3154, .T. ) ;
#5852 = FACE_OUTER_BOUND ( 'NONE', #6089, .T. ) ;
#5853 = ORIENTED_EDGE ( 'NONE', *, *, #1405, .F. ) ;
#5854 = CARTESIAN_POINT ( 'NONE',  ( -2.136627424400495467, -12.69999999999999751, 2.731661405519053787 ) ) ;
#5855 = PRESENTATION_LAYER_ASSIGNMENT (  '', '', ( #7252 ) ) ;
#5856 = PRESENTATION_STYLE_ASSIGNMENT (( #202 ) ) ;
#5857 = VECTOR ( 'NONE', #6186, 1000.000000000000000 ) ;
#5858 = DIRECTION ( 'NONE',  ( -0.000000000000000000, 1.000000000000000000, -0.000000000000000000 ) ) ;
#5859 = CARTESIAN_POINT ( 'NONE',  ( 0.1366751690044200052, -12.70999999999999730, 1.390929564389012718 ) ) ;
#5860 = PRESENTATION_LAYER_ASSIGNMENT (  '', '', ( #5672 ) ) ;
#5861 = CARTESIAN_POINT ( 'NONE',  ( 0.8632926595230211442, -12.70999999999999730, 1.401673729525910739 ) ) ;
#5862 =( LENGTH_UNIT ( ) NAMED_UNIT ( * ) SI_UNIT ( .MILLI., .METRE. ) );
#5863 = CARTESIAN_POINT ( 'NONE',  ( 0.2789487105533901556, -12.69999999999999751, 2.242144711880838415 ) ) ;
#5864 = ADVANCED_FACE ( 'NONE', ( #1972 ), #3292, .F. ) ;
#5865 = CARTESIAN_POINT ( 'NONE',  ( 1.709482310420420204, -12.69999999999999751, 2.809159362246437919 ) ) ;
#5866 = CARTESIAN_POINT ( 'NONE',  ( -1.789590466688415260, -12.70999999999999730, 1.232654778906526971 ) ) ;
#5867 = ORIENTED_EDGE ( 'NONE', *, *, #2780, .T. ) ;
#5868 = LINE ( 'NONE', #4970, #4880 ) ;
#5869 = DIRECTION ( 'NONE',  ( 0.000000000000000000, -1.000000000000000000, 0.000000000000000000 ) ) ;
#5870 = ORIENTED_EDGE ( 'NONE', *, *, #507, .F. ) ;
#5871 = FILL_AREA_STYLE ('',( #10627 ) ) ;
#5872 = B_SPLINE_SURFACE_WITH_KNOTS ( 'NONE', 3, 1, ( 
 ( #2574, #4628 ),
 ( #3671, #7349 ),
 ( #3744, #2634 ),
 ( #4499, #10355 ) ),
 .UNSPECIFIED., .F., .F., .F.,
 ( 4, 4 ),
 ( 2, 2 ),
 ( 18.00000000000000000, 19.00000000000000000 ),
 ( 0.000000000000000000, 1.000000000000000000 ),
 .UNSPECIFIED. ) ;
#5873 = ORIENTED_EDGE ( 'NONE', *, *, #2651, .T. ) ;
#5874 = DIRECTION ( 'NONE',  ( 0.000000000000000000, 0.000000000000000000, 1.000000000000000000 ) ) ;
#5875 = VERTEX_POINT ( 'NONE', #7807 ) ;
#5876 = VECTOR ( 'NONE', #11992, 1000.000000000000000 ) ;
#5877 = SURFACE_STYLE_USAGE ( .BOTH. , #10588 ) ;
#5878 = AXIS2_PLACEMENT_3D ( 'NONE', #3495, #4324, #6368 ) ;
#5879 = FILL_AREA_STYLE_COLOUR ( '', #1808 ) ;
#5880 = ORIENTED_EDGE ( 'NONE', *, *, #8170, .F. ) ;
#5881 = SURFACE_STYLE_FILL_AREA ( #6929 ) ;
#5882 = CARTESIAN_POINT ( 'NONE',  ( -2.883720795863037978, -12.70999999999999730, 1.430272952002306752 ) ) ;
#5883 = SURFACE_SIDE_STYLE ('',( #7866 ) ) ;
#5884 = LINE ( 'NONE', #1235, #557 ) ;
#5885 = LINE ( 'NONE', #345, #4725 ) ;
#5886 = DIRECTION ( 'NONE',  ( 0.8840949502478812061, 0.000000000000000000, 0.4673073067545555626 ) ) ;
#5887 = CARTESIAN_POINT ( 'NONE',  ( 1.280582169938624615, -12.69999999999999751, 0.9985942439642949697 ) ) ;
#5888 = CARTESIAN_POINT ( 'NONE',  ( 0.6510087516099508642, -12.69999999999999751, 2.758211224344896184 ) ) ;
#5889 = VERTEX_POINT ( 'NONE', #11554 ) ;
#5890 = B_SPLINE_CURVE_WITH_KNOTS ( 'NONE', 3,
 ( #5086, #2364, #398, #10897 ),
 .UNSPECIFIED., .F., .F.,
 ( 4, 4 ),
 ( 0.000000000000000000, 1.000000000000000000 ),
 .UNSPECIFIED. ) ;
#5891 = LINE ( 'NONE', #4866, #3945 ) ;
#5892 = ADVANCED_FACE ( 'NONE', ( #7626 ), #6179, .F. ) ;
#5893 = SURFACE_SIDE_STYLE ('',( #3864 ) ) ;
#5894 = LINE ( 'NONE', #9675, #7240 ) ;
#5895 = EDGE_LOOP ( 'NONE', ( #2943, #903, #10346, #4850 ) ) ;
#5896 = ORIENTED_EDGE ( 'NONE', *, *, #11541, .T. ) ;
#5897 = PRESENTATION_LAYER_ASSIGNMENT (  '', '', ( #11226 ) ) ;
#5898 = FACE_OUTER_BOUND ( 'NONE', #3011, .T. ) ;
#5899 = EDGE_LOOP ( 'NONE', ( #5252, #11425, #2526, #10870 ) ) ;
#5900 = DIRECTION ( 'NONE',  ( -0.000000000000000000, 1.000000000000000000, -0.000000000000000000 ) ) ;
#5901 = FILL_AREA_STYLE ('',( #9682 ) ) ;
#5902 = EDGE_CURVE ( 'NONE', #9320, #11826, #8496, .T. ) ;
#5903 = STYLED_ITEM ( 'NONE', ( #3920 ), #3203 ) ;
#5904 = STYLED_ITEM ( 'NONE', ( #3117 ), #4021 ) ;
#5905 = CARTESIAN_POINT ( 'NONE',  ( 0.3219253710940298552, -12.70999999999999730, 1.086973666852187215 ) ) ;
#5906 = CARTESIAN_POINT ( 'NONE',  ( 0.5397546545637254001, -12.70999999999999730, 2.771381491283765097 ) ) ;
#5907 = PRESENTATION_LAYER_ASSIGNMENT (  '', '', ( #5723 ) ) ;
#5908 =( LENGTH_UNIT ( ) NAMED_UNIT ( * ) SI_UNIT ( .MILLI., .METRE. ) );
#5909 = ORIENTED_EDGE ( 'NONE', *, *, #1136, .F. ) ;
#5910 = CARTESIAN_POINT ( 'NONE',  ( 1.879829315710288773, -12.70999999999999730, 2.508669324431330505 ) ) ;
#5911 = CARTESIAN_POINT ( 'NONE',  ( 3.057355155937389046, -12.69999999999999751, 1.629380713198598674 ) ) ;
#5912 = UNCERTAINTY_MEASURE_WITH_UNIT (LENGTH_MEASURE( 1.000000000000000082E-05 ), #2318, 'distance_accuracy_value', 'NONE');
#5913 = SURFACE_STYLE_USAGE ( .BOTH. , #8710 ) ;
#5914 = ORIENTED_EDGE ( 'NONE', *, *, #10515, .T. ) ;
#5915 = VECTOR ( 'NONE', #6403, 1000.000000000000000 ) ;
#5916 =( NAMED_UNIT ( * ) SI_UNIT ( $, .STERADIAN. ) SOLID_ANGLE_UNIT ( ) );
#5917 = VECTOR ( 'NONE', #1464, 1000.000000000000000 ) ;
#5918 = COLOUR_RGB ( '',1.000000000000000000, 1.000000000000000000, 1.000000000000000000 ) ;
#5919 = VECTOR ( 'NONE', #10511, 1000.000000000000000 ) ;
#5920 = CARTESIAN_POINT ( 'NONE',  ( 2.473011206967780318, -12.70999999999999730, 1.763509484403121608 ) ) ;
#5921 = ADVANCED_FACE ( 'NONE', ( #9055 ), #6209, .F. ) ;
#5922 = ADVANCED_FACE ( 'NONE', ( #6016 ), #1409, .F. ) ;
#5923 = CARTESIAN_POINT ( 'NONE',  ( 0.4281539715458249074, -12.70999999999999730, 1.143813766277427035 ) ) ;
#5924 = FILL_AREA_STYLE ('',( #8655 ) ) ;
#5925 = SURFACE_STYLE_FILL_AREA ( #2120 ) ;
#5926 = CARTESIAN_POINT ( 'NONE',  ( 1.624048868296689596, -12.69999999999999751, 2.838965755845903161 ) ) ;
#5927 = MECHANICAL_DESIGN_GEOMETRIC_PRESENTATION_REPRESENTATION (  '', ( #2395 ), #7445 ) ;
#5928 = CARTESIAN_POINT ( 'NONE',  ( 0.1713337662147740026, -12.70999999999999730, 1.085587322965344104 ) ) ;
#5929 = EDGE_LOOP ( 'NONE', ( #6619, #5853, #10876, #3367 ) ) ;
#5930 =( GEOMETRIC_REPRESENTATION_CONTEXT ( 3 ) GLOBAL_UNCERTAINTY_ASSIGNED_CONTEXT ( ( #12008 ) ) GLOBAL_UNIT_ASSIGNED_CONTEXT ( ( #5377, #11962, #1297 ) ) REPRESENTATION_CONTEXT ( 'NONE', 'WORKASPACE' ) );
#5931 = FILL_AREA_STYLE_COLOUR ( '', #9607 ) ;
#5932 = CARTESIAN_POINT ( 'NONE',  ( 1.299102857823866364, -12.70999999999999730, 0.8962647357000427251 ) ) ;
#5933 = SURFACE_SIDE_STYLE ('',( #3967 ) ) ;
#5934 =( NAMED_UNIT ( * ) SI_UNIT ( $, .STERADIAN. ) SOLID_ANGLE_UNIT ( ) );
#5935 = ORIENTED_EDGE ( 'NONE', *, *, #3735, .T. ) ;
#5936 = CARTESIAN_POINT ( 'NONE',  ( 0.2526081766733467848, -12.70999999999999730, 1.215210476532994077 ) ) ;
#5937 = ORIENTED_EDGE ( 'NONE', *, *, #8500, .T. ) ;
#5938 = ADVANCED_FACE ( 'NONE', ( #11750 ), #7071, .F. ) ;
#5939 = SURFACE_STYLE_USAGE ( .BOTH. , #5814 ) ;
#5940 = COLOUR_RGB ( '',1.000000000000000000, 1.000000000000000000, 1.000000000000000000 ) ;
#5941 = MECHANICAL_DESIGN_GEOMETRIC_PRESENTATION_REPRESENTATION (  '', ( #7916 ), #12058 ) ;
#5942 = EDGE_CURVE ( 'NONE', #11339, #1722, #4543, .T. ) ;
#5943 = CARTESIAN_POINT ( 'NONE',  ( 1.663906255085007002, -12.70999999999999730, 2.739842167825746522 ) ) ;
#5944 = ORIENTED_EDGE ( 'NONE', *, *, #4754, .T. ) ;
#5945 = DIRECTION ( 'NONE',  ( -0.000000000000000000, -0.000000000000000000, 1.000000000000000000 ) ) ;
#5946 = ORIENTED_EDGE ( 'NONE', *, *, #6419, .T. ) ;
#5947 = CARTESIAN_POINT ( 'NONE',  ( -2.782501675538016084, -12.69999999999999751, 1.054316140560536796 ) ) ;
#5948 = CARTESIAN_POINT ( 'NONE',  ( -1.423273790357425961, -12.70999999999999730, 2.129166751113926281 ) ) ;
#5949 = CARTESIAN_POINT ( 'NONE',  ( 0.8480428767515778565, -12.69999999999999751, 1.568034996136494330 ) ) ;
#5950 = AXIS2_PLACEMENT_3D ( 'NONE', #4158, #12188, #6010 ) ;
#5951 = DIRECTION ( 'NONE',  ( 1.000000000000000000, 0.000000000000000000, 0.000000000000000000 ) ) ;
#5952 = COLOUR_RGB ( '',1.000000000000000000, 1.000000000000000000, 1.000000000000000000 ) ;
#5953 = UNCERTAINTY_MEASURE_WITH_UNIT (LENGTH_MEASURE( 1.000000000000000082E-05 ), #11280, 'distance_accuracy_value', 'NONE');
#5954 =( LENGTH_UNIT ( ) NAMED_UNIT ( * ) SI_UNIT ( .MILLI., .METRE. ) );
#5955 = B_SPLINE_CURVE_WITH_KNOTS ( 'NONE', 3,
 ( #7623, #8429, #2029, #11263 ),
 .UNSPECIFIED., .F., .F.,
 ( 4, 4 ),
 ( 2.000000000000000000, 3.000000000000000000 ),
 .UNSPECIFIED. ) ;
#5956 = FILL_AREA_STYLE_COLOUR ( '', #7319 ) ;
#5957 = LINE ( 'NONE', #8940, #10030 ) ;
#5958 = CARTESIAN_POINT ( 'NONE',  ( 0.7567174731018387890, -12.70999999999999730, 1.190256286537488384 ) ) ;
#5959 = LINE ( 'NONE', #1533, #10820 ) ;
#5960 =( NAMED_UNIT ( * ) PLANE_ANGLE_UNIT ( ) SI_UNIT ( $, .RADIAN. ) );
#5961 = VERTEX_POINT ( 'NONE', #2678 ) ;
#5962 = ORIENTED_EDGE ( 'NONE', *, *, #9130, .T. ) ;
#5963 = FILL_AREA_STYLE ('',( #2978 ) ) ;
#5964 = CARTESIAN_POINT ( 'NONE',  ( 1.372427452548226290, -12.70999999999999730, 1.205159483339544479 ) ) ;
#5965 = FILL_AREA_STYLE ('',( #1071 ) ) ;
#5966 = ORIENTED_EDGE ( 'NONE', *, *, #11129, .T. ) ;
#5967 = CARTESIAN_POINT ( 'NONE',  ( 1.274516915426764818, -12.69999999999999751, 0.8575337533163209791 ) ) ;
#5968 = VERTEX_POINT ( 'NONE', #8361 ) ;
#5969 = ORIENTED_EDGE ( 'NONE', *, *, #1863, .F. ) ;
#5970 = UNCERTAINTY_MEASURE_WITH_UNIT (LENGTH_MEASURE( 1.000000000000000082E-05 ), #11502, 'distance_accuracy_value', 'NONE');
#5971 = CARTESIAN_POINT ( 'NONE',  ( 1.415404113091203397, -12.69999999999999751, 2.238332266187399888 ) ) ;
#5972 = DIRECTION ( 'NONE',  ( -1.000000000000000000, 0.000000000000000000, 0.000000000000000000 ) ) ;
#5973 = EDGE_CURVE ( 'NONE', #8552, #2214, #10510, .T. ) ;
#5974 = DIRECTION ( 'NONE',  ( 1.000000000000000000, 0.000000000000000000, -0.000000000000000000 ) ) ;
#5975 = SURFACE_STYLE_FILL_AREA ( #10326 ) ;
#5976 = PRESENTATION_STYLE_ASSIGNMENT (( #1432 ) ) ;
#5977 = EDGE_CURVE ( 'NONE', #4416, #3368, #12167, .T. ) ;
#5978 = CARTESIAN_POINT ( 'NONE',  ( 2.728791654385999799, -12.70999999999999730, 1.433213052983943303 ) ) ;
#5979 = CARTESIAN_POINT ( 'NONE',  ( 2.216191001639034930, -12.70999999999999730, 2.731870690467158802 ) ) ;
#5980 = DIRECTION ( 'NONE',  ( -0.000000000000000000, 1.000000000000000000, -0.000000000000000000 ) ) ;
#5981 = ORIENTED_EDGE ( 'NONE', *, *, #10603, .T. ) ;
#5982 = FACE_OUTER_BOUND ( 'NONE', #1914, .T. ) ;
#5983 = DIRECTION ( 'NONE',  ( -0.3385350342956581771, 0.000000000000000000, -0.9409537876827095415 ) ) ;
#5984 = CARTESIAN_POINT ( 'NONE',  ( -3.823612456736237952, -12.69999999999999751, 1.656810978832446324 ) ) ;
#5985 = EDGE_CURVE ( 'NONE', #2910, #4577, #5486, .T. ) ;
#5986 = STYLED_ITEM ( 'NONE', ( #9116 ), #5273 ) ;
#5987 = CARTESIAN_POINT ( 'NONE',  ( 3.068445907045982857, -12.69999999999999751, 1.676862991373792244 ) ) ;
#5988 = COLOUR_RGB ( '',1.000000000000000000, 1.000000000000000000, 1.000000000000000000 ) ;
#5989 = LINE ( 'NONE', #6908, #11612 ) ;
#5990 = CARTESIAN_POINT ( 'NONE',  ( 1.200174224411630020, -12.70999999999999730, 0.8575337533163209791 ) ) ;
#5991 = CARTESIAN_POINT ( 'NONE',  ( 2.928251881327281758, -12.70999999999999730, 1.271010818038490475 ) ) ;
#5992 = VECTOR ( 'NONE', #6122, 1000.000000000000000 ) ;
#5993 = CARTESIAN_POINT ( 'NONE',  ( -0.1057617184844371061, -12.69999999999999751, 1.390929564389012718 ) ) ;
#5994 = CARTESIAN_POINT ( 'NONE',  ( 1.415404113091203397, -12.69999999999999751, 2.238332266187399888 ) ) ;
#5995 = FILL_AREA_STYLE ('',( #10691 ) ) ;
#5996 = ORIENTED_EDGE ( 'NONE', *, *, #2751, .T. ) ;
#5997 = FACE_OUTER_BOUND ( 'NONE', #2758, .T. ) ;
#5998 =( LENGTH_UNIT ( ) NAMED_UNIT ( * ) SI_UNIT ( .MILLI., .METRE. ) );
#5999 = ORIENTED_EDGE ( 'NONE', *, *, #1161, .T. ) ;
#6000 = EDGE_LOOP ( 'NONE', ( #6127, #11535, #590, #10097 ) ) ;
#6001 = CARTESIAN_POINT ( 'NONE',  ( 22.85000000000000142, 11.89999999999999503, 20.69999999999999929 ) ) ;
#6002 =( GEOMETRIC_REPRESENTATION_CONTEXT ( 3 ) GLOBAL_UNCERTAINTY_ASSIGNED_CONTEXT ( ( #5118 ) ) GLOBAL_UNIT_ASSIGNED_CONTEXT ( ( #1311, #7882, #362 ) ) REPRESENTATION_CONTEXT ( 'NONE', 'WORKASPACE' ) );
#6003 = ORIENTED_EDGE ( 'NONE', *, *, #7194, .T. ) ;
#6004 = FACE_OUTER_BOUND ( 'NONE', #7956, .T. ) ;
#6005 = CARTESIAN_POINT ( 'NONE',  ( -2.782501675538016084, -12.70999999999999730, 1.054316140560536796 ) ) ;
#6006 = EDGE_CURVE ( 'NONE', #11903, #6200, #2757, .T. ) ;
#6007 = CARTESIAN_POINT ( 'NONE',  ( -2.551143673084730779, -12.69999999999999751, 2.953379439490250391 ) ) ;
#6008 = VERTEX_POINT ( 'NONE', #5638 ) ;
#6009 = ORIENTED_EDGE ( 'NONE', *, *, #9403, .F. ) ;
#6010 = DIRECTION ( 'NONE',  ( -0.000000000000000000, 0.000000000000000000, -1.000000000000000000 ) ) ;
#6011 = DIRECTION ( 'NONE',  ( -0.000000000000000000, 1.000000000000000000, -0.000000000000000000 ) ) ;
#6012 = PLANE ( 'NONE',  #10338 ) ;
#6013 = LINE ( 'NONE', #10592, #11176 ) ;
#6014 = ADVANCED_FACE ( 'NONE', ( #3595 ), #3726, .T. ) ;
#6015 = FILL_AREA_STYLE_COLOUR ( '', #6581 ) ;
#6016 = FACE_OUTER_BOUND ( 'NONE', #2002, .T. ) ;
#6017 = CARTESIAN_POINT ( 'NONE',  ( 0.9833846988593942795, -12.70999999999999730, 1.511888068654680728 ) ) ;
#6018 = CARTESIAN_POINT ( 'NONE',  ( 22.04999999999999716, 11.90000000000000036, 21.50000000000000000 ) ) ;
#6019 = CARTESIAN_POINT ( 'NONE',  ( 0.9374620575545931089, -12.70999999999999730, 1.511888068654680728 ) ) ;
#6020 = DIRECTION ( 'NONE',  ( -0.000000000000000000, 1.000000000000000000, -0.000000000000000000 ) ) ;
#6021 = ORIENTED_EDGE ( 'NONE', *, *, #1920, .F. ) ;
#6022 = ORIENTED_EDGE ( 'NONE', *, *, #12016, .T. ) ;
#6023 = ORIENTED_EDGE ( 'NONE', *, *, #3382, .T. ) ;
#6024 = EDGE_CURVE ( 'NONE', #11836, #8651, #802, .T. ) ;
#6025 = DIRECTION ( 'NONE',  ( 1.000000000000000000, 0.000000000000000000, -0.000000000000000000 ) ) ;
#6026 = SURFACE_STYLE_USAGE ( .BOTH. , #11013 ) ;
#6027 = ORIENTED_EDGE ( 'NONE', *, *, #4137, .T. ) ;
#6028 = FILL_AREA_STYLE_COLOUR ( '', #11196 ) ;
#6029 = CARTESIAN_POINT ( 'NONE',  ( -22.04999999999999005, -12.69999999999999574, 21.50000000000000000 ) ) ;
#6030 = ORIENTED_EDGE ( 'NONE', *, *, #6870, .T. ) ;
#6031 =( NAMED_UNIT ( * ) PLANE_ANGLE_UNIT ( ) SI_UNIT ( $, .RADIAN. ) );
#6032 = VECTOR ( 'NONE', #11655, 1000.000000000000000 ) ;
#6033 = CARTESIAN_POINT ( 'NONE',  ( 2.176853493808293294, -12.69999999999999751, 1.763509484403121608 ) ) ;
#6034 = DIRECTION ( 'NONE',  ( -0.000000000000000000, 0.000000000000000000, -1.000000000000000000 ) ) ;
#6035 = CARTESIAN_POINT ( 'NONE',  ( 2.264366451762265697, -12.70999999999999730, 1.685527640680425820 ) ) ;
#6036 = SURFACE_SIDE_STYLE ('',( #10732 ) ) ;
#6037 = FILL_AREA_STYLE ('',( #6172 ) ) ;
#6038 = VERTEX_POINT ( 'NONE', #8784 ) ;
#6039 = CARTESIAN_POINT ( 'NONE',  ( -3.823612456736237952, -12.70999999999999730, 1.849609268245413496 ) ) ;
#6040 = CARTESIAN_POINT ( 'NONE',  ( 0.9457801208848780616, -12.70999999999999730, 1.360083412869804054 ) ) ;
#6041 = LINE ( 'NONE', #4064, #1180 ) ;
#6042 = PRESENTATION_LAYER_ASSIGNMENT (  '', '', ( #11363 ) ) ;
#6043 = VECTOR ( 'NONE', #3588, 1000.000000000000000 ) ;
#6044 = CARTESIAN_POINT ( 'NONE',  ( -2.777681607981459244, -12.69999999999999751, 1.733930496851108449 ) ) ;
#6045 = SURFACE_SIDE_STYLE ('',( #9139 ) ) ;
#6046 = LINE ( 'NONE', #2288, #6687 ) ;
#6047 = CARTESIAN_POINT ( 'NONE',  ( 0.1713337662147740026, -12.70999999999999730, 1.085587322965344104 ) ) ;
#6048 = CARTESIAN_POINT ( 'NONE',  ( 0.5245048717899720714, -12.69999999999999751, 2.227588101050506086 ) ) ;
#6049 = EDGE_CURVE ( 'NONE', #1576, #3514, #7558, .T. ) ;
#6050 = ADVANCED_FACE ( 'NONE', ( #1954, #3903 ), #4796, .T. ) ;
#6051 = CARTESIAN_POINT ( 'NONE',  ( 0.3463596821273666748, -12.69999999999999751, 1.268931302208248679 ) ) ;
#6052 = DIRECTION ( 'NONE',  ( -0.000000000000000000, 0.000000000000000000, 1.000000000000000000 ) ) ;
#6053 = ORIENTED_EDGE ( 'NONE', *, *, #11222, .T. ) ;
#6054 =( NAMED_UNIT ( * ) SI_UNIT ( $, .STERADIAN. ) SOLID_ANGLE_UNIT ( ) );
#6055 = VERTEX_POINT ( 'NONE', #2191 ) ;
#6056 =( GEOMETRIC_REPRESENTATION_CONTEXT ( 3 ) GLOBAL_UNCERTAINTY_ASSIGNED_CONTEXT ( ( #10737 ) ) GLOBAL_UNIT_ASSIGNED_CONTEXT ( ( #4352, #3526, #6143 ) ) REPRESENTATION_CONTEXT ( 'NONE', 'WORKASPACE' ) );
#6057 = CARTESIAN_POINT ( 'NONE',  ( 1.145413640818973899, -12.70999999999999730, 0.8644654727597897992 ) ) ;
#6058 = SURFACE_STYLE_USAGE ( .BOTH. , #11046 ) ;
#6059 = ORIENTED_EDGE ( 'NONE', *, *, #10341, .F. ) ;
#6060 = VERTEX_POINT ( 'NONE', #1279 ) ;
#6061 = MECHANICAL_DESIGN_GEOMETRIC_PRESENTATION_REPRESENTATION (  '', ( #6830 ), #6466 ) ;
#6062 = CARTESIAN_POINT ( 'NONE',  ( -2.594523361750517232, -12.70999999999999730, 1.348333642229618601 ) ) ;
#6063 = FILL_AREA_STYLE ('',( #6924 ) ) ;
#6064 = PRESENTATION_LAYER_ASSIGNMENT (  '', '', ( #3487 ) ) ;
#6065 = AXIS2_PLACEMENT_3D ( 'NONE', #4558, #5529, #871 ) ;
#6066 = EDGE_LOOP ( 'NONE', ( #2683, #7598, #10196, #758 ) ) ;
#6067 = COLOUR_RGB ( '',0.7529411764705882248, 0.7529411764705882248, 0.7529411764705882248 ) ;
#6068 = CARTESIAN_POINT ( 'NONE',  ( 0.3947084252364709278, -12.70999999999999730, 2.251502533126268801 ) ) ;
#6069 = PRESENTATION_STYLE_ASSIGNMENT (( #2306 ) ) ;
#6070 =( LENGTH_UNIT ( ) NAMED_UNIT ( * ) SI_UNIT ( .MILLI., .METRE. ) );
#6071 = CARTESIAN_POINT ( 'NONE',  ( 2.694652936130905285, -12.70999999999999730, 1.613784344453134345 ) ) ;
#6072 = DIRECTION ( 'NONE',  ( 1.000000000000000000, -0.000000000000000000, -0.000000000000000000 ) ) ;
#6073 =( GEOMETRIC_REPRESENTATION_CONTEXT ( 3 ) GLOBAL_UNCERTAINTY_ASSIGNED_CONTEXT ( ( #5189 ) ) GLOBAL_UNIT_ASSIGNED_CONTEXT ( ( #10164, #12184, #6525 ) ) REPRESENTATION_CONTEXT ( 'NONE', 'WORKASPACE' ) );
#6075 = EDGE_CURVE ( 'NONE', #7209, #995, #10527, .T. ) ;
#6074 = UNCERTAINTY_MEASURE_WITH_UNIT (LENGTH_MEASURE( 1.000000000000000082E-05 ), #12094, 'distance_accuracy_value', 'NONE');
#6076 = FILL_AREA_STYLE ('',( #5170 ) ) ;
#6077 = VECTOR ( 'NONE', #7385, 1000.000000000000000 ) ;
#6078 = CIRCLE ( 'NONE', #997, 0.6500000000000012434 ) ;
#6079 = CARTESIAN_POINT ( 'NONE',  ( 1.024281843567454553, -12.70999999999999730, 1.500104145602659589 ) ) ;
#6080 = CARTESIAN_POINT ( 'NONE',  ( -2.440284693449094267, -12.70999999999999730, 2.731661405519053787 ) ) ;
#6081 = CARTESIAN_POINT ( 'NONE',  ( 0.8705709649381874193, -12.70999999999999730, 1.493865598102612102 ) ) ;
#6082 = ORIENTED_EDGE ( 'NONE', *, *, #11473, .F. ) ;
#6083 = SURFACE_STYLE_USAGE ( .BOTH. , #11633 ) ;
#6084 = VERTEX_POINT ( 'NONE', #2847 ) ;
#6085 = EDGE_CURVE ( 'NONE', #4613, #9811, #5771, .T. ) ;
#6086 = CARTESIAN_POINT ( 'NONE',  ( -0.9509180180782603742, -12.69999999999999751, 2.302685229967655900 ) ) ;
#6087 = CARTESIAN_POINT ( 'NONE',  ( 1.327891155132578049, -12.70999999999999730, 2.838965755845903161 ) ) ;
#6088 = DIRECTION ( 'NONE',  ( -0.000000000000000000, -0.000000000000000000, 1.000000000000000000 ) ) ;
#6089 = EDGE_LOOP ( 'NONE', ( #10037, #8150, #7530, #2149 ) ) ;
#6090 = SURFACE_STYLE_FILL_AREA ( #10722 ) ;
#6091 = SURFACE_STYLE_FILL_AREA ( #2324 ) ;
#6092 = ORIENTED_EDGE ( 'NONE', *, *, #11844, .F. ) ;
#6093 = CARTESIAN_POINT ( 'NONE',  ( 2.955978759101102860, -12.70999999999999730, 1.347606317874361359 ) ) ;
#6094 =( GEOMETRIC_REPRESENTATION_CONTEXT ( 3 ) GLOBAL_UNCERTAINTY_ASSIGNED_CONTEXT ( ( #8938 ) ) GLOBAL_UNIT_ASSIGNED_CONTEXT ( ( #10378, #2884, #5674 ) ) REPRESENTATION_CONTEXT ( 'NONE', 'WORKASPACE' ) );
#6095 = CARTESIAN_POINT ( 'NONE',  ( 0.2838009141642797162, -12.69999999999999751, 2.411278666269728088 ) ) ;
#6096 = CARTESIAN_POINT ( 'NONE',  ( 0.3796319354508741473, -12.69999999999999751, 1.151092071692592977 ) ) ;
#6097 = SURFACE_SIDE_STYLE ('',( #2331 ) ) ;
#6098 = ORIENTED_EDGE ( 'NONE', *, *, #8375, .F. ) ;
#6099 = DIRECTION ( 'NONE',  ( -0.000000000000000000, 1.000000000000000000, -0.000000000000000000 ) ) ;
#6100 = CARTESIAN_POINT ( 'NONE',  ( 2.362796867839010329, -12.69999999999999751, 1.162875994744636765 ) ) ;
#6101 = EDGE_LOOP ( 'NONE', ( #6159, #9519, #302, #7380 ) ) ;
#6102 = CARTESIAN_POINT ( 'NONE',  ( 0.4132507747437730306, -12.70999999999999730, 1.373253679813293271 ) ) ;
#6103 = CARTESIAN_POINT ( 'NONE',  ( -3.597074337972709479, -12.70999999999999730, 2.399084328707441038 ) ) ;
#6104 = ORIENTED_EDGE ( 'NONE', *, *, #10072, .T. ) ;
#6105 = CARTESIAN_POINT ( 'NONE',  ( -2.777681699914856583, -12.69999999999999751, 0.7651190741792978089 ) ) ;
#6106 = FILL_AREA_STYLE_COLOUR ( '', #2311 ) ;
#6107 = STYLED_ITEM ( 'NONE', ( #11966 ), #3817 ) ;
#6108 = VECTOR ( 'NONE', #10604, 1000.000000000000114 ) ;
#6109 = FILL_AREA_STYLE_COLOUR ( '', #2964 ) ;
#6110 = VECTOR ( 'NONE', #8001, 1000.000000000000000 ) ;
#6111 = DIRECTION ( 'NONE',  ( 0.000000000000000000, 0.000000000000000000, 1.000000000000000000 ) ) ;
#6112 = FILL_AREA_STYLE_COLOUR ( '', #1228 ) ;
#6113 = LINE ( 'NONE', #8913, #9032 ) ;
#6114 = COLOUR_RGB ( '',1.000000000000000000, 1.000000000000000000, 1.000000000000000000 ) ;
#6115 = ORIENTED_EDGE ( 'NONE', *, *, #3757, .F. ) ;
#6116 =( GEOMETRIC_REPRESENTATION_CONTEXT ( 3 ) GLOBAL_UNCERTAINTY_ASSIGNED_CONTEXT ( ( #8886 ) ) GLOBAL_UNIT_ASSIGNED_CONTEXT ( ( #3389, #2474, #11721 ) ) REPRESENTATION_CONTEXT ( 'NONE', 'WORKASPACE' ) );
#6117 = MECHANICAL_DESIGN_GEOMETRIC_PRESENTATION_REPRESENTATION (  '', ( #2001 ), #10059 ) ;
#6118 = ORIENTED_EDGE ( 'NONE', *, *, #1993, .F. ) ;
#6119 = DIRECTION ( 'NONE',  ( -0.000000000000000000, 1.000000000000000000, -0.000000000000000000 ) ) ;
#6120 = VECTOR ( 'NONE', #1641, 1000.000000000000000 ) ;
#6121 =( NAMED_UNIT ( * ) PLANE_ANGLE_UNIT ( ) SI_UNIT ( $, .RADIAN. ) );
#6122 = DIRECTION ( 'NONE',  ( 2.915501640297156255E-16, -1.000000000000000000, 0.000000000000000000 ) ) ;
#6123 = ORIENTED_EDGE ( 'NONE', *, *, #3405, .T. ) ;
#6124 = ADVANCED_FACE ( 'NONE', ( #2962 ), #3020, .F. ) ;
#6125 =( LENGTH_UNIT ( ) NAMED_UNIT ( * ) SI_UNIT ( .MILLI., .METRE. ) );
#6126 = VECTOR ( 'NONE', #11087, 1000.000000000000227 ) ;
#6127 = ORIENTED_EDGE ( 'NONE', *, *, #8871, .F. ) ;
#6128 = EDGE_CURVE ( 'NONE', #11632, #7772, #1220, .T. ) ;
#6129 =( GEOMETRIC_REPRESENTATION_CONTEXT ( 3 ) GLOBAL_UNCERTAINTY_ASSIGNED_CONTEXT ( ( #1625 ) ) GLOBAL_UNIT_ASSIGNED_CONTEXT ( ( #9044, #8987, #601 ) ) REPRESENTATION_CONTEXT ( 'NONE', 'WORKASPACE' ) );
#6130 = FILL_AREA_STYLE_COLOUR ( '', #5569 ) ;
#6131 =( LENGTH_UNIT ( ) NAMED_UNIT ( * ) SI_UNIT ( .MILLI., .METRE. ) );
#6132 = STYLED_ITEM ( 'NONE', ( #3317 ), #8147 ) ;
#6133 = PRESENTATION_LAYER_ASSIGNMENT (  '', '', ( #8096 ) ) ;
#6134 = DIRECTION ( 'NONE',  ( 0.000000000000000000, 0.000000000000000000, -1.000000000000000000 ) ) ;
#6135 = CARTESIAN_POINT ( 'NONE',  ( -2.970479989325513603, -12.70999999999999730, 1.136255450333256478 ) ) ;
#6136 = VECTOR ( 'NONE', #5980, 1000.000000000000000 ) ;
#6137 = FILL_AREA_STYLE ('',( #475 ) ) ;
#6138 = ORIENTED_EDGE ( 'NONE', *, *, #11730, .F. ) ;
#6139 = SURFACE_SIDE_STYLE ('',( #2435 ) ) ;
#6141 = ORIENTED_EDGE ( 'NONE', *, *, #8014, .T. ) ;
#6140 = LINE ( 'NONE', #537, #1811 ) ;
#6142 = FILL_AREA_STYLE_COLOUR ( '', #9208 ) ;
#6143 =( NAMED_UNIT ( * ) SI_UNIT ( $, .STERADIAN. ) SOLID_ANGLE_UNIT ( ) );
#6144 = COLOUR_RGB ( '',1.000000000000000000, 1.000000000000000000, 1.000000000000000000 ) ;
#6145 = SURFACE_SIDE_STYLE ('',( #2375 ) ) ;
#6146 = PRESENTATION_LAYER_ASSIGNMENT (  '', '', ( #31 ) ) ;
#6147 = ADVANCED_FACE ( 'NONE', ( #5152 ), #9823, .F. ) ;
#6148 = FILL_AREA_STYLE_COLOUR ( '', #4758 ) ;
#6149 = CARTESIAN_POINT ( 'NONE',  ( 0.3503454208066740794, -12.69999999999999751, 2.298984811306086673 ) ) ;
#6150 =( NAMED_UNIT ( * ) SI_UNIT ( $, .STERADIAN. ) SOLID_ANGLE_UNIT ( ) );
#6151 = B_SPLINE_CURVE_WITH_KNOTS ( 'NONE', 3,
 ( #9726, #6942, #4100, #4766 ),
 .UNSPECIFIED., .F., .F.,
 ( 4, 4 ),
 ( 11.00000000000000000, 12.00000000000000000 ),
 .UNSPECIFIED. ) ;
#6152 =( GEOMETRIC_REPRESENTATION_CONTEXT ( 3 ) GLOBAL_UNCERTAINTY_ASSIGNED_CONTEXT ( ( #6295 ) ) GLOBAL_UNIT_ASSIGNED_CONTEXT ( ( #668, #6321, #4418 ) ) REPRESENTATION_CONTEXT ( 'NONE', 'WORKASPACE' ) );
#6153 = ORIENTED_EDGE ( 'NONE', *, *, #7765, .F. ) ;
#6154 = SURFACE_STYLE_FILL_AREA ( #2315 ) ;
#6155 = ORIENTED_EDGE ( 'NONE', *, *, #9977, .T. ) ;
#6156 = EDGE_CURVE ( 'NONE', #9028, #11295, #10822, .T. ) ;
#6157 = FILL_AREA_STYLE ('',( #3286 ) ) ;
#6158 = STYLED_ITEM ( 'NONE', ( #4295 ), #6663 ) ;
#6159 = ORIENTED_EDGE ( 'NONE', *, *, #2544, .F. ) ;
#6160 = LINE ( 'NONE', #11762, #10414 ) ;
#6161 = FILL_AREA_STYLE ('',( #4378 ) ) ;
#6162 = ORIENTED_EDGE ( 'NONE', *, *, #2296, .T. ) ;
#6163 =( GEOMETRIC_REPRESENTATION_CONTEXT ( 3 ) GLOBAL_UNCERTAINTY_ASSIGNED_CONTEXT ( ( #7023 ) ) GLOBAL_UNIT_ASSIGNED_CONTEXT ( ( #207, #2180, #6732 ) ) REPRESENTATION_CONTEXT ( 'NONE', 'WORKASPACE' ) );
#6164 = VECTOR ( 'NONE', #7895, 1000.000000000000000 ) ;
#6165 = CARTESIAN_POINT ( 'NONE',  ( 0.3059824163768771754, -12.70999999999999730, 2.346813675457607218 ) ) ;
#6166 = UNCERTAINTY_MEASURE_WITH_UNIT (LENGTH_MEASURE( 1.000000000000000082E-05 ), #7753, 'distance_accuracy_value', 'NONE');
#6167 = DIRECTION ( 'NONE',  ( -0.000000000000000000, -0.000000000000000000, 1.000000000000000000 ) ) ;
#6168 = ADVANCED_FACE ( 'NONE', ( #396 ), #4277, .F. ) ;
#6169 = FILL_AREA_STYLE_COLOUR ( '', #8909 ) ;
#6170 = CARTESIAN_POINT ( 'NONE',  ( 0.4666250144496134067, -12.70999999999999730, 1.580858677103661680 ) ) ;
#6171 = CARTESIAN_POINT ( 'NONE',  ( 1.367228662967949537, -12.69999999999999751, 1.188176770707219276 ) ) ;
#6172 = FILL_AREA_STYLE_COLOUR ( '', #2773 ) ;
#6173 = VERTEX_POINT ( 'NONE', #6001 ) ;
#6174 = LINE ( 'NONE', #11837, #7616 ) ;
#6175 = CARTESIAN_POINT ( 'NONE',  ( -3.042779255920823545, -12.70999999999999730, 2.630442285191726182 ) ) ;
#6176 = CARTESIAN_POINT ( 'NONE',  ( 1.029134047176034183, -12.70999999999999730, 1.112621028786494159 ) ) ;
#6177 = EDGE_CURVE ( 'NONE', #4050, #8753, #8920, .T. ) ;
#6178 = FILL_AREA_STYLE ('',( #10680 ) ) ;
#6179 = B_SPLINE_SURFACE_WITH_KNOTS ( 'NONE', 3, 1, ( 
 ( #6690, #10033 ),
 ( #11876, #7985 ),
 ( #11693, #1531 ),
 ( #10839, #416 ) ),
 .UNSPECIFIED., .F., .F., .F.,
 ( 4, 4 ),
 ( 2, 2 ),
 ( 12.00000000000000000, 13.00000000000000000 ),
 ( 0.000000000000000000, 1.000000000000000000 ),
 .UNSPECIFIED. ) ;
#6180 = B_SPLINE_CURVE_WITH_KNOTS ( 'NONE', 3,
 ( #5948, #5037, #7622, #1234 ),
 .UNSPECIFIED., .F., .F.,
 ( 4, 4 ),
 ( 23.00000000000000000, 24.00000000000000000 ),
 .UNSPECIFIED. ) ;
#6181 = ORIENTED_EDGE ( 'NONE', *, *, #5775, .T. ) ;
#6182 = DIRECTION ( 'NONE',  ( -0.000000000000000000, 1.000000000000000000, -0.000000000000000000 ) ) ;
#6183 = PRESENTATION_STYLE_ASSIGNMENT (( #9758 ) ) ;
#6184 = LINE ( 'NONE', #581, #11066 ) ;
#6185 = LINE ( 'NONE', #10750, #1619 ) ;
#6186 = DIRECTION ( 'NONE',  ( -0.000000000000000000, 1.000000000000000000, -0.000000000000000000 ) ) ;
#6187 = AXIS2_PLACEMENT_3D ( 'NONE', #1845, #6455, #9234 ) ;
#6188 = SURFACE_STYLE_FILL_AREA ( #7116 ) ;
#6189 = FILL_AREA_STYLE_COLOUR ( '', #3114 ) ;
#6190 = ORIENTED_EDGE ( 'NONE', *, *, #4332, .T. ) ;
#6191 = EDGE_CURVE ( 'NONE', #9365, #39, #7119, .T. ) ;
#6192 = VERTEX_POINT ( 'NONE', #1334 ) ;
#6193 = STYLED_ITEM ( 'NONE', ( #11393 ), #189 ) ;
#6194 = ORIENTED_EDGE ( 'NONE', *, *, #8170, .T. ) ;
#6195 = SURFACE_STYLE_FILL_AREA ( #11680 ) ;
#6196 = B_SPLINE_CURVE_WITH_KNOTS ( 'NONE', 3,
 ( #6867, #1295, #42, #8558 ),
 .UNSPECIFIED., .F., .F.,
 ( 4, 4 ),
 ( 15.00000000000000000, 16.00000000000000000 ),
 .UNSPECIFIED. ) ;
#6197 = DIRECTION ( 'NONE',  ( 0.000000000000000000, 0.000000000000000000, -1.000000000000000000 ) ) ;
#6198 = CARTESIAN_POINT ( 'NONE',  ( 1.083721337782844074, -12.69999999999999751, 1.217289992363262963 ) ) ;
#6199 = CARTESIAN_POINT ( 'NONE',  ( -2.782501675538016084, -12.70999999999999730, 1.430272952002306752 ) ) ;
#6200 = VERTEX_POINT ( 'NONE', #1882 ) ;
#6201 = SURFACE_STYLE_USAGE ( .BOTH. , #6139 ) ;
#6203 = VERTEX_POINT ( 'NONE', #7375 ) ;
#6202 = CARTESIAN_POINT ( 'NONE',  ( 0.5544845583776227826, -12.69999999999999751, 1.160449892938022920 ) ) ;
#6204 = LINE ( 'NONE', #5224, #5844 ) ;
#6205 = SURFACE_STYLE_USAGE ( .BOTH. , #2439 ) ;
#6206 = DIRECTION ( 'NONE',  ( -1.000000000000000000, -0.000000000000000000, -0.000000000000000000 ) ) ;
#6207 = SURFACE_STYLE_FILL_AREA ( #6076 ) ;
#6208 = ORIENTED_EDGE ( 'NONE', *, *, #11090, .F. ) ;
#6209 = PLANE ( 'NONE',  #7889 ) ;
#6210 =( LENGTH_UNIT ( ) NAMED_UNIT ( * ) SI_UNIT ( .MILLI., .METRE. ) );
#6211 =( LENGTH_UNIT ( ) NAMED_UNIT ( * ) SI_UNIT ( .MILLI., .METRE. ) );
#6212 = PRESENTATION_STYLE_ASSIGNMENT (( #3282 ) ) ;
#6213 = CARTESIAN_POINT ( 'NONE',  ( 0.7572373520594096741, -12.69999999999999751, 1.409298620908180810 ) ) ;
#6214 = ORIENTED_EDGE ( 'NONE', *, *, #763, .T. ) ;
#6215 = CARTESIAN_POINT ( 'NONE',  ( -0.7532996611133518927, -12.69999999999999751, 2.047227441341211929 ) ) ;
#6216 = EDGE_CURVE ( 'NONE', #4490, #3270, #5390, .T. ) ;
#6217 = ADVANCED_FACE ( 'NONE', ( #10130 ), #10069, .T. ) ;
#6218 = SURFACE_SIDE_STYLE ('',( #3230 ) ) ;
#6219 = VERTEX_POINT ( 'NONE', #661 ) ;
#6220 = UNCERTAINTY_MEASURE_WITH_UNIT (LENGTH_MEASURE( 1.000000000000000082E-05 ), #5043, 'distance_accuracy_value', 'NONE');
#6221 = SURFACE_SIDE_STYLE ('',( #10925 ) ) ;
#6222 = DIRECTION ( 'NONE',  ( 0.3658589216693572399, -0.000000000000000000, -0.9306703226357523340 ) ) ;
#6223 = CARTESIAN_POINT ( 'NONE',  ( 18.59999999999999432, -1.249999999999995115, -4.000000000000000000 ) ) ;
#6224 = ORIENTED_EDGE ( 'NONE', *, *, #7128, .T. ) ;
#6225 = PRESENTATION_STYLE_ASSIGNMENT (( #3240 ) ) ;
#6226 = ORIENTED_EDGE ( 'NONE', *, *, #10444, .F. ) ;
#6227 =( NAMED_UNIT ( * ) PLANE_ANGLE_UNIT ( ) SI_UNIT ( $, .RADIAN. ) );
#6228 = ORIENTED_EDGE ( 'NONE', *, *, #1061, .T. ) ;
#6229 = CARTESIAN_POINT ( 'NONE',  ( 0.9870238515646625466, -12.69999999999999751, 1.580858677103661680 ) ) ;
#6230 = VECTOR ( 'NONE', #4677, 1000.000000000000000 ) ;
#6231 = ADVANCED_FACE ( 'NONE', ( #2542 ), #1698, .F. ) ;
#6232 = STYLED_ITEM ( 'NONE', ( #2337 ), #2139 ) ;
#6233 = CARTESIAN_POINT ( 'NONE',  ( 0.3503454208066740794, -12.70999999999999730, 2.298984811306086673 ) ) ;
#6234 =( NAMED_UNIT ( * ) PLANE_ANGLE_UNIT ( ) SI_UNIT ( $, .RADIAN. ) );
#6235 = VERTEX_POINT ( 'NONE', #6444 ) ;
#6236 = FILL_AREA_STYLE ('',( #8151 ) ) ;
#6237 = CARTESIAN_POINT ( 'NONE',  ( 0.4037196605124874216, -12.69999999999999751, 1.307748931081419652 ) ) ;
#6238 = EDGE_CURVE ( 'NONE', #8433, #566, #5439, .T. ) ;
#6239 = CARTESIAN_POINT ( 'NONE',  ( 0.7813250771210221712, -12.70999999999999730, 1.362509514676395028 ) ) ;
#6240 = CARTESIAN_POINT ( 'NONE',  ( 0.9227321537406988350, -12.70999999999999730, 2.544021093582787607 ) ) ;
#6241 = LINE ( 'NONE', #10007, #7425 ) ;
#6242 =( LENGTH_UNIT ( ) NAMED_UNIT ( * ) SI_UNIT ( .MILLI., .METRE. ) );
#6243 = CARTESIAN_POINT ( 'NONE',  ( 0.7813250771210221712, -12.69999999999999751, 1.362509514676395028 ) ) ;
#6244 = ORIENTED_EDGE ( 'NONE', *, *, #5782, .F. ) ;
#6245 = ORIENTED_EDGE ( 'NONE', *, *, #3432, .T. ) ;
#6246 = CARTESIAN_POINT ( 'NONE',  ( 0.4586535370910264087, -12.69999999999999751, 1.511888068654680728 ) ) ;
#6247 = EDGE_LOOP ( 'NONE', ( #8802, #9939, #7281, #8139 ) ) ;
#6248 = SURFACE_STYLE_FILL_AREA ( #2359 ) ;
#6249 = LINE ( 'NONE', #10017, #7158 ) ;
#6250 = SURFACE_STYLE_USAGE ( .BOTH. , #1702 ) ;
#6251 = EDGE_CURVE ( 'NONE', #5630, #884, #8735, .T. ) ;
#6252 = CARTESIAN_POINT ( 'NONE',  ( 0.9965549657982581966, -12.69999999999999751, 1.208971929032973902 ) ) ;
#6253 = CARTESIAN_POINT ( 'NONE',  ( 3.061514187607166981, -12.70999999999999730, 1.640471464302582838 ) ) ;
#6254 = ORIENTED_EDGE ( 'NONE', *, *, #851, .F. ) ;
#6255 = PRESENTATION_STYLE_ASSIGNMENT (( #11923 ) ) ;
#6256 = CARTESIAN_POINT ( 'NONE',  ( 2.269218655370840665, -12.70999999999999730, 2.838965755845903161 ) ) ;
#6257 = PRESENTATION_STYLE_ASSIGNMENT (( #672 ) ) ;
#6258 = MECHANICAL_DESIGN_GEOMETRIC_PRESENTATION_REPRESENTATION (  '', ( #10010 ), #7635 ) ;
#6259 = CARTESIAN_POINT ( 'NONE',  ( 3.376387543262116431, -12.69999999999999751, 1.085587322965344104 ) ) ;
#6260 = DIRECTION ( 'NONE',  ( -0.000000000000000000, -0.000000000000000000, 1.000000000000000000 ) ) ;
#6261 = COLOUR_RGB ( '',1.000000000000000000, 1.000000000000000000, 1.000000000000000000 ) ;
#6262 = CARTESIAN_POINT ( 'NONE',  ( -1.620891963455533880, -12.70999999999999730, 1.651991187078393652 ) ) ;
#6263 = ORIENTED_EDGE ( 'NONE', *, *, #1920, .T. ) ;
#6264 =( LENGTH_UNIT ( ) NAMED_UNIT ( * ) SI_UNIT ( .MILLI., .METRE. ) );
#6265 = PRESENTATION_LAYER_ASSIGNMENT (  '', '', ( #7647 ) ) ;
#6266 = DIRECTION ( 'NONE',  ( -0.000000000000000000, -0.000000000000000000, -1.000000000000000000 ) ) ;
#6267 =( GEOMETRIC_REPRESENTATION_CONTEXT ( 3 ) GLOBAL_UNCERTAINTY_ASSIGNED_CONTEXT ( ( #9781 ) ) GLOBAL_UNIT_ASSIGNED_CONTEXT ( ( #6788, #9899, #3073 ) ) REPRESENTATION_CONTEXT ( 'NONE', 'WORKASPACE' ) );
#6268 = CARTESIAN_POINT ( 'NONE',  ( -2.782501675538016084, -12.69999999999999751, 1.054316140560536796 ) ) ;
#6269 = CARTESIAN_POINT ( 'NONE',  ( -0.1057617184844371061, -12.70999999999999730, 1.468564822140002502 ) ) ;
#6270 = CARTESIAN_POINT ( 'NONE',  ( 1.349379485401759116, -12.69999999999999751, 1.205852655282966035 ) ) ;
#6271 = ORIENTED_EDGE ( 'NONE', *, *, #6464, .T. ) ;
#6272 = PRESENTATION_STYLE_ASSIGNMENT (( #6465 ) ) ;
#6273 = COLOUR_RGB ( '',1.000000000000000000, 1.000000000000000000, 1.000000000000000000 ) ;
#6274 = PRESENTATION_LAYER_ASSIGNMENT (  '', '', ( #11576 ) ) ;
#6275 = ORIENTED_EDGE ( 'NONE', *, *, #9978, .T. ) ;
#6276 = AXIS2_PLACEMENT_3D ( 'NONE', #10607, #4049, #4997 ) ;
#6277 = SURFACE_SIDE_STYLE ('',( #6090 ) ) ;
#6278 = SURFACE_STYLE_USAGE ( .BOTH. , #5238 ) ;
#6279 = EDGE_LOOP ( 'NONE', ( #10532, #6338, #5042, #8669, #6155, #4340, #1454, #9765, #10240, #12080, #5981, #10049 ) ) ;
#6280 = B_SPLINE_SURFACE_WITH_KNOTS ( 'NONE', 3, 1, ( 
 ( #4285, #9354 ),
 ( #2843, #914 ),
 ( #5688, #2727 ),
 ( #8539, #8296 ) ),
 .UNSPECIFIED., .F., .F., .F.,
 ( 4, 4 ),
 ( 2, 2 ),
 ( 2.000000000000000000, 3.000000000000000000 ),
 ( 0.000000000000000000, 1.000000000000000000 ),
 .UNSPECIFIED. ) ;
#6281 = CARTESIAN_POINT ( 'NONE',  ( 0.4434037543172682505, -12.69999999999999751, 1.313294306638018272 ) ) ;
#6282 = STYLED_ITEM ( 'NONE', ( #7618 ), #2675 ) ;
#6283 = EDGE_CURVE ( 'NONE', #3790, #1866, #953, .T. ) ;
#6284 = STYLED_ITEM ( 'NONE', ( #7747 ), #10473 ) ;
#6285 = VECTOR ( 'NONE', #3277, 1000.000000000000000 ) ;
#6286 = UNCERTAINTY_MEASURE_WITH_UNIT (LENGTH_MEASURE( 1.000000000000000082E-05 ), #9671, 'distance_accuracy_value', 'NONE');
#6287 = FACE_OUTER_BOUND ( 'NONE', #8848, .T. ) ;
#6288 = PRESENTATION_LAYER_ASSIGNMENT (  '', '', ( #8050 ) ) ;
#6289 = CARTESIAN_POINT ( 'NONE',  ( -1.640171865943553797, -12.69999999999999751, 1.382073379651379552 ) ) ;
#6290 = B_SPLINE_CURVE_WITH_KNOTS ( 'NONE', 3,
 ( #9572, #1145, #4881, #8640 ),
 .UNSPECIFIED., .F., .F.,
 ( 4, 4 ),
 ( 2.000000000000000000, 3.000000000000000000 ),
 .UNSPECIFIED. ) ;
#6291 = CARTESIAN_POINT ( 'NONE',  ( -1.379894101693944997, -12.69999999999999751, 1.083236178157049645 ) ) ;
#6292 = EDGE_LOOP ( 'NONE', ( #10628, #9181 ) ) ;
#6293 = SURFACE_SIDE_STYLE ('',( #2524 ) ) ;
#6294 = CARTESIAN_POINT ( 'NONE',  ( -1.620891963455533880, -12.70999999999999730, 1.651991187078393652 ) ) ;
#6295 = UNCERTAINTY_MEASURE_WITH_UNIT (LENGTH_MEASURE( 1.000000000000000082E-05 ), #668, 'distance_accuracy_value', 'NONE');
#6296 = ORIENTED_EDGE ( 'NONE', *, *, #11182, .F. ) ;
#6297 = CARTESIAN_POINT ( 'NONE',  ( 2.611992181780864897, -12.69999999999999751, 1.579125747240496702 ) ) ;
#6298 = ORIENTED_EDGE ( 'NONE', *, *, #11723, .F. ) ;
#6299 = STYLED_ITEM ( 'NONE', ( #3899 ), #10770 ) ;
#6300 = CARTESIAN_POINT ( 'NONE',  ( 1.715374271948743479, -12.69999999999999751, 2.309035804494934396 ) ) ;
#6301 = SURFACE_STYLE_FILL_AREA ( #8208 ) ;
#6302 = PRESENTATION_STYLE_ASSIGNMENT (( #5614 ) ) ;
#6303 = DIRECTION ( 'NONE',  ( -6.505213034913037648E-15, -1.000000000000000000, 0.000000000000000000 ) ) ;
#6304 = CARTESIAN_POINT ( 'NONE',  ( -2.141447308090255852, -12.70999999999999730, 3.020858839633884685 ) ) ;
#6305 = PRESENTATION_STYLE_ASSIGNMENT (( #11787 ) ) ;
#6306 = EDGE_CURVE ( 'NONE', #1805, #8059, #5499, .T. ) ;
#6307 = B_SPLINE_CURVE_WITH_KNOTS ( 'NONE', 3,
 ( #11928, #2616, #11871, #9048, #5451, #11079, #9114 ),
 .UNSPECIFIED., .F., .F.,
 ( 4, 3, 4 ),
 ( 0.000000000000000000, 1.000000000000000000, 2.000000000000000000 ),
 .UNSPECIFIED. ) ;
#6308 = LINE ( 'NONE', #9393, #7518 ) ;
#6309 = PLANE ( 'NONE',  #10216 ) ;
#6310 = VERTEX_POINT ( 'NONE', #10571 ) ;
#6311 = VECTOR ( 'NONE', #8018, 1000.000000000000000 ) ;
#6312 = CARTESIAN_POINT ( 'NONE',  ( 1.024281843567454553, -12.69999999999999751, 1.500104145602659589 ) ) ;
#6313 = STYLED_ITEM ( 'NONE', ( #4933 ), #4859 ) ;
#6314 = ORIENTED_EDGE ( 'NONE', *, *, #3656, .F. ) ;
#6315 =( NAMED_UNIT ( * ) SI_UNIT ( $, .STERADIAN. ) SOLID_ANGLE_UNIT ( ) );
#6316 =( LENGTH_UNIT ( ) NAMED_UNIT ( * ) SI_UNIT ( .MILLI., .METRE. ) );
#6317 = CARTESIAN_POINT ( 'NONE',  ( -2.883720795863037978, -12.70999999999999730, 1.430272952002306752 ) ) ;
#6318 =( GEOMETRIC_REPRESENTATION_CONTEXT ( 3 ) GLOBAL_UNCERTAINTY_ASSIGNED_CONTEXT ( ( #6286 ) ) GLOBAL_UNIT_ASSIGNED_CONTEXT ( ( #9671, #293, #3420 ) ) REPRESENTATION_CONTEXT ( 'NONE', 'WORKASPACE' ) );
#6319 =( NAMED_UNIT ( * ) PLANE_ANGLE_UNIT ( ) SI_UNIT ( $, .RADIAN. ) );
#6320 = ORIENTED_EDGE ( 'NONE', *, *, #5398, .F. ) ;
#6321 =( NAMED_UNIT ( * ) PLANE_ANGLE_UNIT ( ) SI_UNIT ( $, .RADIAN. ) );
#6323 = VERTEX_POINT ( 'NONE', #5624 ) ;
#6322 = SURFACE_STYLE_USAGE ( .BOTH. , #4536 ) ;
#6324 = LINE ( 'NONE', #2552, #10594 ) ;
#6325 = PLANE ( 'NONE',  #966 ) ;
#6326 = B_SPLINE_CURVE_WITH_KNOTS ( 'NONE', 3,
 ( #5605, #3559, #9379, #11274 ),
 .UNSPECIFIED., .F., .F.,
 ( 4, 4 ),
 ( 1.000000000000000000, 2.000000000000000000 ),
 .UNSPECIFIED. ) ;
#6327 = AXIS2_PLACEMENT_3D ( 'NONE', #3218, #2501, #2262 ) ;
#6328 = FILL_AREA_STYLE_COLOUR ( '', #8811 ) ;
#6329 = CARTESIAN_POINT ( 'NONE',  ( -3.384996329943143145, -12.70999999999999730, 1.131435750512578942 ) ) ;
#6330 = EDGE_CURVE ( 'NONE', #781, #4440, #11298, .T. ) ;
#6331 =( NAMED_UNIT ( * ) SI_UNIT ( $, .STERADIAN. ) SOLID_ANGLE_UNIT ( ) );
#6332 = AXIS2_PLACEMENT_3D ( 'NONE', #5289, #9058, #614 ) ;
#6333 = AXIS2_PLACEMENT_3D ( 'NONE', #5750, #9531, #4018 ) ;
#6334 = EDGE_LOOP ( 'NONE', ( #10022, #1784, #5400, #606 ) ) ;
#6335 = EDGE_CURVE ( 'NONE', #8450, #10206, #4957, .T. ) ;
#6336 = CARTESIAN_POINT ( 'NONE',  ( 0.7567174731018387890, -12.69999999999999751, 1.102570035597665088 ) ) ;
#6337 = AXIS2_PLACEMENT_3D ( 'NONE', #4788, #8538, #83 ) ;
#6338 = ORIENTED_EDGE ( 'NONE', *, *, #6508, .T. ) ;
#6339 = MECHANICAL_DESIGN_GEOMETRIC_PRESENTATION_REPRESENTATION (  '', ( #7328 ), #3950 ) ;
#6340 = DIRECTION ( 'NONE',  ( -0.000000000000000000, 1.000000000000000000, -0.000000000000000000 ) ) ;
#6341 = MECHANICAL_DESIGN_GEOMETRIC_PRESENTATION_REPRESENTATION (  '', ( #2957 ), #9889 ) ;
#6342 = CARTESIAN_POINT ( 'NONE',  ( 1.879829315710288773, -12.69999999999999751, 2.403653774882851035 ) ) ;
#6343 = CARTESIAN_POINT ( 'NONE',  ( -1.649811633320760862, -12.69999999999999751, 1.083236178157049645 ) ) ;
#6344 = ORIENTED_EDGE ( 'NONE', *, *, #208, .F. ) ;
#6345 = PRESENTATION_LAYER_ASSIGNMENT (  '', '', ( #1047 ) ) ;
#6346 = PRESENTATION_LAYER_ASSIGNMENT (  '', '', ( #8508 ) ) ;
#6347 = EDGE_CURVE ( 'NONE', #2583, #8155, #3773, .T. ) ;
#6348 = PRESENTATION_STYLE_ASSIGNMENT (( #12069 ) ) ;
#6349 = ORIENTED_EDGE ( 'NONE', *, *, #2588, .F. ) ;
#6350 =( GEOMETRIC_REPRESENTATION_CONTEXT ( 3 ) GLOBAL_UNCERTAINTY_ASSIGNED_CONTEXT ( ( #2220 ) ) GLOBAL_UNIT_ASSIGNED_CONTEXT ( ( #1893, #2671, #3718 ) ) REPRESENTATION_CONTEXT ( 'NONE', 'WORKASPACE' ) );
#6351 = COLOUR_RGB ( '',1.000000000000000000, 1.000000000000000000, 1.000000000000000000 ) ;
#6352 = CARTESIAN_POINT ( 'NONE',  ( 1.184404562680329454, -12.69999999999999751, 2.760983912123204931 ) ) ;
#6353 = UNCERTAINTY_MEASURE_WITH_UNIT (LENGTH_MEASURE( 1.000000000000000082E-05 ), #6577, 'distance_accuracy_value', 'NONE');
#6354 =( LENGTH_UNIT ( ) NAMED_UNIT ( * ) SI_UNIT ( .MILLI., .METRE. ) );
#6355 = B_SPLINE_CURVE_WITH_KNOTS ( 'NONE', 3,
 ( #10073, #4602, #11069, #1835 ),
 .UNSPECIFIED., .F., .F.,
 ( 4, 4 ),
 ( 22.00000000000000000, 23.00000000000000000 ),
 .UNSPECIFIED. ) ;
#6356 = VECTOR ( 'NONE', #8337, 1000.000000000000000 ) ;
#6357 = CARTESIAN_POINT ( 'NONE',  ( 0.6036997664159702293, -12.70999999999999730, 2.850403092926218296 ) ) ;
#6358 = CARTESIAN_POINT ( 'NONE',  ( -2.502944008800396691, -12.70999999999999730, 1.671271089566408241 ) ) ;
#6359 = PRESENTATION_LAYER_ASSIGNMENT (  '', '', ( #10679 ) ) ;
#6360 = DIRECTION ( 'NONE',  ( -0.2524218971878660067, 0.000000000000000000, 0.9676172723861837799 ) ) ;
#6361 = DIRECTION ( 'NONE',  ( -0.3559357243643079816, -0.000000000000000000, -0.9345104387438671889 ) ) ;
#6362 = PRESENTATION_STYLE_ASSIGNMENT (( #3436 ) ) ;
#6363 = ORIENTED_EDGE ( 'NONE', *, *, #6380, .F. ) ;
#6364 = SURFACE_STYLE_USAGE ( .BOTH. , #11102 ) ;
#6365 = EDGE_CURVE ( 'NONE', #5113, #200, #8531, .T. ) ;
#6366 = CARTESIAN_POINT ( 'NONE',  ( 0.2838009141642797162, -12.69999999999999751, 2.577639932880311679 ) ) ;
#6367 = VERTEX_POINT ( 'NONE', #10618 ) ;
#6369 = PRESENTATION_LAYER_ASSIGNMENT (  '', '', ( #11669 ) ) ;
#6368 = DIRECTION ( 'NONE',  ( 0.3658589216693571289, 0.000000000000000000, -0.9306703226357522230 ) ) ;
#6370 = B_SPLINE_SURFACE_WITH_KNOTS ( 'NONE', 3, 1, ( 
 ( #7606, #10370 ),
 ( #3572, #11285 ),
 ( #6431, #4767 ),
 ( #5662, #7290 ) ),
 .UNSPECIFIED., .F., .F., .F.,
 ( 4, 4 ),
 ( 2, 2 ),
 ( 0.000000000000000000, 1.000000000000000000 ),
 ( 0.000000000000000000, 1.000000000000000000 ),
 .UNSPECIFIED. ) ;
#6371 = CARTESIAN_POINT ( 'NONE',  ( -1.500393032575894736, -12.70999999999999730, 2.466563757579689042 ) ) ;
#6372 =( NAMED_UNIT ( * ) PLANE_ANGLE_UNIT ( ) SI_UNIT ( $, .RADIAN. ) );
#6373 = FILL_AREA_STYLE ('',( #8274 ) ) ;
#6374 = ORIENTED_EDGE ( 'NONE', *, *, #6751, .T. ) ;
#6375 = CARTESIAN_POINT ( 'NONE',  ( -0.1057617184844371061, -12.70999999999999730, 1.468564822140002502 ) ) ;
#6376 =( NAMED_UNIT ( * ) PLANE_ANGLE_UNIT ( ) SI_UNIT ( $, .RADIAN. ) );
#6377 = STYLED_ITEM ( 'NONE', ( #8853 ), #7152 ) ;
#6378 =( NAMED_UNIT ( * ) PLANE_ANGLE_UNIT ( ) SI_UNIT ( $, .RADIAN. ) );
#6379 = EDGE_CURVE ( 'NONE', #4186, #1665, #11, .T. ) ;
#6380 = EDGE_CURVE ( 'NONE', #4575, #8121, #250, .T. ) ;
#6381 = ORIENTED_EDGE ( 'NONE', *, *, #7746, .F. ) ;
#6382 = CARTESIAN_POINT ( 'NONE',  ( -1.485933197642125947, -12.70999999999999730, 2.770221049609327579 ) ) ;
#6383 = ORIENTED_EDGE ( 'NONE', *, *, #3321, .T. ) ;
#6384 = CARTESIAN_POINT ( 'NONE',  ( 1.879829315710288773, -12.70999999999999730, 2.609179256338330255 ) ) ;
#6385 = PLANE ( 'NONE',  #1163 ) ;
#6386 = SURFACE_STYLE_FILL_AREA ( #1762 ) ;
#6387 = SURFACE_STYLE_USAGE ( .BOTH. , #2609 ) ;
#6388 = ORIENTED_EDGE ( 'NONE', *, *, #6283, .T. ) ;
#6389 = CARTESIAN_POINT ( 'NONE',  ( 0.3061557093650378869, -12.69999999999999751, 1.358350483011264043 ) ) ;
#6391 = ORIENTED_EDGE ( 'NONE', *, *, #2876, .T. ) ;
#6390 = PRESENTATION_STYLE_ASSIGNMENT (( #2612 ) ) ;
#6392 = CARTESIAN_POINT ( 'NONE',  ( -3.384996329943143145, -12.69999999999999751, 1.131435750512578942 ) ) ;
#6393 = CARTESIAN_POINT ( 'NONE',  ( 0.5567373671960460513, -12.69999999999999751, 1.242244182354171000 ) ) ;
#6394 = B_SPLINE_SURFACE_WITH_KNOTS ( 'NONE', 3, 1, ( 
 ( #292, #4865 ),
 ( #5354, #745 ),
 ( #4235, #2384 ),
 ( #5174, #9184 ) ),
 .UNSPECIFIED., .F., .F., .F.,
 ( 4, 4 ),
 ( 2, 2 ),
 ( 5.000000000000000000, 6.000000000000000000 ),
 ( 0.000000000000000000, 1.000000000000000000 ),
 .UNSPECIFIED. ) ;
#6395 = DIRECTION ( 'NONE',  ( -0.8863488427958620131, 0.000000000000000000, -0.4630180653866933227 ) ) ;
#6396 = CARTESIAN_POINT ( 'NONE',  ( -3.447655645294449567, -12.69999999999999751, 2.548503021390325696 ) ) ;
#6397 = ORIENTED_EDGE ( 'NONE', *, *, #1417, .F. ) ;
#6398 = ADVANCED_FACE ( 'NONE', ( #2115 ), #10708, .F. ) ;
#6399 = PRESENTATION_LAYER_ASSIGNMENT (  '', '', ( #10332 ) ) ;
#6400 = PRESENTATION_STYLE_ASSIGNMENT (( #8239 ) ) ;
#6401 = DIRECTION ( 'NONE',  ( -0.000000000000000000, 1.000000000000000000, -0.000000000000000000 ) ) ;
#6402 = CARTESIAN_POINT ( 'NONE',  ( 2.264366451762265697, -12.70999999999999730, 1.685527640680425820 ) ) ;
#6403 = DIRECTION ( 'NONE',  ( -0.000000000000000000, 1.000000000000000000, -0.000000000000000000 ) ) ;
#6404 =( NAMED_UNIT ( * ) PLANE_ANGLE_UNIT ( ) SI_UNIT ( $, .RADIAN. ) );
#6405 = EDGE_LOOP ( 'NONE', ( #7208, #11112, #1608, #3686, #9255, #6928 ) ) ;
#6406 = DIRECTION ( 'NONE',  ( -0.000000000000000000, -0.000000000000000000, 1.000000000000000000 ) ) ;
#6407 = EDGE_CURVE ( 'NONE', #7304, #4186, #3825, .T. ) ;
#6408 =( GEOMETRIC_REPRESENTATION_CONTEXT ( 3 ) GLOBAL_UNCERTAINTY_ASSIGNED_CONTEXT ( ( #9928 ) ) GLOBAL_UNIT_ASSIGNED_CONTEXT ( ( #5998, #6852, #5934 ) ) REPRESENTATION_CONTEXT ( 'NONE', 'WORKASPACE' ) );
#6409 =( NAMED_UNIT ( * ) PLANE_ANGLE_UNIT ( ) SI_UNIT ( $, .RADIAN. ) );
#6410 = ORIENTED_EDGE ( 'NONE', *, *, #12084, .F. ) ;
#6411 = VERTEX_POINT ( 'NONE', #1032 ) ;
#6412 = B_SPLINE_CURVE_WITH_KNOTS ( 'NONE', 3,
 ( #52, #6812, #241, #9554 ),
 .UNSPECIFIED., .F., .F.,
 ( 4, 4 ),
 ( 3.000000000000000000, 4.000000000000000000 ),
 .UNSPECIFIED. ) ;
#6413 =( NAMED_UNIT ( * ) PLANE_ANGLE_UNIT ( ) SI_UNIT ( $, .RADIAN. ) );
#6414 = ORIENTED_EDGE ( 'NONE', *, *, #7225, .F. ) ;
#6415 = PLANE ( 'NONE',  #306 ) ;
#6416 = VECTOR ( 'NONE', #9192, 1000.000000000000114 ) ;
#6417 = CARTESIAN_POINT ( 'NONE',  ( 1.771694492416408639, -12.70999999999999730, 1.162875994744636765 ) ) ;
#6418 = VERTEX_POINT ( 'NONE', #4782 ) ;
#6419 = EDGE_CURVE ( 'NONE', #11917, #7674, #137, .T. ) ;
#6420 = UNCERTAINTY_MEASURE_WITH_UNIT (LENGTH_MEASURE( 1.000000000000000082E-05 ), #8058, 'distance_accuracy_value', 'NONE');
#6421 = B_SPLINE_SURFACE_WITH_KNOTS ( 'NONE', 3, 1, ( 
 ( #5211, #9165 ),
 ( #11972, #9029 ),
 ( #10943, #5435 ),
 ( #8025, #3511 ) ),
 .UNSPECIFIED., .F., .F., .F.,
 ( 4, 4 ),
 ( 2, 2 ),
 ( 27.00000000000000000, 28.00000000000000000 ),
 ( 0.000000000000000000, 1.000000000000000000 ),
 .UNSPECIFIED. ) ;
#6422 = DIRECTION ( 'NONE',  ( -0.000000000000000000, -0.000000000000000000, 1.000000000000000000 ) ) ;
#6423 = DIRECTION ( 'NONE',  ( -0.000000000000000000, 1.000000000000000000, -0.000000000000000000 ) ) ;
#6424 = CARTESIAN_POINT ( 'NONE',  ( -1.216015666015310526, -12.70999999999999730, 2.129166751113926281 ) ) ;
#6425 =( NAMED_UNIT ( * ) PLANE_ANGLE_UNIT ( ) SI_UNIT ( $, .RADIAN. ) );
#6426 = FACE_OUTER_BOUND ( 'NONE', #6684, .T. ) ;
#6427 = VERTEX_POINT ( 'NONE', #2890 ) ;
#6428 = ADVANCED_FACE ( 'NONE', ( #1091 ), #6727, .F. ) ;
#6429 = PLANE ( 'NONE',  #9803 ) ;
#6430 = CARTESIAN_POINT ( 'NONE',  ( 1.280582169938624615, -12.70999999999999730, 0.9985942439642949697 ) ) ;
#6431 = CARTESIAN_POINT ( 'NONE',  ( 0.3479193190023711080, -12.70999999999999730, 1.565955480301605363 ) ) ;
#6432 = PRESENTATION_STYLE_ASSIGNMENT (( #1635 ) ) ;
#6433 = SURFACE_STYLE_FILL_AREA ( #6236 ) ;
#6434 = CARTESIAN_POINT ( 'NONE',  ( 0.4434037543172703044, -12.69999999999999751, 1.313294306638017828 ) ) ;
#6435 = SURFACE_SIDE_STYLE ('',( #6493 ) ) ;
#6436 = CARTESIAN_POINT ( 'NONE',  ( 0.1713337662147740026, -12.70999999999999730, 1.162875994744636765 ) ) ;
#6437 = FILL_AREA_STYLE ('',( #2653 ) ) ;
#6438 =( GEOMETRIC_REPRESENTATION_CONTEXT ( 3 ) GLOBAL_UNCERTAINTY_ASSIGNED_CONTEXT ( ( #1746 ) ) GLOBAL_UNIT_ASSIGNED_CONTEXT ( ( #4437, #7263, #10916 ) ) REPRESENTATION_CONTEXT ( 'NONE', 'WORKASPACE' ) );
#6439 = CARTESIAN_POINT ( 'NONE',  ( 2.728791654385999799, -12.70999999999999730, 1.433213052983943303 ) ) ;
#6440 = LINE ( 'NONE', #10322, #7668 ) ;
#6441 =( LENGTH_UNIT ( ) NAMED_UNIT ( * ) SI_UNIT ( .MILLI., .METRE. ) );
#6442 = ORIENTED_EDGE ( 'NONE', *, *, #6191, .T. ) ;
#6443 = EDGE_LOOP ( 'NONE', ( #11942, #1107, #11912, #11543 ) ) ;
#6444 = CARTESIAN_POINT ( 'NONE',  ( 0.5245048717899720714, -12.70999999999999730, 2.227588101050506086 ) ) ;
#6445 = CARTESIAN_POINT ( 'NONE',  ( 1.667198821825490063, -12.70999999999999730, 2.261900112291451048 ) ) ;
#6446 = EDGE_CURVE ( 'NONE', #5497, #6972, #2231, .T. ) ;
#6447 = ADVANCED_FACE ( 'NONE', ( #10806 ), #164, .F. ) ;
#6448 = LINE ( 'NONE', #1581, #9235 ) ;
#6449 = CARTESIAN_POINT ( 'NONE',  ( 0.8705709649381874193, -12.70999999999999730, 1.493865598102612102 ) ) ;
#6450 =( GEOMETRIC_REPRESENTATION_CONTEXT ( 3 ) GLOBAL_UNCERTAINTY_ASSIGNED_CONTEXT ( ( #4825 ) ) GLOBAL_UNIT_ASSIGNED_CONTEXT ( ( #7471, #8268, #12023 ) ) REPRESENTATION_CONTEXT ( 'NONE', 'WORKASPACE' ) );
#6451 = EDGE_LOOP ( 'NONE', ( #11088, #6945, #7759, #114 ) ) ;
#6452 = CARTESIAN_POINT ( 'NONE',  ( 0.2526081766733467848, -12.69999999999999751, 1.215210476532994077 ) ) ;
#6453 = ORIENTED_EDGE ( 'NONE', *, *, #1601, .T. ) ;
#6454 = CARTESIAN_POINT ( 'NONE',  ( 2.626548792611196781, -12.69999999999999751, 1.180551879320356212 ) ) ;
#6455 = DIRECTION ( 'NONE',  ( 0.000000000000000000, 0.000000000000000000, -1.000000000000000000 ) ) ;
#6456 = ORIENTED_EDGE ( 'NONE', *, *, #8775, .F. ) ;
#6457 = CARTESIAN_POINT ( 'NONE',  ( 2.033366901353705902, -12.70999999999999730, 1.763509484403121608 ) ) ;
#6458 = ORIENTED_EDGE ( 'NONE', *, *, #1677, .F. ) ;
#6459 = FILL_AREA_STYLE_COLOUR ( '', #7151 ) ;
#6460 = FILL_AREA_STYLE_COLOUR ( '', #2568 ) ;
#6461 = CARTESIAN_POINT ( 'NONE',  ( 0.5245048717899720714, -12.70999999999999730, 2.227588101050506086 ) ) ;
#6462 = VERTEX_POINT ( 'NONE', #6044 ) ;
#6463 = B_SPLINE_SURFACE_WITH_KNOTS ( 'NONE', 3, 1, ( 
 ( #2577, #4569 ),
 ( #6358, #12014 ),
 ( #7523, #1915 ),
 ( #7406, #9439 ) ),
 .UNSPECIFIED., .F., .F., .F.,
 ( 4, 4 ),
 ( 2, 2 ),
 ( 15.00000000000000000, 16.00000000000000000 ),
 ( 0.000000000000000000, 1.000000000000000000 ),
 .UNSPECIFIED. ) ;
#6464 = EDGE_CURVE ( 'NONE', #5781, #9735, #9821, .T. ) ;
#6465 = SURFACE_STYLE_USAGE ( .BOTH. , #10971 ) ;
#6466 =( GEOMETRIC_REPRESENTATION_CONTEXT ( 3 ) GLOBAL_UNCERTAINTY_ASSIGNED_CONTEXT ( ( #8262 ) ) GLOBAL_UNIT_ASSIGNED_CONTEXT ( ( #10133, #1761, #8109 ) ) REPRESENTATION_CONTEXT ( 'NONE', 'WORKASPACE' ) );
#6467 = PLANE ( 'NONE',  #6650 ) ;
#6468 =( NAMED_UNIT ( * ) SI_UNIT ( $, .STERADIAN. ) SOLID_ANGLE_UNIT ( ) );
#6469 = UNCERTAINTY_MEASURE_WITH_UNIT (LENGTH_MEASURE( 1.000000000000000082E-05 ), #5316, 'distance_accuracy_value', 'NONE');
#6470 = SURFACE_STYLE_FILL_AREA ( #12121 ) ;
#6471 = EDGE_CURVE ( 'NONE', #8573, #2783, #5134, .T. ) ;
#6472 = PRESENTATION_STYLE_ASSIGNMENT (( #4687 ) ) ;
#6473 = ORIENTED_EDGE ( 'NONE', *, *, #10122, .T. ) ;
#6474 = COLOUR_RGB ( '',1.000000000000000000, 1.000000000000000000, 1.000000000000000000 ) ;
#6475 = CARTESIAN_POINT ( 'NONE',  ( -0.7484797774236003898, -12.70999999999999730, 1.758030191093176597 ) ) ;
#6476 =( NAMED_UNIT ( * ) PLANE_ANGLE_UNIT ( ) SI_UNIT ( $, .RADIAN. ) );
#6477 =( GEOMETRIC_REPRESENTATION_CONTEXT ( 3 ) GLOBAL_UNCERTAINTY_ASSIGNED_CONTEXT ( ( #1878 ) ) GLOBAL_UNIT_ASSIGNED_CONTEXT ( ( #10942, #8154, #7541 ) ) REPRESENTATION_CONTEXT ( 'NONE', 'WORKASPACE' ) );
#6478 = CARTESIAN_POINT ( 'NONE',  ( -0.9268182319027946647, -12.69999999999999751, 1.300134253745478308 ) ) ;
#6479 = ORIENTED_EDGE ( 'NONE', *, *, #382, .F. ) ;
#6480 = DIRECTION ( 'NONE',  ( 1.000000000000000000, 0.000000000000000000, 0.000000000000000000 ) ) ;
#6481 = FILL_AREA_STYLE ('',( #10241 ) ) ;
#6482 = PRESENTATION_LAYER_ASSIGNMENT (  '', '', ( #6282 ) ) ;
#6483 = PRESENTATION_STYLE_ASSIGNMENT (( #60 ) ) ;
#6484 = ADVANCED_FACE ( 'NONE', ( #7957 ), #1809, .T. ) ;
#6485 = AXIS2_PLACEMENT_3D ( 'NONE', #7690, #2031, #10291 ) ;
#6486 = VECTOR ( 'NONE', #6659, 1000.000000000000114 ) ;
#6487 = CARTESIAN_POINT ( 'NONE',  ( 0.8757697545207784318, -12.70999999999999730, 1.390582978417315596 ) ) ;
#6488 = CARTESIAN_POINT ( 'NONE',  ( 1.317840161941412402, -12.69999999999999751, 1.086627080880489871 ) ) ;
#6489 = PLANE ( 'NONE',  #5168 ) ;
#6490 = VECTOR ( 'NONE', #3846, 1000.000000000000000 ) ;
#6491 = CARTESIAN_POINT ( 'NONE',  ( 0.7572373520594096741, -12.69999999999999751, 1.439105014512265912 ) ) ;
#6492 = FACE_BOUND ( 'NONE', #1423, .T. ) ;
#6493 = SURFACE_STYLE_FILL_AREA ( #2648 ) ;
#6494 = LINE ( 'NONE', #11116, #6120 ) ;
#6495 = CARTESIAN_POINT ( 'NONE',  ( 3.074337868569708476, -12.70999999999999730, 1.654334903189493167 ) ) ;
#6496 = FACE_OUTER_BOUND ( 'NONE', #5648, .T. ) ;
#6497 = LINE ( 'NONE', #5496, #3714 ) ;
#6498 = ORIENTED_EDGE ( 'NONE', *, *, #9233, .F. ) ;
#6499 =( NAMED_UNIT ( * ) SI_UNIT ( $, .STERADIAN. ) SOLID_ANGLE_UNIT ( ) );
#6500 = DIRECTION ( 'NONE',  ( -0.000000000000000000, 1.000000000000000000, -0.000000000000000000 ) ) ;
#6501 = SURFACE_SIDE_STYLE ('',( #9282 ) ) ;
#6502 = CARTESIAN_POINT ( 'NONE',  ( 0.8447503100156967815, -12.70999999999999730, 1.466138720333415968 ) ) ;
#6503 = ORIENTED_EDGE ( 'NONE', *, *, #3295, .T. ) ;
#6504 = CARTESIAN_POINT ( 'NONE',  ( 0.2526081766733467848, -12.69999999999999751, 1.305669415251155208 ) ) ;
#6505 = PRESENTATION_STYLE_ASSIGNMENT (( #6322 ) ) ;
#6506 = DIRECTION ( 'NONE',  ( 0.000000000000000000, 1.000000000000000000, 0.000000000000000000 ) ) ;
#6507 = CARTESIAN_POINT ( 'NONE',  ( 2.612685353728910975, -12.70999999999999730, 1.280368639288545607 ) ) ;
#6508 = EDGE_CURVE ( 'NONE', #7862, #11573, #11718, .T. ) ;
#6509 = EDGE_CURVE ( 'NONE', #6235, #9982, #2602, .T. ) ;
#6510 = COLOUR_RGB ( '',1.000000000000000000, 1.000000000000000000, 1.000000000000000000 ) ;
#6511 = CIRCLE ( 'NONE', #5, 0.6500000000000012434 ) ;
#6512 = MECHANICAL_DESIGN_GEOMETRIC_PRESENTATION_REPRESENTATION (  '', ( #10465 ), #3545 ) ;
#6513 = EDGE_CURVE ( 'NONE', #2099, #3318, #10881, .T. ) ;
#6514 = VERTEX_POINT ( 'NONE', #12137 ) ;
#6515 = LINE ( 'NONE', #3663, #4665 ) ;
#6516 =( NAMED_UNIT ( * ) SI_UNIT ( $, .STERADIAN. ) SOLID_ANGLE_UNIT ( ) );
#6517 = VECTOR ( 'NONE', #8547, 1000.000000000000000 ) ;
#6518 = ORIENTED_EDGE ( 'NONE', *, *, #9347, .F. ) ;
#6519 = VECTOR ( 'NONE', #8307, 1000.000000000000000 ) ;
#6520 = ORIENTED_EDGE ( 'NONE', *, *, #11268, .T. ) ;
#6521 = EDGE_CURVE ( 'NONE', #1106, #9028, #1458, .T. ) ;
#6522 = VECTOR ( 'NONE', #2237, 1000.000000000000000 ) ;
#6523 = COLOUR_RGB ( '',1.000000000000000000, 1.000000000000000000, 1.000000000000000000 ) ;
#6524 = CARTESIAN_POINT ( 'NONE',  ( 0.4666250144496134067, -12.70999999999999730, 1.580858677103661680 ) ) ;
#6525 =( NAMED_UNIT ( * ) SI_UNIT ( $, .STERADIAN. ) SOLID_ANGLE_UNIT ( ) );
#6526 =( GEOMETRIC_REPRESENTATION_CONTEXT ( 3 ) GLOBAL_UNCERTAINTY_ASSIGNED_CONTEXT ( ( #879 ) ) GLOBAL_UNIT_ASSIGNED_CONTEXT ( ( #5504, #15, #4017 ) ) REPRESENTATION_CONTEXT ( 'NONE', 'WORKASPACE' ) );
#6527 =( NAMED_UNIT ( * ) PLANE_ANGLE_UNIT ( ) SI_UNIT ( $, .RADIAN. ) );
#6528 = COLOUR_RGB ( '',0.2509803921568627416, 0.2509803921568627416, 0.2509803921568627416 ) ;
#6529 = UNCERTAINTY_MEASURE_WITH_UNIT (LENGTH_MEASURE( 1.000000000000000082E-05 ), #11998, 'distance_accuracy_value', 'NONE');
#6530 = CIRCLE ( 'NONE', #1630, 0.6500000000000012434 ) ;
#6531 = SURFACE_STYLE_USAGE ( .BOTH. , #10167 ) ;
#6532 = PLANE ( 'NONE',  #9125 ) ;
#6533 = FILL_AREA_STYLE ('',( #9326 ) ) ;
#6534 = PRESENTATION_STYLE_ASSIGNMENT (( #822 ) ) ;
#6535 = ORIENTED_EDGE ( 'NONE', *, *, #3170, .F. ) ;
#6536 = CARTESIAN_POINT ( 'NONE',  ( 0.8632926595230211442, -12.69999999999999751, 1.401673729525910739 ) ) ;
#6537 = VERTEX_POINT ( 'NONE', #10940 ) ;
#6538 = CARTESIAN_POINT ( 'NONE',  ( -2.777681699914856583, -12.69999999999999751, 0.7651190741792978089 ) ) ;
#6539 = VECTOR ( 'NONE', #1082, 1000.000000000000227 ) ;
#6540 = DIRECTION ( 'NONE',  ( -0.000000000000000000, -0.000000000000000000, 1.000000000000000000 ) ) ;
#6542 = EDGE_CURVE ( 'NONE', #3139, #11654, #2472, .T. ) ;
#6541 = CARTESIAN_POINT ( 'NONE',  ( 0.8000407196142020894, -12.69999999999999751, 1.159063549051180253 ) ) ;
#6543 = CARTESIAN_POINT ( 'NONE',  ( 3.057355155937389046, -12.70999999999999730, 1.629380713198598674 ) ) ;
#6544 = UNCERTAINTY_MEASURE_WITH_UNIT (LENGTH_MEASURE( 1.000000000000000082E-05 ), #3898, 'distance_accuracy_value', 'NONE');
#6545 = DIRECTION ( 'NONE',  ( -0.000000000000000000, 0.000000000000000000, 1.000000000000000000 ) ) ;
#6546 = VERTEX_POINT ( 'NONE', #11048 ) ;
#6547 = STYLED_ITEM ( 'NONE', ( #10359 ), #8598 ) ;
#6548 = CARTESIAN_POINT ( 'NONE',  ( 2.208392817266298991, -12.69999999999999751, 2.704836984641384667 ) ) ;
#6549 = CARTESIAN_POINT ( 'NONE',  ( 2.473011206967780318, -12.70999999999999730, 1.763509484403121608 ) ) ;
#6550 = CARTESIAN_POINT ( 'NONE',  ( 0.9374620575545931089, -12.70999999999999730, 1.511888068654680728 ) ) ;
#6551 = CARTESIAN_POINT ( 'NONE',  ( 0.7754331155950139332, -12.69999999999999751, 1.516393686291531706 ) ) ;
#6552 = EDGE_CURVE ( 'NONE', #10194, #10146, #242, .T. ) ;
#6553 = CARTESIAN_POINT ( 'NONE',  ( 0.7567174731018394551, -12.69999999999999751, 1.190256286537485275 ) ) ;
#6554 = CARTESIAN_POINT ( 'NONE',  ( 2.264366451762265697, -12.70999999999999730, 1.685527640680425820 ) ) ;
#6555 = UNCERTAINTY_MEASURE_WITH_UNIT (LENGTH_MEASURE( 1.000000000000000082E-05 ), #8023, 'distance_accuracy_value', 'NONE');
#6556 = CARTESIAN_POINT ( 'NONE',  ( 0.2898661686738288057, -12.69999999999999751, 2.750586332958024460 ) ) ;
#6557 = ORIENTED_EDGE ( 'NONE', *, *, #5232, .T. ) ;
#6558 = LINE ( 'NONE', #1699, #8742 ) ;
#6559 = MECHANICAL_DESIGN_GEOMETRIC_PRESENTATION_REPRESENTATION (  '', ( #1078 ), #8946 ) ;
#6560 = SURFACE_SIDE_STYLE ('',( #6957 ) ) ;
#6561 = EDGE_LOOP ( 'NONE', ( #6030, #8011, #9729, #10620 ) ) ;
#6562 = VERTEX_POINT ( 'NONE', #8148 ) ;
#6563 = PRESENTATION_STYLE_ASSIGNMENT (( #4787 ) ) ;
#6564 = FILL_AREA_STYLE_COLOUR ( '', #7898 ) ;
#6565 = SURFACE_STYLE_FILL_AREA ( #12105 ) ;
#6566 = FILL_AREA_STYLE_COLOUR ( '', #12146 ) ;
#6567 = LINE ( 'NONE', #3721, #1968 ) ;
#6568 = VECTOR ( 'NONE', #6020, 1000.000000000000000 ) ;
#6569 = B_SPLINE_SURFACE_WITH_KNOTS ( 'NONE', 3, 1, ( 
 ( #838, #3699 ),
 ( #5431, #2710 ),
 ( #8278, #4588 ),
 ( #772, #12034 ) ),
 .UNSPECIFIED., .F., .F., .F.,
 ( 4, 4 ),
 ( 2, 2 ),
 ( 5.000000000000000000, 6.000000000000000000 ),
 ( 0.000000000000000000, 1.000000000000000000 ),
 .UNSPECIFIED. ) ;
#6570 = EDGE_CURVE ( 'NONE', #5527, #12140, #404, .T. ) ;
#6571 = SURFACE_STYLE_USAGE ( .BOTH. , #12059 ) ;
#6572 =( NAMED_UNIT ( * ) PLANE_ANGLE_UNIT ( ) SI_UNIT ( $, .RADIAN. ) );
#6573 = LINE ( 'NONE', #11318, #5915 ) ;
#6574 = CARTESIAN_POINT ( 'NONE',  ( 2.033366901353705014, -12.69999999999999751, 1.763509484403121608 ) ) ;
#6575 = ORIENTED_EDGE ( 'NONE', *, *, #9054, .T. ) ;
#6576 = B_SPLINE_CURVE_WITH_KNOTS ( 'NONE', 3,
 ( #5987, #9195, #456, #385 ),
 .UNSPECIFIED., .F., .F.,
 ( 4, 4 ),
 ( 3.000000000000000000, 4.000000000000000000 ),
 .UNSPECIFIED. ) ;
#6577 =( LENGTH_UNIT ( ) NAMED_UNIT ( * ) SI_UNIT ( .MILLI., .METRE. ) );
#6578 = DIRECTION ( 'NONE',  ( -0.000000000000000000, -0.000000000000000000, 1.000000000000000000 ) ) ;
#6579 = DIRECTION ( 'NONE',  ( -0.9345104387438669669, 0.000000000000000000, -0.3559357243643089252 ) ) ;
#6580 = DIRECTION ( 'NONE',  ( 1.000000000000000000, -0.000000000000000000, -0.000000000000000000 ) ) ;
#6581 = COLOUR_RGB ( '',1.000000000000000000, 1.000000000000000000, 1.000000000000000000 ) ;
#6582 = CARTESIAN_POINT ( 'NONE',  ( -3.384996329943143145, -12.70999999999999730, 1.131435750512578942 ) ) ;
#6583 = UNCERTAINTY_MEASURE_WITH_UNIT (LENGTH_MEASURE( 1.000000000000000082E-05 ), #335, 'distance_accuracy_value', 'NONE');
#6584 = B_SPLINE_SURFACE_WITH_KNOTS ( 'NONE', 3, 1, ( 
 ( #486, #10088 ),
 ( #1667, #10912 ),
 ( #4432, #8124 ),
 ( #7990, #3472 ) ),
 .UNSPECIFIED., .F., .F., .F.,
 ( 4, 4 ),
 ( 2, 2 ),
 ( 7.000000000000000000, 8.000000000000000000 ),
 ( 0.000000000000000000, 1.000000000000000000 ),
 .UNSPECIFIED. ) ;
#6585 = CARTESIAN_POINT ( 'NONE',  ( 2.014131379900668151, -12.69999999999999751, 2.161043594408120772 ) ) ;
#6586 = VECTOR ( 'NONE', #7191, 1000.000000000000000 ) ;
#6587 =( NAMED_UNIT ( * ) SI_UNIT ( $, .STERADIAN. ) SOLID_ANGLE_UNIT ( ) );
#6588 = MECHANICAL_DESIGN_GEOMETRIC_PRESENTATION_REPRESENTATION (  '', ( #5018 ), #7181 ) ;
#6589 = ORIENTED_EDGE ( 'NONE', *, *, #9644, .T. ) ;
#6590 = EDGE_CURVE ( 'NONE', #10885, #2610, #765, .T. ) ;
#6591 = ADVANCED_FACE ( 'NONE', ( #9264 ), #4515, .F. ) ;
#6592 = VECTOR ( 'NONE', #4822, 1000.000000000000227 ) ;
#6593 = SURFACE_SIDE_STYLE ('',( #7578 ) ) ;
#6594 = SURFACE_SIDE_STYLE ('',( #1073 ) ) ;
#6595 = VERTEX_POINT ( 'NONE', #11557 ) ;
#6596 =( LENGTH_UNIT ( ) NAMED_UNIT ( * ) SI_UNIT ( .MILLI., .METRE. ) );
#6597 = VERTEX_POINT ( 'NONE', #8804 ) ;
#6598 = DIRECTION ( 'NONE',  ( 0.000000000000000000, 0.000000000000000000, -1.000000000000000000 ) ) ;
#6599 = ORIENTED_EDGE ( 'NONE', *, *, #5758, .T. ) ;
#6600 = FACE_OUTER_BOUND ( 'NONE', #1935, .T. ) ;
#6601 = PRESENTATION_LAYER_ASSIGNMENT (  '', '', ( #7588 ) ) ;
#6602 = SURFACE_STYLE_USAGE ( .BOTH. , #11468 ) ;
#6603 = CARTESIAN_POINT ( 'NONE',  ( -1.640171865943553797, -12.70999999999999730, 1.382073379651379552 ) ) ;
#6604 = SURFACE_STYLE_USAGE ( .BOTH. , #6824 ) ;
#6605 = CARTESIAN_POINT ( 'NONE',  ( 0.8116513496803728911, -12.69999999999999751, 1.542387634197562862 ) ) ;
#6606 = EDGE_CURVE ( 'NONE', #10868, #1758, #6151, .T. ) ;
#6607 = LINE ( 'NONE', #10736, #5120 ) ;
#6608 = ORIENTED_EDGE ( 'NONE', *, *, #4814, .F. ) ;
#6609 = CARTESIAN_POINT ( 'NONE',  ( 1.709482310420420204, -12.70999999999999730, 2.192582917870760095 ) ) ;
#6610 = CARTESIAN_POINT ( 'NONE',  ( 2.048789977113333549, -12.70999999999999730, 1.085587322965344104 ) ) ;
#6611 = EDGE_CURVE ( 'NONE', #11027, #2482, #419, .T. ) ;
#6612 = FILL_AREA_STYLE ('',( #4785 ) ) ;
#6613 = ORIENTED_EDGE ( 'NONE', *, *, #3710, .T. ) ;
#6614 = CARTESIAN_POINT ( 'NONE',  ( 2.014131379900668151, -12.70999999999999730, 2.161043594408120772 ) ) ;
#6615 = CARTESIAN_POINT ( 'NONE',  ( 1.222875605584115899, -12.69999999999999751, 1.569767925995061653 ) ) ;
#6616 = LINE ( 'NONE', #5510, #7458 ) ;
#6617 = LINE ( 'NONE', #3781, #8596 ) ;
#6618 = CARTESIAN_POINT ( 'NONE',  ( -1.640171865943553797, -12.70999999999999730, 1.382073379651379552 ) ) ;
#6619 = ORIENTED_EDGE ( 'NONE', *, *, #5188, .T. ) ;
#6620 = CARTESIAN_POINT ( 'NONE',  ( -2.141447308090255852, -12.69999999999999751, 3.020858839633884685 ) ) ;
#6621 = ADVANCED_FACE ( 'NONE', ( #3806 ), #10514, .F. ) ;
#6622 = ORIENTED_EDGE ( 'NONE', *, *, #529, .T. ) ;
#6623 = CARTESIAN_POINT ( 'NONE',  ( -1.196735763529605867, -12.69999999999999751, 1.391713330897701661 ) ) ;
#6624 = CARTESIAN_POINT ( 'NONE',  ( 0.9227321537406997232, -12.69999999999999751, 2.238332266187401220 ) ) ;
#6625 = SURFACE_STYLE_USAGE ( .BOTH. , #2083 ) ;
#6626 = VERTEX_POINT ( 'NONE', #6018 ) ;
#6627 =( NAMED_UNIT ( * ) PLANE_ANGLE_UNIT ( ) SI_UNIT ( $, .RADIAN. ) );
#6628 = LINE ( 'NONE', #809, #9357 ) ;
#6629 =( NAMED_UNIT ( * ) PLANE_ANGLE_UNIT ( ) SI_UNIT ( $, .RADIAN. ) );
#6630 =( NAMED_UNIT ( * ) SI_UNIT ( $, .STERADIAN. ) SOLID_ANGLE_UNIT ( ) );
#6631 =( GEOMETRIC_REPRESENTATION_CONTEXT ( 3 ) GLOBAL_UNCERTAINTY_ASSIGNED_CONTEXT ( ( #3695 ) ) GLOBAL_UNIT_ASSIGNED_CONTEXT ( ( #9445, #10490, #3040 ) ) REPRESENTATION_CONTEXT ( 'NONE', 'WORKASPACE' ) );
#6632 = PRESENTATION_STYLE_ASSIGNMENT (( #7805 ) ) ;
#6633 =( NAMED_UNIT ( * ) SI_UNIT ( $, .STERADIAN. ) SOLID_ANGLE_UNIT ( ) );
#6634 = B_SPLINE_CURVE_WITH_KNOTS ( 'NONE', 3,
 ( #1769, #10077, #5508, #5393 ),
 .UNSPECIFIED., .F., .F.,
 ( 4, 4 ),
 ( 11.00000000000000000, 12.00000000000000000 ),
 .UNSPECIFIED. ) ;
#6635 = CARTESIAN_POINT ( 'NONE',  ( 0.8858207477119407480, -12.69999999999999751, 1.298391109835989488 ) ) ;
#6636 = PRESENTATION_LAYER_ASSIGNMENT (  '', '', ( #10405 ) ) ;
#6637 = ORIENTED_EDGE ( 'NONE', *, *, #11512, .F. ) ;
#6638 = DIRECTION ( 'NONE',  ( -0.000000000000000000, 0.000000000000000000, -1.000000000000000000 ) ) ;
#6639 = EDGE_LOOP ( 'NONE', ( #358, #7427, #3521, #10721 ) ) ;
#6640 = ORIENTED_EDGE ( 'NONE', *, *, #7502, .F. ) ;
#6641 = DIRECTION ( 'NONE',  ( -0.000000000000000000, 0.000000000000000000, -1.000000000000000000 ) ) ;
#6642 = B_SPLINE_SURFACE_WITH_KNOTS ( 'NONE', 3, 1, ( 
 ( #6475, #1069 ),
 ( #9730, #3035 ),
 ( #6874, #5834 ),
 ( #5715, #239 ) ),
 .UNSPECIFIED., .F., .F., .F.,
 ( 4, 4 ),
 ( 2, 2 ),
 ( 35.00000000000000000, 36.00000000000000000 ),
 ( 0.000000000000000000, 1.000000000000000000 ),
 .UNSPECIFIED. ) ;
#6643 = ADVANCED_FACE ( 'NONE', ( #11628 ), #10313, .T. ) ;
#6644 = CARTESIAN_POINT ( 'NONE',  ( 0.3633423947619750516, -12.70999999999999730, 1.165648682518300117 ) ) ;
#6645 = EDGE_CURVE ( 'NONE', #4983, #4443, #5403, .T. ) ;
#6646 =( GEOMETRIC_REPRESENTATION_CONTEXT ( 3 ) GLOBAL_UNCERTAINTY_ASSIGNED_CONTEXT ( ( #3557 ) ) GLOBAL_UNIT_ASSIGNED_CONTEXT ( ( #2330, #11948, #8888 ) ) REPRESENTATION_CONTEXT ( 'NONE', 'WORKASPACE' ) );
#6647 = PRESENTATION_STYLE_ASSIGNMENT (( #9513 ) ) ;
#6648 = DIRECTION ( 'NONE',  ( 0.000000000000000000, 0.000000000000000000, 1.000000000000000000 ) ) ;
#6649 = MECHANICAL_DESIGN_GEOMETRIC_PRESENTATION_REPRESENTATION (  '', ( #7051 ), #4301 ) ;
#6650 = AXIS2_PLACEMENT_3D ( 'NONE', #466, #11606, #11538 ) ;
#6651 = UNCERTAINTY_MEASURE_WITH_UNIT (LENGTH_MEASURE( 1.000000000000000082E-05 ), #6893, 'distance_accuracy_value', 'NONE');
#6652 = CARTESIAN_POINT ( 'NONE',  ( 0.2838009141642797162, -12.70999999999999730, 2.577639932880311679 ) ) ;
#6653 = FACE_OUTER_BOUND ( 'NONE', #6334, .T. ) ;
#6654 = EDGE_CURVE ( 'NONE', #2559, #2858, #11877, .T. ) ;
#6655 = EDGE_LOOP ( 'NONE', ( #1250, #2089, #4887, #7855 ) ) ;
#6656 = CARTESIAN_POINT ( 'NONE',  ( 0.3612628789294233811, -12.70999999999999730, 1.283487913033960037 ) ) ;
#6657 = CARTESIAN_POINT ( 'NONE',  ( 2.107016420425415593, -12.70999999999999730, 2.423062589321753890 ) ) ;
#6658 = MECHANICAL_DESIGN_GEOMETRIC_PRESENTATION_REPRESENTATION (  '', ( #11986 ), #3897 ) ;
#6659 = DIRECTION ( 'NONE',  ( -0.3559357243698775819, -0.000000000000000000, -0.9345104387417458858 ) ) ;
#6660 = ORIENTED_EDGE ( 'NONE', *, *, #9079, .T. ) ;
#6661 = ORIENTED_EDGE ( 'NONE', *, *, #12067, .T. ) ;
#6662 = CARTESIAN_POINT ( 'NONE',  ( 1.165169041227267943, -12.70999999999999730, 2.466385835831798712 ) ) ;
#6663 = ADVANCED_FACE ( 'NONE', ( #7987 ), #1465, .F. ) ;
#6664 = PLANE ( 'NONE',  #8299 ) ;
#6665 = PRESENTATION_LAYER_ASSIGNMENT (  '', '', ( #10825 ) ) ;
#6666 = ORIENTED_EDGE ( 'NONE', *, *, #8287, .T. ) ;
#6667 = CARTESIAN_POINT ( 'NONE',  ( -22.04999999999999716, -11.89999999999999680, 21.50000000000000000 ) ) ;
#6668 = CARTESIAN_POINT ( 'NONE',  ( 22.05000000000000426, 11.90000000000000036, 21.50000000000000000 ) ) ;
#6669 = CARTESIAN_POINT ( 'NONE',  ( 2.562430387770791018, -12.70999999999999730, 1.621755821811721843 ) ) ;
#6670 =( NAMED_UNIT ( * ) SI_UNIT ( $, .STERADIAN. ) SOLID_ANGLE_UNIT ( ) );
#6671 =( NAMED_UNIT ( * ) PLANE_ANGLE_UNIT ( ) SI_UNIT ( $, .RADIAN. ) );
#6672 = CARTESIAN_POINT ( 'NONE',  ( 2.221563084205162575, -12.69999999999999751, 2.752319262821193657 ) ) ;
#6673 = VECTOR ( 'NONE', #8401, 1000.000000000000000 ) ;
#6675 = EDGE_CURVE ( 'NONE', #3530, #5497, #8054, .T. ) ;
#6674 = PLANE ( 'NONE',  #7734 ) ;
#6676 = CARTESIAN_POINT ( 'NONE',  ( -3.004219634811589490, -12.70999999999999730, 2.630442285191726182 ) ) ;
#6677 = CARTESIAN_POINT ( 'NONE',  ( 1.165169041227267943, -12.70999999999999730, 2.544021093582787607 ) ) ;
#6678 = CARTESIAN_POINT ( 'NONE',  ( 1.372947331505797841, -12.70999999999999730, 1.012457682851205298 ) ) ;
#6679 = ORIENTED_EDGE ( 'NONE', *, *, #2441, .T. ) ;
#6680 = SURFACE_STYLE_USAGE ( .BOTH. , #161 ) ;
#6681 = FACE_BOUND ( 'NONE', #9790, .T. ) ;
#6682 = CARTESIAN_POINT ( 'NONE',  ( 2.955978759101102860, -12.70999999999999730, 1.347606317874361359 ) ) ;
#6683 = ORIENTED_EDGE ( 'NONE', *, *, #2449, .F. ) ;
#6684 = EDGE_LOOP ( 'NONE', ( #4977, #11199, #9169, #8875 ) ) ;
#6685 = UNCERTAINTY_MEASURE_WITH_UNIT (LENGTH_MEASURE( 1.000000000000000082E-05 ), #7198, 'distance_accuracy_value', 'NONE');
#6686 = EDGE_CURVE ( 'NONE', #1713, #8752, #9056, .T. ) ;
#6687 = VECTOR ( 'NONE', #9828, 1000.000000000000000 ) ;
#6688 = UNCERTAINTY_MEASURE_WITH_UNIT (LENGTH_MEASURE( 1.000000000000000082E-05 ), #11695, 'distance_accuracy_value', 'NONE');
#6689 = VECTOR ( 'NONE', #6423, 1000.000000000000000 ) ;
#6690 = CARTESIAN_POINT ( 'NONE',  ( 0.6995307877048746459, -12.70999999999999730, 2.272990863400055961 ) ) ;
#6691 = VECTOR ( 'NONE', #10786, 1000.000000000000000 ) ;
#6692 = FILL_AREA_STYLE_COLOUR ( '', #6474 ) ;
#6693 = PLANE ( 'NONE',  #5526 ) ;
#6694 = PLANE ( 'NONE',  #9872 ) ;
#6695 = VECTOR ( 'NONE', #5588, 1000.000000000000000 ) ;
#6696 = FACE_OUTER_BOUND ( 'NONE', #9060, .T. ) ;
#6697 = CARTESIAN_POINT ( 'NONE',  ( -3.037959280299975084, -12.69999999999999751, 2.341245126877084637 ) ) ;
#6698 = PRESENTATION_LAYER_ASSIGNMENT (  '', '', ( #11626 ) ) ;
#6699 = ORIENTED_EDGE ( 'NONE', *, *, #6686, .F. ) ;
#6700 = VECTOR ( 'NONE', #1328, 1000.000000000000000 ) ;
#6701 = EDGE_LOOP ( 'NONE', ( #6245, #1392, #624, #9035 ) ) ;
#6702 = CARTESIAN_POINT ( 'NONE',  ( -2.801781486092632889, -12.70999999999999730, 2.775041002249141631 ) ) ;
#6703 = ORIENTED_EDGE ( 'NONE', *, *, #8732, .T. ) ;
#6704 =( LENGTH_UNIT ( ) NAMED_UNIT ( * ) SI_UNIT ( .MILLI., .METRE. ) );
#6705 = UNCERTAINTY_MEASURE_WITH_UNIT (LENGTH_MEASURE( 1.000000000000000082E-05 ), #2572, 'distance_accuracy_value', 'NONE');
#6706 = PLANE ( 'NONE',  #4238 ) ;
#6707 = COLOUR_RGB ( '',1.000000000000000000, 1.000000000000000000, 1.000000000000000000 ) ;
#6708 = VECTOR ( 'NONE', #11187, 1000.000000000000000 ) ;
#6709 = PRESENTATION_LAYER_ASSIGNMENT (  '', '', ( #3766 ) ) ;
#6710 = VECTOR ( 'NONE', #11428, 1000.000000000000000 ) ;
#6711 = ADVANCED_FACE ( 'NONE', ( #11694 ), #5004, .F. ) ;
#6712 = VECTOR ( 'NONE', #3238, 1000.000000000000000 ) ;
#6713 = AXIS2_PLACEMENT_3D ( 'NONE', #10630, #11542, #11436 ) ;
#6714 = LINE ( 'NONE', #249, #6539 ) ;
#6715 = LINE ( 'NONE', #5668, #5132 ) ;
#6716 =( NAMED_UNIT ( * ) SI_UNIT ( $, .STERADIAN. ) SOLID_ANGLE_UNIT ( ) );
#6717 = EDGE_CURVE ( 'NONE', #11737, #11355, #5515, .T. ) ;
#6718 = CARTESIAN_POINT ( 'NONE',  ( 2.212551848931451737, -12.70999999999999730, 2.715927735749983807 ) ) ;
#6719 = STYLED_ITEM ( 'NONE', ( #5976 ), #8398 ) ;
#6720 = VERTEX_POINT ( 'NONE', #10282 ) ;
#6721 = CARTESIAN_POINT ( 'NONE',  ( 1.362029873383048040, -12.69999999999999751, 1.165995268490024328 ) ) ;
#6722 = CARTESIAN_POINT ( 'NONE',  ( 3.024602781573761945, -12.70999999999999730, 1.763509484403121608 ) ) ;
#6723 = ORIENTED_EDGE ( 'NONE', *, *, #2564, .T. ) ;
#6724 = LINE ( 'NONE', #7777, #2217 ) ;
#6726 = MECHANICAL_DESIGN_GEOMETRIC_PRESENTATION_REPRESENTATION (  '', ( #3771 ), #10293 ) ;
#6725 =( NAMED_UNIT ( * ) SI_UNIT ( $, .STERADIAN. ) SOLID_ANGLE_UNIT ( ) );
#6727 = PLANE ( 'NONE',  #11648 ) ;
#6728 = MECHANICAL_DESIGN_GEOMETRIC_PRESENTATION_REPRESENTATION (  '', ( #445 ), #7148 ) ;
#6729 = LINE ( 'NONE', #2221, #11184 ) ;
#6730 = CARTESIAN_POINT ( 'NONE',  ( -2.295685976389368665, -12.69999999999999751, 1.261574632636248694 ) ) ;
#6731 = SURFACE_SIDE_STYLE ('',( #4786 ) ) ;
#6732 =( NAMED_UNIT ( * ) SI_UNIT ( $, .STERADIAN. ) SOLID_ANGLE_UNIT ( ) );
#6733 = AXIS2_PLACEMENT_3D ( 'NONE', #3220, #6266, #11933 ) ;
#6734 = ADVANCED_FACE ( 'NONE', ( #5640 ), #8241, .T. ) ;
#6735 = EDGE_CURVE ( 'NONE', #12009, #3540, #983, .T. ) ;
#6736 = FACE_OUTER_BOUND ( 'NONE', #2800, .T. ) ;
#6737 = CARTESIAN_POINT ( 'NONE',  ( -1.620892147322329890, -12.70999999999999730, 1.377253495963937757 ) ) ;
#6738 = CARTESIAN_POINT ( 'NONE',  ( 2.048789977113333549, -12.69999999999999751, 1.162875994744638097 ) ) ;
#6739 = STYLED_ITEM ( 'NONE', ( #5801 ), #8799 ) ;
#6740 = SURFACE_STYLE_USAGE ( .BOTH. , #2629 ) ;
#6741 =( LENGTH_UNIT ( ) NAMED_UNIT ( * ) SI_UNIT ( .MILLI., .METRE. ) );
#6742 = COLOUR_RGB ( '',1.000000000000000000, 1.000000000000000000, 1.000000000000000000 ) ;
#6743 =( NAMED_UNIT ( * ) SI_UNIT ( $, .STERADIAN. ) SOLID_ANGLE_UNIT ( ) );
#6744 =( NAMED_UNIT ( * ) SI_UNIT ( $, .STERADIAN. ) SOLID_ANGLE_UNIT ( ) );
#6745 = FILL_AREA_STYLE ('',( #5879 ) ) ;
#6746 = PRESENTATION_STYLE_ASSIGNMENT (( #6625 ) ) ;
#6747 = ORIENTED_EDGE ( 'NONE', *, *, #1677, .T. ) ;
#6748 = FILL_AREA_STYLE_COLOUR ( '', #7 ) ;
#6749 = LINE ( 'NONE', #7743, #6586 ) ;
#6750 = PRESENTATION_LAYER_ASSIGNMENT (  '', '', ( #5580 ) ) ;
#6751 = EDGE_CURVE ( 'NONE', #9694, #1516, #3621, .T. ) ;
#6752 = PLANE ( 'NONE',  #8750 ) ;
#6753 = CARTESIAN_POINT ( 'NONE',  ( 0.4714772180581660033, -12.70999999999999730, 1.074149985885020087 ) ) ;
#6754 = CARTESIAN_POINT ( 'NONE',  ( 0.5397546545637254001, -12.69999999999999751, 2.771381491283765097 ) ) ;
#6755 = CARTESIAN_POINT ( 'NONE',  ( 0.8447503100156967815, -12.69999999999999751, 1.466138720333415968 ) ) ;
#6756 = LINE ( 'NONE', #1127, #6108 ) ;
#6757 = SURFACE_STYLE_USAGE ( .BOTH. , #3865 ) ;
#6758 = ORIENTED_EDGE ( 'NONE', *, *, #6751, .F. ) ;
#6759 = ORIENTED_EDGE ( 'NONE', *, *, #1971, .T. ) ;
#6760 = MECHANICAL_DESIGN_GEOMETRIC_PRESENTATION_REPRESENTATION (  '', ( #7573 ), #5602 ) ;
#6761 = CARTESIAN_POINT ( 'NONE',  ( 1.598574799343609243, -12.69999999999999751, 2.760983912123202266 ) ) ;
#6762 = CARTESIAN_POINT ( 'NONE',  ( 2.626548792611196781, -12.70999999999999730, 1.180551879320356212 ) ) ;
#6763 = VECTOR ( 'NONE', #6260, 1000.000000000000000 ) ;
#6764 = SURFACE_STYLE_USAGE ( .BOTH. , #2989 ) ;
#6765 = UNCERTAINTY_MEASURE_WITH_UNIT (LENGTH_MEASURE( 1.000000000000000082E-05 ), #5908, 'distance_accuracy_value', 'NONE');
#6766 = B_SPLINE_SURFACE_WITH_KNOTS ( 'NONE', 3, 1, ( 
 ( #5040, #11138 ),
 ( #12055, #9915 ),
 ( #7250, #673 ),
 ( #1466, #797 ) ),
 .UNSPECIFIED., .F., .F., .F.,
 ( 4, 4 ),
 ( 2, 2 ),
 ( 3.000000000000000000, 4.000000000000000000 ),
 ( 0.000000000000000000, 1.000000000000000000 ),
 .UNSPECIFIED. ) ;
#6767 = PLANE ( 'NONE',  #2742 ) ;
#6768 = CARTESIAN_POINT ( 'NONE',  ( -3.823612456736237952, -12.70999999999999730, 1.849609268245413496 ) ) ;
#6769 = STYLED_ITEM ( 'NONE', ( #3019 ), #5331 ) ;
#6770 = SURFACE_STYLE_FILL_AREA ( #11584 ) ;
#6771 = UNCERTAINTY_MEASURE_WITH_UNIT (LENGTH_MEASURE( 1.000000000000000082E-05 ), #5019, 'distance_accuracy_value', 'NONE');
#6772 = CARTESIAN_POINT ( 'NONE',  ( -3.621174262048271864, -12.70999999999999730, 1.324234039920944239 ) ) ;
#6773 = CARTESIAN_POINT ( 'NONE',  ( -22.04999999999999716, 12.70000000000000107, 20.69999999999999929 ) ) ;
#6774 = DIRECTION ( 'NONE',  ( -0.3559357243698775819, -0.000000000000000000, -0.9345104387417458858 ) ) ;
#6775 = LINE ( 'NONE', #2116, #7370 ) ;
#6776 = VECTOR ( 'NONE', #11572, 1000.000000000000000 ) ;
#6777 = CARTESIAN_POINT ( 'NONE',  ( -2.295685976389368221, -12.69999999999999751, 1.295314370058008535 ) ) ;
#6778 = ORIENTED_EDGE ( 'NONE', *, *, #8399, .T. ) ;
#6779 = FILL_AREA_STYLE_COLOUR ( '', #8694 ) ;
#6780 = LINE ( 'NONE', #16, #11056 ) ;
#6781 = CARTESIAN_POINT ( 'NONE',  ( 1.715374271948743479, -12.70999999999999730, 2.309035804494934396 ) ) ;
#6782 =( LENGTH_UNIT ( ) NAMED_UNIT ( * ) SI_UNIT ( .MILLI., .METRE. ) );
#6783 = DIRECTION ( 'NONE',  ( 1.000000000000000000, 8.673617379884032317E-15, -0.000000000000000000 ) ) ;
#6784 = CARTESIAN_POINT ( 'NONE',  ( 0.9227321537406997232, -12.69999999999999751, 2.544021093582787607 ) ) ;
#6785 = ORIENTED_EDGE ( 'NONE', *, *, #11571, .T. ) ;
#6786 = PRESENTATION_STYLE_ASSIGNMENT (( #9536 ) ) ;
#6787 = SURFACE_STYLE_FILL_AREA ( #5995 ) ;
#6788 =( LENGTH_UNIT ( ) NAMED_UNIT ( * ) SI_UNIT ( .MILLI., .METRE. ) );
#6789 =( LENGTH_UNIT ( ) NAMED_UNIT ( * ) SI_UNIT ( .MILLI., .METRE. ) );
#6790 = VERTEX_POINT ( 'NONE', #8421 ) ;
#6791 = EDGE_CURVE ( 'NONE', #6851, #774, #3658, .T. ) ;
#6792 = SURFACE_STYLE_FILL_AREA ( #5027 ) ;
#6793 = EDGE_CURVE ( 'NONE', #2821, #9508, #7469, .T. ) ;
#6794 = EDGE_LOOP ( 'NONE', ( #5209, #10396, #3608, #5937 ) ) ;
#6795 = CARTESIAN_POINT ( 'NONE',  ( -2.854800942131015429, -12.70999999999999730, 2.312325365080770023 ) ) ;
#6796 = FACE_OUTER_BOUND ( 'NONE', #6292, .T. ) ;
#6797 =( NAMED_UNIT ( * ) PLANE_ANGLE_UNIT ( ) SI_UNIT ( $, .RADIAN. ) );
#6798 = DIRECTION ( 'NONE',  ( 0.3667976789509241331, 0.000000000000000000, 0.9303007377811837175 ) ) ;
#6799 = FILL_AREA_STYLE_COLOUR ( '', #10061 ) ;
#6800 = ORIENTED_EDGE ( 'NONE', *, *, #11181, .F. ) ;
#6801 = CARTESIAN_POINT ( 'NONE',  ( 1.327891155132578049, -12.69999999999999751, 2.161043594408120772 ) ) ;
#6802 = EDGE_CURVE ( 'NONE', #11444, #10015, #1718, .T. ) ;
#6803 = VECTOR ( 'NONE', #8186, 1000.000000000000000 ) ;
#6804 =( NAMED_UNIT ( * ) PLANE_ANGLE_UNIT ( ) SI_UNIT ( $, .RADIAN. ) );
#6805 = UNCERTAINTY_MEASURE_WITH_UNIT (LENGTH_MEASURE( 1.000000000000000082E-05 ), #11177, 'distance_accuracy_value', 'NONE');
#6806 = SURFACE_SIDE_STYLE ('',( #7749 ) ) ;
#6807 = LINE ( 'NONE', #1122, #176 ) ;
#6808 = CARTESIAN_POINT ( 'NONE',  ( -0.1057617184844371061, -12.70999999999999730, 2.238332266187399888 ) ) ;
#6809 = CARTESIAN_POINT ( 'NONE',  ( 22.85000000000000142, 11.89999999999999503, 21.50000000000000000 ) ) ;
#6810 = EDGE_CURVE ( 'NONE', #9964, #6192, #12170, .T. ) ;
#6811 = DIRECTION ( 'NONE',  ( 0.000000000000000000, 1.000000000000000000, 0.000000000000000000 ) ) ;
#6812 = CARTESIAN_POINT ( 'NONE',  ( 2.612685353728910975, -12.69999999999999751, 1.280368639288545607 ) ) ;
#6813 = PRESENTATION_STYLE_ASSIGNMENT (( #9734 ) ) ;
#6814 = ORIENTED_EDGE ( 'NONE', *, *, #3555, .T. ) ;
#6815 = ADVANCED_FACE ( 'NONE', ( #10342 ), #9238, .F. ) ;
#6816 = UNCERTAINTY_MEASURE_WITH_UNIT (LENGTH_MEASURE( 1.000000000000000082E-05 ), #638, 'distance_accuracy_value', 'NONE');
#6817 = CARTESIAN_POINT ( 'NONE',  ( 1.372947331505797841, -12.70999999999999730, 1.012457682851205298 ) ) ;
#6818 = EDGE_CURVE ( 'NONE', #10583, #8082, #93, .T. ) ;
#6819 = DIRECTION ( 'NONE',  ( -0.9398440417769814426, 0.000000000000000000, -0.3416038306815478154 ) ) ;
#6820 = AXIS2_PLACEMENT_3D ( 'NONE', #7280, #8383, #12021 ) ;
#6821 = STYLED_ITEM ( 'NONE', ( #11403 ), #12015 ) ;
#6822 = VECTOR ( 'NONE', #1115, 1000.000000000000000 ) ;
#6823 = CARTESIAN_POINT ( 'NONE',  ( 0.4641989126453104353, -12.70999999999999730, 2.771381491283765097 ) ) ;
#6824 = SURFACE_SIDE_STYLE ('',( #11524 ) ) ;
#6825 = CARTESIAN_POINT ( 'NONE',  ( 2.216191001639034930, -12.69999999999999751, 2.731870690467158802 ) ) ;
#6826 = LINE ( 'NONE', #2883, #3049 ) ;
#6827 = LINE ( 'NONE', #10616, #4503 ) ;
#6828 = ORIENTED_EDGE ( 'NONE', *, *, #4003, .T. ) ;
#6829 = CARTESIAN_POINT ( 'NONE',  ( 19.89999999999999858, -1.249999999999995115, -4.000000000000000000 ) ) ;
#6830 = STYLED_ITEM ( 'NONE', ( #4343 ), #2863 ) ;
#6831 = PLANE ( 'NONE',  #2153 ) ;
#6832 = ADVANCED_FACE ( 'NONE', ( #11610 ), #4081, .F. ) ;
#6833 = VECTOR ( 'NONE', #8412, 1000.000000000000000 ) ;
#6834 = PRESENTATION_LAYER_ASSIGNMENT (  '', '', ( #5295 ) ) ;
#6835 = CARTESIAN_POINT ( 'NONE',  ( 1.517820267842606929, -12.70999999999999730, 2.760983912123202266 ) ) ;
#6836 = B_SPLINE_CURVE_WITH_KNOTS ( 'NONE', 3,
 ( #309, #7089, #2462, #7825 ),
 .UNSPECIFIED., .F., .F.,
 ( 4, 4 ),
 ( 3.000000000000000000, 4.000000000000000000 ),
 .UNSPECIFIED. ) ;
#6837 = CARTESIAN_POINT ( 'NONE',  ( -2.801781486092632889, -12.69999999999999751, 2.775041002249141631 ) ) ;
#6838 = SURFACE_STYLE_USAGE ( .BOTH. , #7602 ) ;
#6839 = MECHANICAL_DESIGN_GEOMETRIC_PRESENTATION_REPRESENTATION (  '', ( #7264 ), #570 ) ;
#6840 = CARTESIAN_POINT ( 'NONE',  ( 0.9305303381134347740, -12.69999999999999751, 1.281754983175388718 ) ) ;
#6841 = DIRECTION ( 'NONE',  ( -0.000000000000000000, -0.000000000000000000, -1.000000000000000000 ) ) ;
#6842 = DIRECTION ( 'NONE',  ( -1.000000000000000000, -0.000000000000000000, -0.000000000000000000 ) ) ;
#6843 = EDGE_CURVE ( 'NONE', #10913, #9303, #9482, .T. ) ;
#6844 = CARTESIAN_POINT ( 'NONE',  ( -1.649811633320757975, -12.69999999999999751, 1.083236178157049423 ) ) ;
#6845 = LINE ( 'NONE', #5928, #10606 ) ;
#6846 = COLOUR_RGB ( '',1.000000000000000000, 1.000000000000000000, 1.000000000000000000 ) ;
#6847 = EDGE_LOOP ( 'NONE', ( #4504, #8870, #10065, #8359 ) ) ;
#6848 = CIRCLE ( 'NONE', #9043, 0.6500000000000012434 ) ;
#6849 = DIRECTION ( 'NONE',  ( -0.000000000000000000, 0.000000000000000000, -1.000000000000000000 ) ) ;
#6850 = SURFACE_SIDE_STYLE ('',( #6787 ) ) ;
#6851 = VERTEX_POINT ( 'NONE', #7794 ) ;
#6852 =( NAMED_UNIT ( * ) PLANE_ANGLE_UNIT ( ) SI_UNIT ( $, .RADIAN. ) );
#6853 =( GEOMETRIC_REPRESENTATION_CONTEXT ( 3 ) GLOBAL_UNCERTAINTY_ASSIGNED_CONTEXT ( ( #3299 ) ) GLOBAL_UNIT_ASSIGNED_CONTEXT ( ( #2797, #6797, #10530 ) ) REPRESENTATION_CONTEXT ( 'NONE', 'WORKASPACE' ) );
#6854 = EDGE_LOOP ( 'NONE', ( #6828, #2585, #394, #11879 ) ) ;
#6855 = ORIENTED_EDGE ( 'NONE', *, *, #7081, .T. ) ;
#6856 =( NAMED_UNIT ( * ) PLANE_ANGLE_UNIT ( ) SI_UNIT ( $, .RADIAN. ) );
#6857 = VECTOR ( 'NONE', #11717, 1000.000000000000000 ) ;
#6858 =( GEOMETRIC_REPRESENTATION_CONTEXT ( 3 ) GLOBAL_UNCERTAINTY_ASSIGNED_CONTEXT ( ( #8767 ) ) GLOBAL_UNIT_ASSIGNED_CONTEXT ( ( #5592, #5765, #6516 ) ) REPRESENTATION_CONTEXT ( 'NONE', 'WORKASPACE' ) );
#6859 = CARTESIAN_POINT ( 'NONE',  ( -19.25000000000000355, 1.500000000000003109, -4.000000000000000000 ) ) ;
#6860 = DIRECTION ( 'NONE',  ( 1.000000000000000000, 0.000000000000000000, 0.000000000000000000 ) ) ;
#6861 = ORIENTED_EDGE ( 'NONE', *, *, #8902, .F. ) ;
#6862 = DIRECTION ( 'NONE',  ( -0.000000000000000000, 1.000000000000000000, -0.000000000000000000 ) ) ;
#6863 = DIRECTION ( 'NONE',  ( -0.000000000000000000, 0.000000000000000000, 1.000000000000000000 ) ) ;
#6864 = LINE ( 'NONE', #8934, #9441 ) ;
#6865 = EDGE_CURVE ( 'NONE', #7582, #7026, #1016, .T. ) ;
#6866 = MECHANICAL_DESIGN_GEOMETRIC_PRESENTATION_REPRESENTATION (  '', ( #8652 ), #11995 ) ;
#6867 = CARTESIAN_POINT ( 'NONE',  ( -2.416184815337920622, -12.70999999999999730, 1.570051969239089740 ) ) ;
#6868 = SURFACE_STYLE_USAGE ( .BOTH. , #8803 ) ;
#6869 = CARTESIAN_POINT ( 'NONE',  ( 0.4527615755650131746, -12.69999999999999751, 2.227588101050506086 ) ) ;
#6870 = EDGE_CURVE ( 'NONE', #9407, #12157, #3845, .T. ) ;
#6871 = PRESENTATION_STYLE_ASSIGNMENT (( #8461 ) ) ;
#6872 = CARTESIAN_POINT ( 'NONE',  ( 0.4061457623167640252, -12.70999999999999730, 1.074149985885020087 ) ) ;
#6873 = B_SPLINE_CURVE_WITH_KNOTS ( 'NONE', 3,
 ( #3213, #11551, #9779, #1344 ),
 .UNSPECIFIED., .F., .F.,
 ( 4, 4 ),
 ( 7.000000000000000000, 8.000000000000000000 ),
 .UNSPECIFIED. ) ;
#6874 = CARTESIAN_POINT ( 'NONE',  ( -0.9509180180782603742, -12.70999999999999730, 2.302685229967655900 ) ) ;
#6875 = B_SPLINE_CURVE_WITH_KNOTS ( 'NONE', 3,
 ( #8344, #3820, #2657, #1087 ),
 .UNSPECIFIED., .F., .F.,
 ( 4, 4 ),
 ( 5.000000000000000000, 6.000000000000000000 ),
 .UNSPECIFIED. ) ;
#6876 = CARTESIAN_POINT ( 'NONE',  ( 0.8447503100156967815, -12.69999999999999751, 1.446729905899129198 ) ) ;
#6877 =( NAMED_UNIT ( * ) SI_UNIT ( $, .STERADIAN. ) SOLID_ANGLE_UNIT ( ) );
#6878 = EDGE_CURVE ( 'NONE', #3284, #1713, #2080, .T. ) ;
#6879 = STYLED_ITEM ( 'NONE', ( #8479 ), #3665 ) ;
#6880 = MECHANICAL_DESIGN_GEOMETRIC_PRESENTATION_REPRESENTATION (  '', ( #3935 ), #11120 ) ;
#6881 = CARTESIAN_POINT ( 'NONE',  ( -2.719842176319917648, -12.69999999999999751, 2.832880502860726679 ) ) ;
#6882 = B_SPLINE_CURVE_WITH_KNOTS ( 'NONE', 3,
 ( #2071, #5803, #10579, #3961 ),
 .UNSPECIFIED., .F., .F.,
 ( 4, 4 ),
 ( 28.00000000000000000, 29.00000000000000000 ),
 .UNSPECIFIED. ) ;
#6883 = CARTESIAN_POINT ( 'NONE',  ( -2.777681699914856583, -12.70999999999999730, 0.7651190741792978089 ) ) ;
#6884 = ORIENTED_EDGE ( 'NONE', *, *, #104, .T. ) ;
#6885 = VERTEX_POINT ( 'NONE', #2906 ) ;
#6886 =( GEOMETRIC_REPRESENTATION_CONTEXT ( 3 ) GLOBAL_UNCERTAINTY_ASSIGNED_CONTEXT ( ( #10855 ) ) GLOBAL_UNIT_ASSIGNED_CONTEXT ( ( #1795, #49, #3616 ) ) REPRESENTATION_CONTEXT ( 'NONE', 'WORKASPACE' ) );
#6887 = AXIS2_PLACEMENT_3D ( 'NONE', #9207, #7369, #4520 ) ;
#6888 = MECHANICAL_DESIGN_GEOMETRIC_PRESENTATION_REPRESENTATION (  '', ( #417 ), #2379 ) ;
#6889 = CARTESIAN_POINT ( 'NONE',  ( 2.694652936130905285, -12.69999999999999751, 1.243977112217340641 ) ) ;
#6890 = MECHANICAL_DESIGN_GEOMETRIC_PRESENTATION_REPRESENTATION (  '', ( #2188 ), #1031 ) ;
#6891 = PLANE ( 'NONE',  #233 ) ;
#6892 = FACE_OUTER_BOUND ( 'NONE', #91, .T. ) ;
#6893 =( LENGTH_UNIT ( ) NAMED_UNIT ( * ) SI_UNIT ( .MILLI., .METRE. ) );
#6894 = DIRECTION ( 'NONE',  ( -0.000000000000000000, -0.000000000000000000, 1.000000000000000000 ) ) ;
#6896 = MECHANICAL_DESIGN_GEOMETRIC_PRESENTATION_REPRESENTATION (  '', ( #5345 ), #6526 ) ;
#6895 = UNCERTAINTY_MEASURE_WITH_UNIT (LENGTH_MEASURE( 1.000000000000000082E-05 ), #8741, 'distance_accuracy_value', 'NONE');
#6897 = FILL_AREA_STYLE ('',( #2060 ) ) ;
#6898 = COLOUR_RGB ( '',1.000000000000000000, 1.000000000000000000, 1.000000000000000000 ) ;
#6899 = CARTESIAN_POINT ( 'NONE',  ( 1.777586453940106948, -12.69999999999999751, 2.256008150763128217 ) ) ;
#6900 = ADVANCED_FACE ( 'NONE', ( #6796 ), #6674, .T. ) ;
#6901 = PRESENTATION_LAYER_ASSIGNMENT (  '', '', ( #17 ) ) ;
#6902 = VECTOR ( 'NONE', #10941, 1000.000000000000000 ) ;
#6903 = PRESENTATION_LAYER_ASSIGNMENT (  '', '', ( #21 ) ) ;
#6904 =( NAMED_UNIT ( * ) PLANE_ANGLE_UNIT ( ) SI_UNIT ( $, .RADIAN. ) );
#6905 = CARTESIAN_POINT ( 'NONE',  ( 0.8632926595230211442, -12.69999999999999751, 1.401673729525910739 ) ) ;
#6906 = B_SPLINE_CURVE_WITH_KNOTS ( 'NONE', 3,
 ( #5057, #6960, #4251, #11767 ),
 .UNSPECIFIED., .F., .F.,
 ( 4, 4 ),
 ( 0.000000000000000000, 1.000000000000000000 ),
 .UNSPECIFIED. ) ;
#6907 = COLOUR_RGB ( '',1.000000000000000000, 1.000000000000000000, 1.000000000000000000 ) ;
#6908 = CARTESIAN_POINT ( 'NONE',  ( -0.1932746764407473894, -12.70999999999999730, 1.763509484403121608 ) ) ;
#6909 = FILL_AREA_STYLE ('',( #3320 ) ) ;
#6910 = SURFACE_STYLE_FILL_AREA ( #3128 ) ;
#6911 = EDGE_CURVE ( 'NONE', #2482, #736, #3265, .T. ) ;
#6912 = CARTESIAN_POINT ( 'NONE',  ( 0.3387347907427868399, -12.69999999999999751, 1.248482729854191398 ) ) ;
#6913 = CARTESIAN_POINT ( 'NONE',  ( -1.611252196078322374, -12.69999999999999751, 1.377253495963937757 ) ) ;
#6914 = ORIENTED_EDGE ( 'NONE', *, *, #9453, .F. ) ;
#6915 = PRESENTATION_LAYER_ASSIGNMENT (  '', '', ( #1831 ) ) ;
#6916 = FACE_OUTER_BOUND ( 'NONE', #2343, .T. ) ;
#6917 = VERTEX_POINT ( 'NONE', #4342 ) ;
#6918 = DIRECTION ( 'NONE',  ( -0.000000000000000000, 1.000000000000000000, -0.000000000000000000 ) ) ;
#6919 = STYLED_ITEM ( 'NONE', ( #3762 ), #8340 ) ;
#6920 = ORIENTED_EDGE ( 'NONE', *, *, #675, .F. ) ;
#6921 = ORIENTED_EDGE ( 'NONE', *, *, #9233, .T. ) ;
#6922 = ADVANCED_FACE ( 'NONE', ( #11681 ), #7183, .T. ) ;
#6923 = FILL_AREA_STYLE_COLOUR ( '', #11873 ) ;
#6924 = FILL_AREA_STYLE_COLOUR ( '', #968 ) ;
#6925 = CARTESIAN_POINT ( 'NONE',  ( 0.3370018608819365658, -12.70999999999999730, 2.180452408847023182 ) ) ;
#6926 = ORIENTED_EDGE ( 'NONE', *, *, #9232, .F. ) ;
#6927 =( LENGTH_UNIT ( ) NAMED_UNIT ( * ) SI_UNIT ( .MILLI., .METRE. ) );
#6928 = ORIENTED_EDGE ( 'NONE', *, *, #1792, .T. ) ;
#6929 = FILL_AREA_STYLE ('',( #8858 ) ) ;
#6931 = ORIENTED_EDGE ( 'NONE', *, *, #4479, .F. ) ;
#6930 = DIRECTION ( 'NONE',  ( 1.000000000000000000, 0.000000000000000000, 0.000000000000000000 ) ) ;
#6932 = DIRECTION ( 'NONE',  ( -0.000000000000000000, 1.000000000000000000, -0.000000000000000000 ) ) ;
#6933 = CARTESIAN_POINT ( 'NONE',  ( 0.8927524671530719935, -12.69999999999999751, 1.580858677103661680 ) ) ;
#6934 = COLOUR_RGB ( '',1.000000000000000000, 1.000000000000000000, 1.000000000000000000 ) ;
#6935 = VERTEX_POINT ( 'NONE', #2487 ) ;
#6936 = EDGE_CURVE ( 'NONE', #4061, #10830, #6249, .T. ) ;
#6937 = MECHANICAL_DESIGN_GEOMETRIC_PRESENTATION_REPRESENTATION (  '', ( #8719 ), #1854 ) ;
#6938 = UNCERTAINTY_MEASURE_WITH_UNIT (LENGTH_MEASURE( 1.000000000000000082E-05 ), #2511, 'distance_accuracy_value', 'NONE');
#6939 = CARTESIAN_POINT ( 'NONE',  ( 3.068445907045982857, -12.70999999999999730, 1.676862991373792244 ) ) ;
#6940 = ORIENTED_EDGE ( 'NONE', *, *, #3794, .F. ) ;
#6941 = CARTESIAN_POINT ( 'NONE',  ( -1.461833411466664900, -12.70999999999999730, 2.129166751113926281 ) ) ;
#6942 = CARTESIAN_POINT ( 'NONE',  ( 0.8877269705563358704, -12.70999999999999730, 1.505996107126357897 ) ) ;
#6943 = SURFACE_SIDE_STYLE ('',( #4365 ) ) ;
#6944 = CARTESIAN_POINT ( 'NONE',  ( 0.5978078048899569952, -12.70999999999999730, 2.771381491283765097 ) ) ;
#6945 = ORIENTED_EDGE ( 'NONE', *, *, #11053, .F. ) ;
#6946 = STYLED_ITEM ( 'NONE', ( #4447 ), #7465 ) ;
#6947 = SURFACE_STYLE_FILL_AREA ( #6157 ) ;
#6948 = CARTESIAN_POINT ( 'NONE',  ( 2.362796867839010329, -12.69999999999999751, 1.162875994744636765 ) ) ;
#6949 = CARTESIAN_POINT ( 'NONE',  ( -1.461833411466664900, -12.70999999999999730, 2.129166751113926281 ) ) ;
#6950 = LINE ( 'NONE', #5116, #6691 ) ;
#6951 = ORIENTED_EDGE ( 'NONE', *, *, #4990, .T. ) ;
#6952 = UNCERTAINTY_MEASURE_WITH_UNIT (LENGTH_MEASURE( 1.000000000000000082E-05 ), #6741, 'distance_accuracy_value', 'NONE');
#6953 = PRESENTATION_LAYER_ASSIGNMENT (  '', '', ( #4407 ) ) ;
#6954 =( NAMED_UNIT ( * ) SI_UNIT ( $, .STERADIAN. ) SOLID_ANGLE_UNIT ( ) );
#6955 = EDGE_CURVE ( 'NONE', #853, #5106, #10572, .T. ) ;
#6956 = FILL_AREA_STYLE_COLOUR ( '', #979 ) ;
#6957 = SURFACE_STYLE_FILL_AREA ( #2007 ) ;
#6958 = CARTESIAN_POINT ( 'NONE',  ( 1.083721337782844074, -12.70999999999999730, 1.217289992363262963 ) ) ;
#6959 = VERTEX_POINT ( 'NONE', #5156 ) ;
#6960 = CARTESIAN_POINT ( 'NONE',  ( -1.278674889433214945, -12.69999999999999751, 2.534043140485237711 ) ) ;
#6961 = FACE_BOUND ( 'NONE', #5285, .T. ) ;
#6962 = CARTESIAN_POINT ( 'NONE',  ( 0.6995307877048747569, -12.70999999999999730, 2.272990863400055961 ) ) ;
#6963 = SURFACE_STYLE_USAGE ( .BOTH. , #9879 ) ;
#6964 = CARTESIAN_POINT ( 'NONE',  ( 1.372947331505799617, -12.69999999999999751, 1.012457682851205742 ) ) ;
#6965 = LINE ( 'NONE', #10568, #8728 ) ;
#6966 = ORIENTED_EDGE ( 'NONE', *, *, #7982, .F. ) ;
#6967 = LINE ( 'NONE', #7954, #6857 ) ;
#6968 = MECHANICAL_DESIGN_GEOMETRIC_PRESENTATION_REPRESENTATION (  '', ( #1284 ), #7568 ) ;
#6969 = PLANE ( 'NONE',  #65 ) ;
#6970 = VECTOR ( 'NONE', #6406, 1000.000000000000000 ) ;
#6971 = SURFACE_STYLE_FILL_AREA ( #3125 ) ;
#6972 = VERTEX_POINT ( 'NONE', #4223 ) ;
#6973 = LINE ( 'NONE', #9892, #3532 ) ;
#6974 = CARTESIAN_POINT ( 'NONE',  ( -3.230757569708321508, -12.69999999999999751, 1.415813300939981367 ) ) ;
#6975 = FILL_AREA_STYLE ('',( #7175 ) ) ;
#6976 = EDGE_CURVE ( 'NONE', #1188, #7179, #11734, .T. ) ;
#6977 = CARTESIAN_POINT ( 'NONE',  ( 2.562430387770791018, -12.69999999999999751, 1.621755821811721843 ) ) ;
#6978 = VERTEX_POINT ( 'NONE', #199 ) ;
#6979 = SURFACE_STYLE_USAGE ( .BOTH. , #10753 ) ;
#6980 = SURFACE_SIDE_STYLE ('',( #11674 ) ) ;
#6981 = SURFACE_STYLE_FILL_AREA ( #3198 ) ;
#6982 = ORIENTED_EDGE ( 'NONE', *, *, #10253, .F. ) ;
#6983 = EDGE_CURVE ( 'NONE', #10399, #10076, #7832, .T. ) ;
#6984 = CARTESIAN_POINT ( 'NONE',  ( -3.230757569708321508, -12.70999999999999730, 1.415813300939981367 ) ) ;
#6985 = ORIENTED_EDGE ( 'NONE', *, *, #352, .T. ) ;
#6986 =( NAMED_UNIT ( * ) SI_UNIT ( $, .STERADIAN. ) SOLID_ANGLE_UNIT ( ) );
#6987 = DIRECTION ( 'NONE',  ( -0.000000000000000000, -0.000000000000000000, 1.000000000000000000 ) ) ;
#6988 = SURFACE_SIDE_STYLE ('',( #7242 ) ) ;
#6989 = LINE ( 'NONE', #10953, #4763 ) ;
#6990 = ORIENTED_EDGE ( 'NONE', *, *, #9686, .F. ) ;
#6992 = ORIENTED_EDGE ( 'NONE', *, *, #7644, .F. ) ;
#6991 = CARTESIAN_POINT ( 'NONE',  ( 1.029134047176034183, -12.69999999999999751, 1.112621028786494159 ) ) ;
#6993 = DIRECTION ( 'NONE',  ( -0.000000000000000000, 1.000000000000000000, -0.000000000000000000 ) ) ;
#6994 = CARTESIAN_POINT ( 'NONE',  ( 1.787810740119434083, -12.69999999999999751, 2.421676245430290475 ) ) ;
#6995 = FILL_AREA_STYLE ('',( #3982 ) ) ;
#6996 =( NAMED_UNIT ( * ) SI_UNIT ( $, .STERADIAN. ) SOLID_ANGLE_UNIT ( ) );
#6997 = FILL_AREA_STYLE ('',( #6148 ) ) ;
#6998 = DIRECTION ( 'NONE',  ( 1.000000000000000000, -0.000000000000000000, -0.000000000000000000 ) ) ;
#6999 = B_SPLINE_CURVE_WITH_KNOTS ( 'NONE', 3,
 ( #9947, #1502, #3188, #7901 ),
 .UNSPECIFIED., .F., .F.,
 ( 4, 4 ),
 ( 11.00000000000000000, 12.00000000000000000 ),
 .UNSPECIFIED. ) ;
#7000 = VERTEX_POINT ( 'NONE', #2998 ) ;
#7001 = LINE ( 'NONE', #5355, #828 ) ;
#7002 = VERTEX_POINT ( 'NONE', #6829 ) ;
#7003 = CARTESIAN_POINT ( 'NONE',  ( 0.6995307877048747569, -12.70999999999999730, 2.822676215157017054 ) ) ;
#7004 = VECTOR ( 'NONE', #10348, 1000.000000000000000 ) ;
#7005 = CARTESIAN_POINT ( 'NONE',  ( 0.8632926595230211442, -12.70999999999999730, 1.401673729525910739 ) ) ;
#7006 = COLOUR_RGB ( '',1.000000000000000000, 1.000000000000000000, 1.000000000000000000 ) ;
#7007 = ORIENTED_EDGE ( 'NONE', *, *, #3949, .F. ) ;
#7008 = VERTEX_POINT ( 'NONE', #3184 ) ;
#7009 = SURFACE_STYLE_USAGE ( .BOTH. , #6218 ) ;
#7010 = CARTESIAN_POINT ( 'NONE',  ( 0.3550243314316907650, -12.69999999999999751, 2.696172335339371173 ) ) ;
#7011 = ORIENTED_EDGE ( 'NONE', *, *, #2972, .T. ) ;
#7012 = ADVANCED_BREP_SHAPE_REPRESENTATION ( 'PWRM-TH_IRM-10-12', ( #11666, #8833 ), #11973 ) ;
#7013 = PRESENTATION_STYLE_ASSIGNMENT (( #8071 ) ) ;
#7014 = UNCERTAINTY_MEASURE_WITH_UNIT (LENGTH_MEASURE( 1.000000000000000082E-05 ), #5379, 'distance_accuracy_value', 'NONE');
#7015 = SURFACE_STYLE_USAGE ( .BOTH. , #3235 ) ;
#7016 = LINE ( 'NONE', #10793, #11456 ) ;
#7017 = PRESENTATION_STYLE_ASSIGNMENT (( #11707 ) ) ;
#7018 = FACE_BOUND ( 'NONE', #225, .T. ) ;
#7019 = PRESENTATION_STYLE_ASSIGNMENT (( #7828 ) ) ;
#7020 = EDGE_CURVE ( 'NONE', #1713, #790, #6965, .T. ) ;
#7021 = CARTESIAN_POINT ( 'NONE',  ( 0.2526081766733467848, -12.70999999999999730, 1.215210476532994077 ) ) ;
#7022 = CARTESIAN_POINT ( 'NONE',  ( -3.597074337972709479, -12.69999999999999751, 2.399084328707441038 ) ) ;
#7023 = UNCERTAINTY_MEASURE_WITH_UNIT (LENGTH_MEASURE( 1.000000000000000082E-05 ), #207, 'distance_accuracy_value', 'NONE');
#7024 = ORIENTED_EDGE ( 'NONE', *, *, #7869, .F. ) ;
#7025 = EDGE_CURVE ( 'NONE', #1106, #11253, #5013, .T. ) ;
#7026 = VERTEX_POINT ( 'NONE', #5854 ) ;
#7027 = VERTEX_POINT ( 'NONE', #8641 ) ;
#7028 = CARTESIAN_POINT ( 'NONE',  ( 1.060500077652813067, -12.69999999999999751, 1.559370346829860754 ) ) ;
#7029 = EDGE_CURVE ( 'NONE', #8451, #8552, #6724, .T. ) ;
#7030 = CARTESIAN_POINT ( 'NONE',  ( 1.162049767479570006, -12.69999999999999751, 0.9334360812087704184 ) ) ;
#7031 = B_SPLINE_CURVE_WITH_KNOTS ( 'NONE', 3,
 ( #6768, #10565, #4947, #8706 ),
 .UNSPECIFIED., .F., .F.,
 ( 4, 4 ),
 ( 7.000000000000000000, 8.000000000000000000 ),
 .UNSPECIFIED. ) ;
#7032 = VERTEX_POINT ( 'NONE', #4011 ) ;
#7033 = VECTOR ( 'NONE', #8469, 1000.000000000000000 ) ;
#7034 = LINE ( 'NONE', #9895, #12169 ) ;
#7035 = ORIENTED_EDGE ( 'NONE', *, *, #8445, .F. ) ;
#7036 = ADVANCED_FACE ( 'NONE', ( #3946 ), #8837, .F. ) ;
#7037 = ORIENTED_EDGE ( 'NONE', *, *, #12160, .T. ) ;
#7038 = FILL_AREA_STYLE_COLOUR ( '', #1138 ) ;
#7039 = FACE_OUTER_BOUND ( 'NONE', #7544, .T. ) ;
#7040 = COLOUR_RGB ( '',1.000000000000000000, 1.000000000000000000, 1.000000000000000000 ) ;
#7041 = ORIENTED_EDGE ( 'NONE', *, *, #5262, .T. ) ;
#7042 = CARTESIAN_POINT ( 'NONE',  ( -1.789590466688415260, -12.69999999999999751, 2.731661405519053787 ) ) ;
#7043 = EDGE_CURVE ( 'NONE', #8280, #11552, #3121, .T. ) ;
#7044 = CARTESIAN_POINT ( 'NONE',  ( 0.2999171618649952853, -12.70999999999999730, 1.453315039366249062 ) ) ;
#7045 = VERTEX_POINT ( 'NONE', #2112 ) ;
#7046 = CARTESIAN_POINT ( 'NONE',  ( -22.05000000000000426, 11.90000000000000036, 0.000000000000000000 ) ) ;
#7047 = STYLED_ITEM ( 'NONE', ( #5745 ), #2940 ) ;
#7048 = CARTESIAN_POINT ( 'NONE',  ( 1.055301288070226162, -12.70999999999999730, 1.297351351920866147 ) ) ;
#7049 =( NAMED_UNIT ( * ) SI_UNIT ( $, .STERADIAN. ) SOLID_ANGLE_UNIT ( ) );
#7050 = COLOUR_RGB ( '',1.000000000000000000, 1.000000000000000000, 1.000000000000000000 ) ;
#7051 = STYLED_ITEM ( 'NONE', ( #6348 ), #10319 ) ;
#7052 = VERTEX_POINT ( 'NONE', #2171 ) ;
#7053 = CARTESIAN_POINT ( 'NONE',  ( 0.8880735565303700119, -12.70999999999999730, 1.074149985885020087 ) ) ;
#7054 = ORIENTED_EDGE ( 'NONE', *, *, #3246, .F. ) ;
#7055 = VECTOR ( 'NONE', #8689, 1000.000000000000000 ) ;
#7056 = FACE_OUTER_BOUND ( 'NONE', #3601, .T. ) ;
#7058 = VERTEX_POINT ( 'NONE', #132 ) ;
#7057 = CARTESIAN_POINT ( 'NONE',  ( -19.90000000000000568, 1.500000000000003109, 0.000000000000000000 ) ) ;
#7059 = SURFACE_STYLE_FILL_AREA ( #7980 ) ;
#7060 = B_SPLINE_CURVE_WITH_KNOTS ( 'NONE', 3,
 ( #8708, #8529, #1144, #5011 ),
 .UNSPECIFIED., .F., .F.,
 ( 4, 4 ),
 ( 4.000000000000000000, 5.000000000000000000 ),
 .UNSPECIFIED. ) ;
#7061 = DIRECTION ( 'NONE',  ( -0.000000000000000000, 1.000000000000000000, -0.000000000000000000 ) ) ;
#7062 = B_SPLINE_SURFACE_WITH_KNOTS ( 'NONE', 3, 1, ( 
 ( #10692, #2243 ),
 ( #9764, #1332 ),
 ( #5079, #395 ),
 ( #4455, #3692 ) ),
 .UNSPECIFIED., .F., .F., .F.,
 ( 4, 4 ),
 ( 2, 2 ),
 ( 15.00000000000000000, 16.00000000000000000 ),
 ( 0.000000000000000000, 1.000000000000000000 ),
 .UNSPECIFIED. ) ;
#7063 = SURFACE_SIDE_STYLE ('',( #3152 ) ) ;
#7064 = MECHANICAL_DESIGN_GEOMETRIC_PRESENTATION_REPRESENTATION (  '', ( #1365 ), #9438 ) ;
#7065 = CARTESIAN_POINT ( 'NONE',  ( 3.376387543262116431, -12.70999999999999730, 1.085587322965344104 ) ) ;
#7066 = STYLED_ITEM ( 'NONE', ( #9546 ), #10361 ) ;
#7067 = ADVANCED_FACE ( 'NONE', ( #10506 ), #10632, .F. ) ;
#7068 = COLOUR_RGB ( '',1.000000000000000000, 1.000000000000000000, 1.000000000000000000 ) ;
#7069 = COLOUR_RGB ( '',1.000000000000000000, 1.000000000000000000, 1.000000000000000000 ) ;
#7070 = ORIENTED_EDGE ( 'NONE', *, *, #10369, .T. ) ;
#7071 = PLANE ( 'NONE',  #9280 ) ;
#7072 = CARTESIAN_POINT ( 'NONE',  ( 2.527425204591026375, -12.69999999999999751, 2.161043594408120772 ) ) ;
#7073 = PRESENTATION_STYLE_ASSIGNMENT (( #10713 ) ) ;
#7074 = SURFACE_STYLE_FILL_AREA ( #7200 ) ;
#7075 =( GEOMETRIC_REPRESENTATION_CONTEXT ( 3 ) GLOBAL_UNCERTAINTY_ASSIGNED_CONTEXT ( ( #3430 ) ) GLOBAL_UNIT_ASSIGNED_CONTEXT ( ( #6211, #2313, #7989 ) ) REPRESENTATION_CONTEXT ( 'NONE', 'WORKASPACE' ) );
#7076 = CARTESIAN_POINT ( 'NONE',  ( -2.353525408053224854, -12.70999999999999730, 3.020858839633884685 ) ) ;
#7077 = ORIENTED_EDGE ( 'NONE', *, *, #11202, .T. ) ;
#7078 = CARTESIAN_POINT ( 'NONE',  ( 2.694652936130905285, -12.69999999999999751, 1.613784344453134345 ) ) ;
#7079 = VECTOR ( 'NONE', #2901, 1000.000000000000000 ) ;
#7080 = PRESENTATION_STYLE_ASSIGNMENT (( #9731 ) ) ;
#7081 = EDGE_CURVE ( 'NONE', #7170, #1992, #9084, .T. ) ;
#7082 = ORIENTED_EDGE ( 'NONE', *, *, #3443, .F. ) ;
#7083 = ORIENTED_EDGE ( 'NONE', *, *, #11034, .T. ) ;
#7084 = CARTESIAN_POINT ( 'NONE',  ( 0.4281539715458249074, -12.69999999999999751, 1.143813766277427035 ) ) ;
#7085 = SURFACE_STYLE_FILL_AREA ( #6161 ) ;
#7086 = UNCERTAINTY_MEASURE_WITH_UNIT (LENGTH_MEASURE( 1.000000000000000082E-05 ), #8656, 'distance_accuracy_value', 'NONE');
#7087 = DIRECTION ( 'NONE',  ( -0.000000000000000000, 1.000000000000000000, -0.000000000000000000 ) ) ;
#7088 = CARTESIAN_POINT ( 'NONE',  ( 0.2838009141642797162, -12.70999999999999730, 2.411278666269728088 ) ) ;
#7089 = CARTESIAN_POINT ( 'NONE',  ( 0.9305303381134347740, -12.70999999999999730, 1.281754983175388718 ) ) ;
#7090 =( GEOMETRIC_REPRESENTATION_CONTEXT ( 3 ) GLOBAL_UNCERTAINTY_ASSIGNED_CONTEXT ( ( #2329 ) ) GLOBAL_UNIT_ASSIGNED_CONTEXT ( ( #1815, #5556, #2534 ) ) REPRESENTATION_CONTEXT ( 'NONE', 'WORKASPACE' ) );
#7091 = FILL_AREA_STYLE ('',( #4005 ) ) ;
#7092 = ADVANCED_FACE ( 'NONE', ( #9591 ), #9615, .F. ) ;
#7093 = FACE_OUTER_BOUND ( 'NONE', #8077, .T. ) ;
#7094 = VERTEX_POINT ( 'NONE', #220 ) ;
#7095 = ORIENTED_EDGE ( 'NONE', *, *, #5501, .F. ) ;
#7096 = CARTESIAN_POINT ( 'NONE',  ( 0.5544845583776207842, -12.70999999999999730, 1.160449892938023142 ) ) ;
#7097 = SURFACE_STYLE_FILL_AREA ( #3491 ) ;
#7098 = ORIENTED_EDGE ( 'NONE', *, *, #3605, .T. ) ;
#7099 = SURFACE_STYLE_FILL_AREA ( #3379 ) ;
#7100 = VERTEX_POINT ( 'NONE', #10463 ) ;
#7101 = ADVANCED_FACE ( 'NONE', ( #2022 ), #11781, .F. ) ;
#7102 = SURFACE_STYLE_FILL_AREA ( #4259 ) ;
#7103 = VECTOR ( 'NONE', #2638, 1000.000000000000000 ) ;
#7104 = SURFACE_STYLE_FILL_AREA ( #3316 ) ;
#7105 =( GEOMETRIC_REPRESENTATION_CONTEXT ( 3 ) GLOBAL_UNCERTAINTY_ASSIGNED_CONTEXT ( ( #4380 ) ) GLOBAL_UNIT_ASSIGNED_CONTEXT ( ( #7584, #55, #7473 ) ) REPRESENTATION_CONTEXT ( 'NONE', 'WORKASPACE' ) );
#7106 = VECTOR ( 'NONE', #89, 1000.000000000000000 ) ;
#7107 = CARTESIAN_POINT ( 'NONE',  ( 1.145413640818975676, -12.69999999999999751, 0.9400212146805121405 ) ) ;
#7108 = VERTEX_POINT ( 'NONE', #4279 ) ;
#7109 = SURFACE_STYLE_USAGE ( .BOTH. , #7959 ) ;
#7110 = SURFACE_STYLE_FILL_AREA ( #6909 ) ;
#7111 =( NAMED_UNIT ( * ) PLANE_ANGLE_UNIT ( ) SI_UNIT ( $, .RADIAN. ) );
#7112 = CARTESIAN_POINT ( 'NONE',  ( 0.3387347907427868399, -12.69999999999999751, 1.222142195971842815 ) ) ;
#7113 = PRESENTATION_STYLE_ASSIGNMENT (( #2352 ) ) ;
#7114 = ORIENTED_EDGE ( 'NONE', *, *, #10615, .T. ) ;
#7115 =( GEOMETRIC_REPRESENTATION_CONTEXT ( 3 ) GLOBAL_UNCERTAINTY_ASSIGNED_CONTEXT ( ( #5970 ) ) GLOBAL_UNIT_ASSIGNED_CONTEXT ( ( #11502, #6627, #1962 ) ) REPRESENTATION_CONTEXT ( 'NONE', 'WORKASPACE' ) );
#7116 = FILL_AREA_STYLE ('',( #7038 ) ) ;
#7117 = PLANE ( 'NONE',  #8468 ) ;
#7118 = PRESENTATION_LAYER_ASSIGNMENT (  '', '', ( #3349 ) ) ;
#7119 = B_SPLINE_CURVE_WITH_KNOTS ( 'NONE', 3,
 ( #6984, #10758, #2297, #470 ),
 .UNSPECIFIED., .F., .F.,
 ( 4, 4 ),
 ( 17.00000000000000000, 18.00000000000000000 ),
 .UNSPECIFIED. ) ;
#7121 = PRESENTATION_LAYER_ASSIGNMENT (  '', '', ( #2396 ) ) ;
#7120 = FILL_AREA_STYLE ('',( #2658 ) ) ;
#7122 = ORIENTED_EDGE ( 'NONE', *, *, #3266, .F. ) ;
#7123 = FILL_AREA_STYLE_COLOUR ( '', #10480 ) ;
#7124 = ORIENTED_EDGE ( 'NONE', *, *, #5314, .F. ) ;
#7125 = SURFACE_SIDE_STYLE ('',( #6195 ) ) ;
#7126 = SURFACE_SIDE_STYLE ('',( #3202 ) ) ;
#7127 = AXIS2_PLACEMENT_3D ( 'NONE', #8534, #7837, #1151 ) ;
#7128 = EDGE_CURVE ( 'NONE', #8478, #1522, #10685, .T. ) ;
#7129 = ADVANCED_FACE ( 'NONE', ( #6004 ), #4222, .F. ) ;
#7130 = DIRECTION ( 'NONE',  ( -1.000000000000000000, 0.000000000000000000, -0.000000000000000000 ) ) ;
#7131 = CARTESIAN_POINT ( 'NONE',  ( 0.9965549657982581966, -12.70999999999999730, 1.208971929032973902 ) ) ;
#7132 = STYLED_ITEM ( 'NONE', ( #7019 ), #1467 ) ;
#7133 = FILL_AREA_STYLE_COLOUR ( '', #6707 ) ;
#7134 = ORIENTED_EDGE ( 'NONE', *, *, #447, .F. ) ;
#7136 = VERTEX_POINT ( 'NONE', #7182 ) ;
#7135 = CARTESIAN_POINT ( 'NONE',  ( 1.763029843109774397, -12.69999999999999751, 2.654582018687879685 ) ) ;
#7137 = CARTESIAN_POINT ( 'NONE',  ( -0.1932746764407473894, -12.69999999999999751, 2.838965755845902272 ) ) ;
#7138 = CARTESIAN_POINT ( 'NONE',  ( 3.024602781573761945, -12.69999999999999751, 1.763509484403121608 ) ) ;
#7139 = LINE ( 'NONE', #8117, #3107 ) ;
#7140 = ORIENTED_EDGE ( 'NONE', *, *, #552, .T. ) ;
#7141 = COLOUR_RGB ( '',1.000000000000000000, 1.000000000000000000, 1.000000000000000000 ) ;
#7142 = CARTESIAN_POINT ( 'NONE',  ( 2.370248466240027607, -12.69999999999999751, 1.763509484403121608 ) ) ;
#7143 = EDGE_CURVE ( 'NONE', #8082, #1528, #2485, .T. ) ;
#7144 =( GEOMETRIC_REPRESENTATION_CONTEXT ( 3 ) GLOBAL_UNCERTAINTY_ASSIGNED_CONTEXT ( ( #6583 ) ) GLOBAL_UNIT_ASSIGNED_CONTEXT ( ( #335, #9714, #6744 ) ) REPRESENTATION_CONTEXT ( 'NONE', 'WORKASPACE' ) );
#7145 = EDGE_LOOP ( 'NONE', ( #11501, #498, #6098, #10693 ) ) ;
#7146 = CARTESIAN_POINT ( 'NONE',  ( -2.440284693449094267, -12.69999999999999751, 2.731661405519053787 ) ) ;
#7147 = CARTESIAN_POINT ( 'NONE',  ( -19.25000000000000355, 1.500000000000003109, -4.000000000000000000 ) ) ;
#7148 =( GEOMETRIC_REPRESENTATION_CONTEXT ( 3 ) GLOBAL_UNCERTAINTY_ASSIGNED_CONTEXT ( ( #379 ) ) GLOBAL_UNIT_ASSIGNED_CONTEXT ( ( #10978, #699, #5418 ) ) REPRESENTATION_CONTEXT ( 'NONE', 'WORKASPACE' ) );
#7149 = CARTESIAN_POINT ( 'NONE',  ( -2.141447308090255852, -12.70999999999999730, 3.020858839633884685 ) ) ;
#7150 = VERTEX_POINT ( 'NONE', #9769 ) ;
#7151 = COLOUR_RGB ( '',1.000000000000000000, 1.000000000000000000, 1.000000000000000000 ) ;
#7152 = ADVANCED_FACE ( 'NONE', ( #7971 ), #9838, .T. ) ;
#7153 = VERTEX_POINT ( 'NONE', #10132 ) ;
#7154 =( NAMED_UNIT ( * ) PLANE_ANGLE_UNIT ( ) SI_UNIT ( $, .RADIAN. ) );
#7155 = CARTESIAN_POINT ( 'NONE',  ( -3.042779255920823545, -12.70999999999999730, 2.630442285191726182 ) ) ;
#7156 = EDGE_LOOP ( 'NONE', ( #1057, #730, #6414, #10957 ) ) ;
#7157 = CARTESIAN_POINT ( 'NONE',  ( -0.1057617184844371061, -12.69999999999999751, 1.685527640680425820 ) ) ;
#7158 = VECTOR ( 'NONE', #472, 1000.000000000000114 ) ;
#7159 = EDGE_CURVE ( 'NONE', #5279, #740, #11000, .T. ) ;
#7160 = DIRECTION ( 'NONE',  ( 1.000000000000000000, 0.000000000000000000, 0.000000000000000000 ) ) ;
#7161 = CARTESIAN_POINT ( 'NONE',  ( 0.8447503100156967815, -12.70999999999999730, 1.427321091460217684 ) ) ;
#7162 = SURFACE_SIDE_STYLE ('',( #10929 ) ) ;
#7163 = SURFACE_STYLE_USAGE ( .BOTH. , #6036 ) ;
#7164 = MECHANICAL_DESIGN_GEOMETRIC_PRESENTATION_REPRESENTATION (  '', ( #4609 ), #5003 ) ;
#7165 = CARTESIAN_POINT ( 'NONE',  ( 0.8880735565303700119, -12.69999999999999751, 1.074149985885020087 ) ) ;
#7166 = FACE_BOUND ( 'NONE', #2316, .T. ) ;
#7167 = UNCERTAINTY_MEASURE_WITH_UNIT (LENGTH_MEASURE( 1.000000000000000082E-05 ), #8149, 'distance_accuracy_value', 'NONE');
#7168 = CARTESIAN_POINT ( 'NONE',  ( -1.640171865943553797, -12.69999999999999751, 1.382073379651379552 ) ) ;
#7169 = VERTEX_POINT ( 'NONE', #3709 ) ;
#7170 = VERTEX_POINT ( 'NONE', #9346 ) ;
#7171 = VERTEX_POINT ( 'NONE', #11067 ) ;
#7172 = CARTESIAN_POINT ( 'NONE',  ( 0.9998475325341440456, -12.70999999999999730, 1.339981426487471206 ) ) ;
#7173 = EDGE_CURVE ( 'NONE', #3165, #4124, #6558, .T. ) ;
#7174 = ORIENTED_EDGE ( 'NONE', *, *, #11692, .F. ) ;
#7175 = FILL_AREA_STYLE_COLOUR ( '', #3359 ) ;
#7176 = CARTESIAN_POINT ( 'NONE',  ( 0.3387347907427868399, -12.70999999999999730, 1.222142195971842815 ) ) ;
#7177 = SURFACE_SIDE_STYLE ('',( #11854 ) ) ;
#7178 = PRESENTATION_STYLE_ASSIGNMENT (( #10816 ) ) ;
#7179 = VERTEX_POINT ( 'NONE', #7491 ) ;
#7180 = EDGE_LOOP ( 'NONE', ( #9983, #721, #5813 ) ) ;
#7181 =( GEOMETRIC_REPRESENTATION_CONTEXT ( 3 ) GLOBAL_UNCERTAINTY_ASSIGNED_CONTEXT ( ( #3933 ) ) GLOBAL_UNIT_ASSIGNED_CONTEXT ( ( #4211, #8089, #3190 ) ) REPRESENTATION_CONTEXT ( 'NONE', 'WORKASPACE' ) );
#7182 = CARTESIAN_POINT ( 'NONE',  ( 1.771694492416408639, -12.70999999999999730, 1.685527640680425820 ) ) ;
#7183 = PLANE ( 'NONE',  #256 ) ;
#7184 =( GEOMETRIC_REPRESENTATION_CONTEXT ( 3 ) GLOBAL_UNCERTAINTY_ASSIGNED_CONTEXT ( ( #9681 ) ) GLOBAL_UNIT_ASSIGNED_CONTEXT ( ( #6789, #2124, #1218 ) ) REPRESENTATION_CONTEXT ( 'NONE', 'WORKASPACE' ) );
#7185 = CARTESIAN_POINT ( 'NONE',  ( -1.278674889433214945, -12.70999999999999730, 2.534043140485237711 ) ) ;
#7186 = ORIENTED_EDGE ( 'NONE', *, *, #11937, .T. ) ;
#7187 =( NAMED_UNIT ( * ) PLANE_ANGLE_UNIT ( ) SI_UNIT ( $, .RADIAN. ) );
#7188 = VERTEX_POINT ( 'NONE', #11128 ) ;
#7189 = CARTESIAN_POINT ( 'NONE',  ( 0.3503454208066740794, -12.70999999999999730, 2.298984811306086673 ) ) ;
#7190 = CARTESIAN_POINT ( 'NONE',  ( 1.504650000908340779, -12.69999999999999751, 1.569767925995061653 ) ) ;
#7191 = DIRECTION ( 'NONE',  ( 1.000000000000000000, 0.000000000000000000, 0.000000000000000000 ) ) ;
#7192 = CARTESIAN_POINT ( 'NONE',  ( 0.2838009141642797162, -12.70999999999999730, 2.492379783742445287 ) ) ;
#7193 = DIRECTION ( 'NONE',  ( -0.000000000000000000, 1.000000000000000000, -0.000000000000000000 ) ) ;
#7194 = EDGE_CURVE ( 'NONE', #4347, #10153, #4984, .T. ) ;
#7195 = VECTOR ( 'NONE', #10162, 1000.000000000000000 ) ;
#7196 = SURFACE_SIDE_STYLE ('',( #6207 ) ) ;
#7197 = VERTEX_POINT ( 'NONE', #4410 ) ;
#7198 =( LENGTH_UNIT ( ) NAMED_UNIT ( * ) SI_UNIT ( .MILLI., .METRE. ) );
#7199 = FILL_AREA_STYLE ('',( #3280 ) ) ;
#7200 = FILL_AREA_STYLE ('',( #11755 ) ) ;
#7201 = ORIENTED_EDGE ( 'NONE', *, *, #2362, .F. ) ;
#7202 = DIRECTION ( 'NONE',  ( -0.000000000000000000, 0.000000000000000000, -1.000000000000000000 ) ) ;
#7203 = ORIENTED_EDGE ( 'NONE', *, *, #4129, .T. ) ;
#7204 = STYLED_ITEM ( 'NONE', ( #3858 ), #5864 ) ;
#7205 = EDGE_CURVE ( 'NONE', #8216, #7094, #7610, .T. ) ;
#7206 = PRESENTATION_STYLE_ASSIGNMENT (( #3423 ) ) ;
#7207 = PRESENTATION_STYLE_ASSIGNMENT (( #687 ) ) ;
#7208 = ORIENTED_EDGE ( 'NONE', *, *, #3984, .T. ) ;
#7209 = VERTEX_POINT ( 'NONE', #4600 ) ;
#7210 = CARTESIAN_POINT ( 'NONE',  ( -1.196735763529605867, -12.70999999999999730, 1.097696013090813549 ) ) ;
#7211 = EDGE_CURVE ( 'NONE', #9018, #9365, #263, .T. ) ;
#7212 = SURFACE_STYLE_USAGE ( .BOTH. , #6045 ) ;
#7213 = LINE ( 'NONE', #3300, #10801 ) ;
#7214 = CARTESIAN_POINT ( 'NONE',  ( -1.423273790357425961, -12.70999999999999730, 2.129166751113926281 ) ) ;
#7215 =( LENGTH_UNIT ( ) NAMED_UNIT ( * ) SI_UNIT ( .MILLI., .METRE. ) );
#7216 = ORIENTED_EDGE ( 'NONE', *, *, #6335, .T. ) ;
#7217 = EDGE_CURVE ( 'NONE', #1096, #298, #2779, .T. ) ;
#7218 = FILL_AREA_STYLE_COLOUR ( '', #7326 ) ;
#7219 = PRESENTATION_STYLE_ASSIGNMENT (( #2471 ) ) ;
#7220 = EDGE_LOOP ( 'NONE', ( #4872, #3468, #8269, #8408 ) ) ;
#7221 = SURFACE_SIDE_STYLE ('',( #7102 ) ) ;
#7222 = CARTESIAN_POINT ( 'NONE',  ( 0.9965549657982581966, -12.70999999999999730, 1.208971929032973902 ) ) ;
#7223 = DIRECTION ( 'NONE',  ( -1.000000000000000000, 0.000000000000000000, 0.000000000000000000 ) ) ;
#7224 = CARTESIAN_POINT ( 'NONE',  ( 0.9892766603854027396, -12.70999999999999730, 1.242937354297596997 ) ) ;
#7225 = EDGE_CURVE ( 'NONE', #7266, #7058, #2167, .T. ) ;
#7226 = CARTESIAN_POINT ( 'NONE',  ( -2.777681699914856583, -12.70999999999999730, 0.7651190741792978089 ) ) ;
#7227 = DIRECTION ( 'NONE',  ( -1.000000000000000000, -0.000000000000000000, -0.000000000000000000 ) ) ;
#7228 = ORIENTED_EDGE ( 'NONE', *, *, #10158, .F. ) ;
#7229 = COLOUR_RGB ( '',1.000000000000000000, 1.000000000000000000, 1.000000000000000000 ) ;
#7230 = ADVANCED_FACE ( 'NONE', ( #5500 ), #8046, .F. ) ;
#7231 = PLANE ( 'NONE',  #3877 ) ;
#7232 = CARTESIAN_POINT ( 'NONE',  ( 0.8705709649381874193, -12.70999999999999730, 1.493865598102612102 ) ) ;
#7233 = ORIENTED_EDGE ( 'NONE', *, *, #11844, .T. ) ;
#7234 = CARTESIAN_POINT ( 'NONE',  ( 0.9833846988593942795, -12.69999999999999751, 1.511888068654680728 ) ) ;
#7235 = ORIENTED_EDGE ( 'NONE', *, *, #7441, .T. ) ;
#7236 = ORIENTED_EDGE ( 'NONE', *, *, #1177, .F. ) ;
#7237 = FILL_AREA_STYLE_COLOUR ( '', #9495 ) ;
#7238 = DIRECTION ( 'NONE',  ( -0.9910683662997866739, 0.000000000000000000, -0.1333547648937667973 ) ) ;
#7239 = EDGE_CURVE ( 'NONE', #9064, #5028, #7377, .T. ) ;
#7240 = VECTOR ( 'NONE', #2268, 1000.000000000000000 ) ;
#7241 = CARTESIAN_POINT ( 'NONE',  ( 2.612685353728910975, -12.70999999999999730, 1.280368639288545607 ) ) ;
#7242 = SURFACE_STYLE_FILL_AREA ( #2432 ) ;
#7243 = ORIENTED_EDGE ( 'NONE', *, *, #4276, .T. ) ;
#7244 = CARTESIAN_POINT ( 'NONE',  ( 3.065153340310124541, -12.69999999999999751, 1.656414419019757611 ) ) ;
#7245 = ORIENTED_EDGE ( 'NONE', *, *, #1476, .F. ) ;
#7246 = FILL_AREA_STYLE ('',( #6564 ) ) ;
#7247 = FILL_AREA_STYLE ('',( #2307 ) ) ;
#7248 = VECTOR ( 'NONE', #267, 1000.000000000000000 ) ;
#7249 =( NAMED_UNIT ( * ) SI_UNIT ( $, .STERADIAN. ) SOLID_ANGLE_UNIT ( ) );
#7250 = CARTESIAN_POINT ( 'NONE',  ( 1.787810740119434083, -12.70999999999999730, 2.421676245430290475 ) ) ;
#7251 = CARTESIAN_POINT ( 'NONE',  ( 1.684181534457815488, -12.70999999999999730, 1.085587322965344104 ) ) ;
#7252 = STYLED_ITEM ( 'NONE', ( #3519 ), #2840 ) ;
#7253 = ORIENTED_EDGE ( 'NONE', *, *, #8821, .F. ) ;
#7254 = SURFACE_STYLE_FILL_AREA ( #8052 ) ;
#7255 = ORIENTED_EDGE ( 'NONE', *, *, #8321, .F. ) ;
#7256 = VECTOR ( 'NONE', #1197, 1000.000000000000000 ) ;
#7257 = CARTESIAN_POINT ( 'NONE',  ( 0.1559106904551700312, -12.70999999999999730, 1.763509484403121608 ) ) ;
#7258 = AXIS2_PLACEMENT_3D ( 'NONE', #6057, #1277, #11493 ) ;
#7259 = CARTESIAN_POINT ( 'NONE',  ( 1.845690597459819671, -12.69999999999999751, 2.319433383660117087 ) ) ;
#7260 = CARTESIAN_POINT ( 'NONE',  ( -1.726931059406025426, -12.69999999999999751, 1.088056061844491662 ) ) ;
#7261 = ORIENTED_EDGE ( 'NONE', *, *, #3627, .F. ) ;
#7262 = EDGE_CURVE ( 'NONE', #8218, #10399, #10262, .T. ) ;
#7263 =( NAMED_UNIT ( * ) PLANE_ANGLE_UNIT ( ) SI_UNIT ( $, .RADIAN. ) );
#7264 = STYLED_ITEM ( 'NONE', ( #501 ), #2326 ) ;
#7265 = PRESENTATION_LAYER_ASSIGNMENT (  '', '', ( #6284 ) ) ;
#7266 = VERTEX_POINT ( 'NONE', #8648 ) ;
#7267 = SURFACE_STYLE_FILL_AREA ( #4494 ) ;
#7268 = FILL_AREA_STYLE ('',( #3478 ) ) ;
#7269 = CIRCLE ( 'NONE', #2150, 0.6500000000000012434 ) ;
#7270 = SURFACE_STYLE_FILL_AREA ( #4562 ) ;
#7271 = PRESENTATION_STYLE_ASSIGNMENT (( #5016 ) ) ;
#7272 = STYLED_ITEM ( 'NONE', ( #4040 ), #12187 ) ;
#7273 = UNCERTAINTY_MEASURE_WITH_UNIT (LENGTH_MEASURE( 1.000000000000000082E-05 ), #10415, 'distance_accuracy_value', 'NONE');
#7274 = CARTESIAN_POINT ( 'NONE',  ( 3.081096295027299536, -12.70999999999999730, 1.629380713198598674 ) ) ;
#7275 = EDGE_CURVE ( 'NONE', #5741, #4836, #9528, .T. ) ;
#7276 = ADVANCED_FACE ( 'NONE', ( #2064 ), #11422, .F. ) ;
#7277 = CARTESIAN_POINT ( 'NONE',  ( -2.782501675538016084, -12.70999999999999730, 1.430272952002306752 ) ) ;
#7278 = DIRECTION ( 'NONE',  ( -0.3559357243698745288, 0.000000000000000000, 0.9345104387417472180 ) ) ;
#7279 = CARTESIAN_POINT ( 'NONE',  ( -2.777681699914856583, -12.70999999999999730, 0.7651190741792978089 ) ) ;
#7280 = CARTESIAN_POINT ( 'NONE',  ( 2.366782606518295307, -12.70999999999999730, 1.685527640680425820 ) ) ;
#7281 = ORIENTED_EDGE ( 'NONE', *, *, #7211, .F. ) ;
#7282 = ORIENTED_EDGE ( 'NONE', *, *, #8852, .F. ) ;
#7283 = SURFACE_STYLE_USAGE ( .BOTH. , #9078 ) ;
#7284 = CARTESIAN_POINT ( 'NONE',  ( 2.636773078785899393, -12.69999999999999751, 1.430786951181954203 ) ) ;
#7285 = ORIENTED_EDGE ( 'NONE', *, *, #3975, .T. ) ;
#7286 = ORIENTED_EDGE ( 'NONE', *, *, #1143, .F. ) ;
#7287 = MECHANICAL_DESIGN_GEOMETRIC_PRESENTATION_REPRESENTATION (  '', ( #5691 ), #3518 ) ;
#7288 =( LENGTH_UNIT ( ) NAMED_UNIT ( * ) SI_UNIT ( .MILLI., .METRE. ) );
#7289 = PRESENTATION_STYLE_ASSIGNMENT (( #3497 ) ) ;
#7290 = CARTESIAN_POINT ( 'NONE',  ( 0.2999171618649952853, -12.69999999999999751, 1.535802500730442999 ) ) ;
#7291 = SURFACE_STYLE_FILL_AREA ( #10247 ) ;
#7292 = EDGE_LOOP ( 'NONE', ( #6679, #3831, #11653, #9037, #11354, #904 ) ) ;
#7293 = LINE ( 'NONE', #6375, #5507 ) ;
#7294 = CARTESIAN_POINT ( 'NONE',  ( 1.127911049226790752, -12.69999999999999751, 1.569767925995061653 ) ) ;
#7295 =( NAMED_UNIT ( * ) PLANE_ANGLE_UNIT ( ) SI_UNIT ( $, .RADIAN. ) );
#7296 = LINE ( 'NONE', #7371, #3548 ) ;
#7297 = EDGE_CURVE ( 'NONE', #5533, #10724, #3060, .T. ) ;
#7298 = DIRECTION ( 'NONE',  ( -0.000000000000000000, -0.000000000000000000, 1.000000000000000000 ) ) ;
#7299 = CARTESIAN_POINT ( 'NONE',  ( 1.777586453940106948, -12.69999999999999751, 2.256008150763128217 ) ) ;
#7300 = COLOUR_RGB ( '',1.000000000000000000, 1.000000000000000000, 1.000000000000000000 ) ;
#7301 = STYLED_ITEM ( 'NONE', ( #8763 ), #9025 ) ;
#7302 = STYLED_ITEM ( 'NONE', ( #8755 ), #4860 ) ;
#7303 = ORIENTED_EDGE ( 'NONE', *, *, #6645, .T. ) ;
#7304 = VERTEX_POINT ( 'NONE', #12 ) ;
#7305 = CARTESIAN_POINT ( 'NONE',  ( 2.626548792611196781, -12.70999999999999730, 1.180551879320356212 ) ) ;
#7306 = DIRECTION ( 'NONE',  ( 0.3315284183504000892, -0.000000000000000000, 0.9434452330824943944 ) ) ;
#7307 = EDGE_CURVE ( 'NONE', #9811, #5216, #7750, .T. ) ;
#7308 = CARTESIAN_POINT ( 'NONE',  ( -1.485933197642125947, -12.70999999999999730, 2.770221049609327579 ) ) ;
#7309 = FACE_OUTER_BOUND ( 'NONE', #670, .T. ) ;
#7310 = STYLED_ITEM ( 'NONE', ( #9858 ), #3343 ) ;
#7311 = FILL_AREA_STYLE ('',( #1765 ) ) ;
#7312 = ORIENTED_EDGE ( 'NONE', *, *, #5111, .F. ) ;
#7313 = DIRECTION ( 'NONE',  ( -0.000000000000000000, -0.000000000000000000, -1.000000000000000000 ) ) ;
#7314 = COLOUR_RGB ( '',1.000000000000000000, 1.000000000000000000, 1.000000000000000000 ) ;
#7315 = SURFACE_STYLE_FILL_AREA ( #3523 ) ;
#7316 = SURFACE_STYLE_FILL_AREA ( #12104 ) ;
#7317 = VECTOR ( 'NONE', #4946, 1000.000000000000000 ) ;
#7318 = SURFACE_STYLE_FILL_AREA ( #9113 ) ;
#7319 = COLOUR_RGB ( '',1.000000000000000000, 1.000000000000000000, 1.000000000000000000 ) ;
#7320 = SURFACE_SIDE_STYLE ('',( #10026 ) ) ;
#7321 = PRESENTATION_LAYER_ASSIGNMENT (  '', '', ( #4355 ) ) ;
#7322 = CARTESIAN_POINT ( 'NONE',  ( 1.065525574247239371, -12.70999999999999730, 1.137921804753728727 ) ) ;
#7323 = EDGE_CURVE ( 'NONE', #10752, #7374, #6775, .T. ) ;
#7324 = MECHANICAL_DESIGN_GEOMETRIC_PRESENTATION_REPRESENTATION (  '', ( #426 ), #1238 ) ;
#7325 = DIRECTION ( 'NONE',  ( -1.000000000000000000, 0.000000000000000000, 0.000000000000000000 ) ) ;
#7326 = COLOUR_RGB ( '',1.000000000000000000, 1.000000000000000000, 1.000000000000000000 ) ;
#7327 = ORIENTED_EDGE ( 'NONE', *, *, #3564, .F. ) ;
#7328 = STYLED_ITEM ( 'NONE', ( #3506 ), #1312 ) ;
#7329 = DIRECTION ( 'NONE',  ( -1.000000000000000000, -0.000000000000000000, -0.000000000000000000 ) ) ;
#7330 = MECHANICAL_DESIGN_GEOMETRIC_PRESENTATION_REPRESENTATION (  '', ( #2396 ), #432 ) ;
#7331 = CARTESIAN_POINT ( 'NONE',  ( -2.883720795863037978, -12.69999999999999751, 1.430272952002306752 ) ) ;
#7332 = CARTESIAN_POINT ( 'NONE',  ( 0.7754331155950139332, -12.70999999999999730, 1.516393686291531706 ) ) ;
#7333 = LINE ( 'NONE', #2799, #6126 ) ;
#7334 = EDGE_LOOP ( 'NONE', ( #10446, #6926, #10299, #5873 ) ) ;
#7335 = DIRECTION ( 'NONE',  ( -1.000000000000000000, -0.000000000000000000, -0.000000000000000000 ) ) ;
#7336 = MECHANICAL_DESIGN_GEOMETRIC_PRESENTATION_REPRESENTATION (  '', ( #6132 ), #11652 ) ;
#7337 = EDGE_CURVE ( 'NONE', #4080, #7002, #10513, .T. ) ;
#7338 = SURFACE_STYLE_FILL_AREA ( #811 ) ;
#7339 = ORIENTED_EDGE ( 'NONE', *, *, #5942, .T. ) ;
#7340 = EDGE_LOOP ( 'NONE', ( #2478, #1333, #10937, #3168 ) ) ;
#7341 = PRESENTATION_LAYER_ASSIGNMENT (  '', '', ( #4969 ) ) ;
#7342 =( NAMED_UNIT ( * ) SI_UNIT ( $, .STERADIAN. ) SOLID_ANGLE_UNIT ( ) );
#7343 = CARTESIAN_POINT ( 'NONE',  ( -3.384996329943143145, -12.69999999999999751, 1.131435750512578942 ) ) ;
#7344 = ORIENTED_EDGE ( 'NONE', *, *, #11819, .T. ) ;
#7345 = UNCERTAINTY_MEASURE_WITH_UNIT (LENGTH_MEASURE( 1.000000000000000082E-05 ), #594, 'distance_accuracy_value', 'NONE');
#7346 = DIRECTION ( 'NONE',  ( -0.000000000000000000, 1.000000000000000000, -0.000000000000000000 ) ) ;
#7347 =( GEOMETRIC_REPRESENTATION_CONTEXT ( 3 ) GLOBAL_UNCERTAINTY_ASSIGNED_CONTEXT ( ( #9880 ) ) GLOBAL_UNIT_ASSIGNED_CONTEXT ( ( #477, #9848, #9109 ) ) REPRESENTATION_CONTEXT ( 'NONE', 'WORKASPACE' ) );
#7348 = B_SPLINE_CURVE_WITH_KNOTS ( 'NONE', 3,
 ( #1554, #2338, #8202, #1624 ),
 .UNSPECIFIED., .F., .F.,
 ( 4, 4 ),
 ( 18.00000000000000000, 19.00000000000000000 ),
 .UNSPECIFIED. ) ;
#7349 = CARTESIAN_POINT ( 'NONE',  ( 0.9457801208848780616, -12.69999999999999751, 1.074149985885020087 ) ) ;
#7350 = SURFACE_STYLE_USAGE ( .BOTH. , #4207 ) ;
#7351 = ORIENTED_EDGE ( 'NONE', *, *, #5314, .T. ) ;
#7352 = STYLED_ITEM ( 'NONE', ( #1282 ), #6832 ) ;
#7353 = CARTESIAN_POINT ( 'NONE',  ( 0.6416509303622062177, -12.70999999999999730, 1.085587322965344104 ) ) ;
#7354 = CARTESIAN_POINT ( 'NONE',  ( 1.771694492416408639, -12.69999999999999751, 1.390929564389012718 ) ) ;
#7355 = AXIS2_PLACEMENT_3D ( 'NONE', #7551, #7313, #9288 ) ;
#7356 = FILL_AREA_STYLE_COLOUR ( '', #7431 ) ;
#7357 = SURFACE_STYLE_FILL_AREA ( #1738 ) ;
#7358 = ORIENTED_EDGE ( 'NONE', *, *, #5775, .F. ) ;
#7359 = CARTESIAN_POINT ( 'NONE',  ( -3.235577683231577684, -12.69999999999999751, 1.092876129403349328 ) ) ;
#7360 = VERTEX_POINT ( 'NONE', #7780 ) ;
#7362 = MECHANICAL_DESIGN_GEOMETRIC_PRESENTATION_REPRESENTATION (  '', ( #1649 ), #869 ) ;
#7361 = CARTESIAN_POINT ( 'NONE',  ( 0.9374620575545931089, -12.69999999999999751, 1.511888068654680728 ) ) ;
#7363 = EDGE_CURVE ( 'NONE', #2679, #5722, #9382, .T. ) ;
#7364 = SURFACE_STYLE_FILL_AREA ( #10433 ) ;
#7365 = CARTESIAN_POINT ( 'NONE',  ( 0.9631094194912107609, -12.70999999999999730, 1.143467180305729691 ) ) ;
#7366 = CARTESIAN_POINT ( 'NONE',  ( 1.771694492416408639, -12.70999999999999730, 1.468564822140002502 ) ) ;
#7367 = CARTESIAN_POINT ( 'NONE',  ( 0.8858207477119407480, -12.69999999999999751, 1.298391109835989488 ) ) ;
#7368 = FILL_AREA_STYLE_COLOUR ( '', #5988 ) ;
#7369 = DIRECTION ( 'NONE',  ( 0.9209172030172734225, 0.000000000000000000, -0.3897582650654662362 ) ) ;
#7370 = VECTOR ( 'NONE', #204, 1000.000000000000114 ) ;
#7371 = CARTESIAN_POINT ( 'NONE',  ( 1.514354408125495155, -12.69999999999999751, 2.161043594408120772 ) ) ;
#7372 = CARTESIAN_POINT ( 'NONE',  ( 0.8116513496803728911, -12.70999999999999730, 1.542387634197562862 ) ) ;
#7373 = CARTESIAN_POINT ( 'NONE',  ( -1.394354120492199200, -12.70999999999999730, 1.377253495963937757 ) ) ;
#7374 = VERTEX_POINT ( 'NONE', #10512 ) ;
#7375 = CARTESIAN_POINT ( 'NONE',  ( 1.327891155132578049, -12.70999999999999730, 2.161043594408120772 ) ) ;
#7376 = B_SPLINE_CURVE_WITH_KNOTS ( 'NONE', 3,
 ( #5964, #7937, #10488, #1303 ),
 .UNSPECIFIED., .F., .F.,
 ( 4, 4 ),
 ( 12.00000000000000000, 13.00000000000000000 ),
 .UNSPECIFIED. ) ;
#7377 = LINE ( 'NONE', #1760, #3179 ) ;
#7378 = EDGE_CURVE ( 'NONE', #9126, #2929, #10573, .T. ) ;
#7379 = DIRECTION ( 'NONE',  ( 0.9369753459544840624, 0.000000000000000000, 0.3493954794691467303 ) ) ;
#7380 = ORIENTED_EDGE ( 'NONE', *, *, #9951, .T. ) ;
#7381 = CARTESIAN_POINT ( 'NONE',  ( 0.9227321537406988350, -12.70999999999999730, 2.760983912123202266 ) ) ;
#7382 =( NAMED_UNIT ( * ) PLANE_ANGLE_UNIT ( ) SI_UNIT ( $, .RADIAN. ) );
#7383 = CARTESIAN_POINT ( 'NONE',  ( 0.3550243314316907650, -12.69999999999999751, 2.696172335339371173 ) ) ;
#7384 = DIRECTION ( 'NONE',  ( -1.000000000000000000, -0.000000000000000000, -0.000000000000000000 ) ) ;
#7385 = DIRECTION ( 'NONE',  ( -0.000000000000000000, 1.000000000000000000, -0.000000000000000000 ) ) ;
#7386 = EDGE_CURVE ( 'NONE', #11977, #790, #9637, .T. ) ;
#7387 =( GEOMETRIC_REPRESENTATION_CONTEXT ( 3 ) GLOBAL_UNCERTAINTY_ASSIGNED_CONTEXT ( ( #10371 ) ) GLOBAL_UNIT_ASSIGNED_CONTEXT ( ( #3921, #8872, #3106 ) ) REPRESENTATION_CONTEXT ( 'NONE', 'WORKASPACE' ) );
#7388 = FILL_AREA_STYLE ('',( #1712 ) ) ;
#7389 = B_SPLINE_CURVE_WITH_KNOTS ( 'NONE', 3,
 ( #799, #676, #6396, #8358 ),
 .UNSPECIFIED., .F., .F.,
 ( 4, 4 ),
 ( 5.000000000000000000, 6.000000000000000000 ),
 .UNSPECIFIED. ) ;
#7390 = ORIENTED_EDGE ( 'NONE', *, *, #10576, .F. ) ;
#7391 =( GEOMETRIC_REPRESENTATION_CONTEXT ( 3 ) GLOBAL_UNCERTAINTY_ASSIGNED_CONTEXT ( ( #11763 ) ) GLOBAL_UNIT_ASSIGNED_CONTEXT ( ( #936, #2805, #2691 ) ) REPRESENTATION_CONTEXT ( 'NONE', 'WORKASPACE' ) );
#7392 = CARTESIAN_POINT ( 'NONE',  ( -3.042779255920823545, -12.70999999999999730, 2.630442285191726182 ) ) ;
#7393 = CARTESIAN_POINT ( 'NONE',  ( 0.6510087516099508642, -12.69999999999999751, 2.758211224344896184 ) ) ;
#7394 =( LENGTH_UNIT ( ) NAMED_UNIT ( * ) SI_UNIT ( .MILLI., .METRE. ) );
#7395 = EDGE_LOOP ( 'NONE', ( #6027, #7779, #431, #3076 ) ) ;
#7396 = CARTESIAN_POINT ( 'NONE',  ( 0.6995307877048747569, -12.69999999999999751, 2.822676215157017054 ) ) ;
#7397 = VECTOR ( 'NONE', #3592, 1000.000000000000000 ) ;
#7398 = CARTESIAN_POINT ( 'NONE',  ( 0.7572373520594096741, -12.69999999999999751, 1.439105014512265912 ) ) ;
#7399 =( NAMED_UNIT ( * ) PLANE_ANGLE_UNIT ( ) SI_UNIT ( $, .RADIAN. ) );
#7400 = PRESENTATION_STYLE_ASSIGNMENT (( #3612 ) ) ;
#7401 = COLOUR_RGB ( '',1.000000000000000000, 1.000000000000000000, 1.000000000000000000 ) ;
#7402 = FACE_OUTER_BOUND ( 'NONE', #2776, .T. ) ;
#7403 = CARTESIAN_POINT ( 'NONE',  ( 0.5203458401248410858, -12.69999999999999751, 1.183324567098666957 ) ) ;
#7404 = ORIENTED_EDGE ( 'NONE', *, *, #8380, .F. ) ;
#7405 = UNCERTAINTY_MEASURE_WITH_UNIT (LENGTH_MEASURE( 1.000000000000000082E-05 ), #8928, 'distance_accuracy_value', 'NONE');
#7406 = CARTESIAN_POINT ( 'NONE',  ( -2.777681607981459244, -12.70999999999999730, 1.733930496851108449 ) ) ;
#7407 = CARTESIAN_POINT ( 'NONE',  ( 2.366782606518294862, -12.70999999999999730, 1.685527640680426043 ) ) ;
#7408 = SURFACE_SIDE_STYLE ('',( #3177 ) ) ;
#7409 =( LENGTH_UNIT ( ) NAMED_UNIT ( * ) SI_UNIT ( .MILLI., .METRE. ) );
#7410 = ORIENTED_EDGE ( 'NONE', *, *, #7722, .T. ) ;
#7411 = SURFACE_STYLE_USAGE ( .BOTH. , #3628 ) ;
#7412 = DIRECTION ( 'NONE',  ( -0.000000000000000000, 1.000000000000000000, -0.000000000000000000 ) ) ;
#7413 = CARTESIAN_POINT ( 'NONE',  ( 1.200174224411630020, -12.69999999999999751, 0.8575337533163209791 ) ) ;
#7414 = CARTESIAN_POINT ( 'NONE',  ( 0.8632926595230211442, -12.70999999999999730, 1.401673729525910739 ) ) ;
#7415 = CARTESIAN_POINT ( 'NONE',  ( 0.9965549657982581966, -12.69999999999999751, 1.208971929032973902 ) ) ;
#7416 = SURFACE_STYLE_FILL_AREA ( #6373 ) ;
#7417 = ORIENTED_EDGE ( 'NONE', *, *, #6802, .F. ) ;
#7418 = CARTESIAN_POINT ( 'NONE',  ( 1.083721337782844074, -12.69999999999999751, 1.172926987933466281 ) ) ;
#7419 = DIRECTION ( 'NONE',  ( 0.000000000000000000, -1.000000000000000000, 0.000000000000000000 ) ) ;
#7420 = DIRECTION ( 'NONE',  ( -0.000000000000000000, 1.000000000000000000, -0.000000000000000000 ) ) ;
#7421 = EDGE_CURVE ( 'NONE', #3801, #5961, #7546, .T. ) ;
#7422 = ADVANCED_FACE ( 'NONE', ( #4783 ), #8623, .T. ) ;
#7423 = CARTESIAN_POINT ( 'NONE',  ( 0.9227321537406988350, -12.70999999999999730, 2.760983912123202266 ) ) ;
#7424 = CARTESIAN_POINT ( 'NONE',  ( 19.89999999999999858, -9.249999999999994671, -4.000000000000000000 ) ) ;
#7425 = VECTOR ( 'NONE', #6119, 1000.000000000000000 ) ;
#7426 =( NAMED_UNIT ( * ) SI_UNIT ( $, .STERADIAN. ) SOLID_ANGLE_UNIT ( ) );
#7427 = ORIENTED_EDGE ( 'NONE', *, *, #1395, .F. ) ;
#7428 = CARTESIAN_POINT ( 'NONE',  ( -1.770310564202709935, -12.70999999999999730, 1.907448975704838512 ) ) ;
#7429 = CARTESIAN_POINT ( 'NONE',  ( -1.225655433392526916, -12.69999999999999751, 2.389444423432443010 ) ) ;
#7430 =( NAMED_UNIT ( * ) PLANE_ANGLE_UNIT ( ) SI_UNIT ( $, .RADIAN. ) );
#7431 = COLOUR_RGB ( '',1.000000000000000000, 1.000000000000000000, 1.000000000000000000 ) ;
#7432 = EDGE_LOOP ( 'NONE', ( #2454, #5223, #10220, #4403 ) ) ;
#7433 = SURFACE_STYLE_FILL_AREA ( #11185 ) ;
#7434 = ORIENTED_EDGE ( 'NONE', *, *, #10084, .T. ) ;
#7435 = LINE ( 'NONE', #8351, #2388 ) ;
#7436 = EDGE_CURVE ( 'NONE', #7052, #9952, #6576, .T. ) ;
#7437 = PRESENTATION_STYLE_ASSIGNMENT (( #5395 ) ) ;
#7438 =( NAMED_UNIT ( * ) SI_UNIT ( $, .STERADIAN. ) SOLID_ANGLE_UNIT ( ) );
#7439 = CARTESIAN_POINT ( 'NONE',  ( -1.365434266760180870, -12.70999999999999730, 1.083236178157049645 ) ) ;
#7440 = SURFACE_STYLE_FILL_AREA ( #3654 ) ;
#7441 = EDGE_CURVE ( 'NONE', #10600, #3243, #11033, .T. ) ;
#7442 = STYLED_ITEM ( 'NONE', ( #9912 ), #837 ) ;
#7443 = FILL_AREA_STYLE ('',( #10211 ) ) ;
#7444 = ORIENTED_EDGE ( 'NONE', *, *, #5704, .T. ) ;
#7445 =( GEOMETRIC_REPRESENTATION_CONTEXT ( 3 ) GLOBAL_UNCERTAINTY_ASSIGNED_CONTEXT ( ( #248 ) ) GLOBAL_UNIT_ASSIGNED_CONTEXT ( ( #9145, #5420, #8138 ) ) REPRESENTATION_CONTEXT ( 'NONE', 'WORKASPACE' ) );
#7446 = SURFACE_SIDE_STYLE ('',( #1714 ) ) ;
#7447 = CARTESIAN_POINT ( 'NONE',  ( 3.081096295027299536, -12.69999999999999751, 1.629380713198598674 ) ) ;
#7448 = CARTESIAN_POINT ( 'NONE',  ( -3.250037426229637649, -12.70999999999999730, 2.630442285191726182 ) ) ;
#7449 = LINE ( 'NONE', #7560, #11242 ) ;
#7450 = VECTOR ( 'NONE', #11742, 1000.000000000000000 ) ;
#7451 = EDGE_LOOP ( 'NONE', ( #6666, #3313, #268, #1072 ) ) ;
#7452 =( NAMED_UNIT ( * ) PLANE_ANGLE_UNIT ( ) SI_UNIT ( $, .RADIAN. ) );
#7453 = FILL_AREA_STYLE_COLOUR ( '', #4908 ) ;
#7454 = B_SPLINE_SURFACE_WITH_KNOTS ( 'NONE', 3, 1, ( 
 ( #9580, #8654 ),
 ( #206, #3958 ),
 ( #9702, #1271 ),
 ( #11785, #11598 ) ),
 .UNSPECIFIED., .F., .F., .F.,
 ( 4, 4 ),
 ( 2, 2 ),
 ( 6.000000000000000000, 7.000000000000000000 ),
 ( 0.000000000000000000, 1.000000000000000000 ),
 .UNSPECIFIED. ) ;
#7455 = EDGE_LOOP ( 'NONE', ( #2769, #7282, #10742, #9135 ) ) ;
#7456 = ORIENTED_EDGE ( 'NONE', *, *, #8091, .T. ) ;
#7457 = ADVANCED_FACE ( 'NONE', ( #5137 ), #2728, .F. ) ;
#7458 = VECTOR ( 'NONE', #11136, 1000.000000000000000 ) ;
#7459 = UNCERTAINTY_MEASURE_WITH_UNIT (LENGTH_MEASURE( 1.000000000000000082E-05 ), #754, 'distance_accuracy_value', 'NONE');
#7460 = CARTESIAN_POINT ( 'NONE',  ( 2.269218655370840665, -12.70999999999999730, 2.838965755845903161 ) ) ;
#7461 = CARTESIAN_POINT ( 'NONE',  ( 0.5397546545637254001, -12.70999999999999730, 2.771381491283765097 ) ) ;
#7462 = ORIENTED_EDGE ( 'NONE', *, *, #9816, .T. ) ;
#7463 = PRESENTATION_LAYER_ASSIGNMENT (  '', '', ( #3700 ) ) ;
#7464 = CARTESIAN_POINT ( 'NONE',  ( 3.074337868569708476, -12.70999999999999730, 1.654334903189493167 ) ) ;
#7465 = ADVANCED_FACE ( 'NONE', ( #11662 ), #6969, .F. ) ;
#7466 = MECHANICAL_DESIGN_GEOMETRIC_PRESENTATION_REPRESENTATION (  '', ( #5089 ), #3895 ) ;
#7467 = CARTESIAN_POINT ( 'NONE',  ( -1.216015666015310526, -12.69999999999999751, 2.129166751113926281 ) ) ;
#7468 = VECTOR ( 'NONE', #9942, 1000.000000000000000 ) ;
#7469 = B_SPLINE_CURVE_WITH_KNOTS ( 'NONE', 3,
 ( #7447, #5457, #5696, #4485 ),
 .UNSPECIFIED., .F., .F.,
 ( 4, 4 ),
 ( 1.000000000000000000, 2.000000000000000000 ),
 .UNSPECIFIED. ) ;
#7470 = ORIENTED_EDGE ( 'NONE', *, *, #4662, .F. ) ;
#7471 =( LENGTH_UNIT ( ) NAMED_UNIT ( * ) SI_UNIT ( .MILLI., .METRE. ) );
#7472 = VERTEX_POINT ( 'NONE', #876 ) ;
#7473 =( NAMED_UNIT ( * ) SI_UNIT ( $, .STERADIAN. ) SOLID_ANGLE_UNIT ( ) );
#7474 = MECHANICAL_DESIGN_GEOMETRIC_PRESENTATION_REPRESENTATION (  '', ( #992 ), #7075 ) ;
#7475 =( NAMED_UNIT ( * ) SI_UNIT ( $, .STERADIAN. ) SOLID_ANGLE_UNIT ( ) );
#7476 = FACE_OUTER_BOUND ( 'NONE', #3924, .T. ) ;
#7477 =( GEOMETRIC_REPRESENTATION_CONTEXT ( 3 ) GLOBAL_UNCERTAINTY_ASSIGNED_CONTEXT ( ( #11623 ) ) GLOBAL_UNIT_ASSIGNED_CONTEXT ( ( #2427, #12041, #658 ) ) REPRESENTATION_CONTEXT ( 'NONE', 'WORKASPACE' ) );
#7478 = STYLED_ITEM ( 'NONE', ( #36 ), #9552 ) ;
#7479 = FILL_AREA_STYLE ('',( #7589 ) ) ;
#7480 = ADVANCED_FACE ( 'NONE', ( #1974 ), #12183, .T. ) ;
#7481 = CARTESIAN_POINT ( 'NONE',  ( 0.3633423947619750516, -12.69999999999999751, 1.165648682518300117 ) ) ;
#7482 = ORIENTED_EDGE ( 'NONE', *, *, #4682, .T. ) ;
#7483 = MECHANICAL_DESIGN_GEOMETRIC_PRESENTATION_REPRESENTATION (  '', ( #11583 ), #9638 ) ;
#7484 = CARTESIAN_POINT ( 'NONE',  ( 2.626548792611196781, -12.69999999999999751, 1.673743717628395355 ) ) ;
#7485 = CARTESIAN_POINT ( 'NONE',  ( 1.036239059605349011, -12.69999999999999751, 1.318839682190019680 ) ) ;
#7486 = DIRECTION ( 'NONE',  ( -0.000000000000000000, -0.000000000000000000, -1.000000000000000000 ) ) ;
#7487 = ORIENTED_EDGE ( 'NONE', *, *, #10072, .F. ) ;
#7488 = ORIENTED_EDGE ( 'NONE', *, *, #1975, .T. ) ;
#7489 = ORIENTED_EDGE ( 'NONE', *, *, #6306, .F. ) ;
#7490 = B_SPLINE_CURVE_WITH_KNOTS ( 'NONE', 3,
 ( #3941, #9692, #10502, #7720 ),
 .UNSPECIFIED., .F., .F.,
 ( 4, 4 ),
 ( 5.000000000000000000, 6.000000000000000000 ),
 .UNSPECIFIED. ) ;
#7491 = CARTESIAN_POINT ( 'NONE',  ( 0.7813250771210221712, -12.69999999999999751, 1.362509514676395028 ) ) ;
#7492 = LINE ( 'NONE', #8533, #9027 ) ;
#7493 = CARTESIAN_POINT ( 'NONE',  ( 0.2664716155579470724, -12.70999999999999730, 1.137575218777406638 ) ) ;
#7494 = ORIENTED_EDGE ( 'NONE', *, *, #7386, .F. ) ;
#7495 = FACE_OUTER_BOUND ( 'NONE', #11337, .T. ) ;
#7496 = CARTESIAN_POINT ( 'NONE',  ( -1.447373576535206485, -12.70999999999999730, 2.129166751113926281 ) ) ;
#7497 = CARTESIAN_POINT ( 'NONE',  ( -0.9268182319027946647, -12.69999999999999751, 1.300134253745478308 ) ) ;
#7498 = DIRECTION ( 'NONE',  ( 0.000000000000000000, -0.000000000000000000, 1.000000000000000000 ) ) ;
#7499 = SURFACE_SIDE_STYLE ('',( #4792 ) ) ;
#7500 = CARTESIAN_POINT ( 'NONE',  ( 0.7813250771210221712, -12.70999999999999730, 1.362509514676395028 ) ) ;
#7501 = ORIENTED_EDGE ( 'NONE', *, *, #10990, .T. ) ;
#7502 = EDGE_CURVE ( 'NONE', #3514, #5584, #8783, .T. ) ;
#7503 = PRESENTATION_STYLE_ASSIGNMENT (( #8489 ) ) ;
#7504 = ADVANCED_FACE ( 'NONE', ( #1068 ), #9355, .F. ) ;
#7505 = STYLED_ITEM ( 'NONE', ( #10233 ), #3180 ) ;
#7506 = ORIENTED_EDGE ( 'NONE', *, *, #5826, .F. ) ;
#7507 =( GEOMETRIC_REPRESENTATION_CONTEXT ( 3 ) GLOBAL_UNCERTAINTY_ASSIGNED_CONTEXT ( ( #11712 ) ) GLOBAL_UNIT_ASSIGNED_CONTEXT ( ( #5657, #3993, #8749 ) ) REPRESENTATION_CONTEXT ( 'NONE', 'WORKASPACE' ) );
#7508 = SURFACE_STYLE_USAGE ( .BOTH. , #12172 ) ;
#7509 = FILL_AREA_STYLE ('',( #9364 ) ) ;
#7510 = EDGE_LOOP ( 'NONE', ( #10373, #11685, #4453, #8814 ) ) ;
#7511 =( GEOMETRIC_REPRESENTATION_CONTEXT ( 3 ) GLOBAL_UNCERTAINTY_ASSIGNED_CONTEXT ( ( #8315 ) ) GLOBAL_UNIT_ASSIGNED_CONTEXT ( ( #5694, #8545, #6743 ) ) REPRESENTATION_CONTEXT ( 'NONE', 'WORKASPACE' ) );
#7512 = CARTESIAN_POINT ( 'NONE',  ( 0.1559106904551674222, -12.69999999999999751, 1.763509484403121608 ) ) ;
#7513 = VECTOR ( 'NONE', #280, 1000.000000000000000 ) ;
#7514 = SURFACE_STYLE_FILL_AREA ( #12116 ) ;
#7515 =( GEOMETRIC_REPRESENTATION_CONTEXT ( 3 ) GLOBAL_UNCERTAINTY_ASSIGNED_CONTEXT ( ( #4863 ) ) GLOBAL_UNIT_ASSIGNED_CONTEXT ( ( #2314, #11935, #8056 ) ) REPRESENTATION_CONTEXT ( 'NONE', 'WORKASPACE' ) );
#7516 =( GEOMETRIC_REPRESENTATION_CONTEXT ( 3 ) GLOBAL_UNCERTAINTY_ASSIGNED_CONTEXT ( ( #435 ) ) GLOBAL_UNIT_ASSIGNED_CONTEXT ( ( #4472, #7382, #855 ) ) REPRESENTATION_CONTEXT ( 'NONE', 'WORKASPACE' ) );
#7517 = SURFACE_STYLE_USAGE ( .BOTH. , #814 ) ;
#7518 = VECTOR ( 'NONE', #3576, 1000.000000000000114 ) ;
#7519 =( NAMED_UNIT ( * ) SI_UNIT ( $, .STERADIAN. ) SOLID_ANGLE_UNIT ( ) );
#7520 = ORIENTED_EDGE ( 'NONE', *, *, #3357, .T. ) ;
#7521 = COLOUR_RGB ( '',1.000000000000000000, 1.000000000000000000, 1.000000000000000000 ) ;
#7522 = VECTOR ( 'NONE', #11529, 1000.000000000000000 ) ;
#7523 = CARTESIAN_POINT ( 'NONE',  ( -2.633082890924043351, -12.70999999999999730, 1.733930496851108449 ) ) ;
#7524 = EDGE_CURVE ( 'NONE', #6008, #9407, #8868, .T. ) ;
#7525 = PRESENTATION_LAYER_ASSIGNMENT (  '', '', ( #4372 ) ) ;
#7526 =( NAMED_UNIT ( * ) PLANE_ANGLE_UNIT ( ) SI_UNIT ( $, .RADIAN. ) );
#7527 = CARTESIAN_POINT ( 'NONE',  ( -3.037959280299975084, -12.70999999999999730, 2.341245126877084637 ) ) ;
#7528 = VECTOR ( 'NONE', #4400, 1000.000000000000000 ) ;
#7529 = DIRECTION ( 'NONE',  ( -0.9434452330799495412, 0.000000000000000000, 0.3315284183576420185 ) ) ;
#7530 = ORIENTED_EDGE ( 'NONE', *, *, #264, .F. ) ;
#7531 = B_SPLINE_CURVE_WITH_KNOTS ( 'NONE', 3,
 ( #7392, #7448, #923, #1719 ),
 .UNSPECIFIED., .F., .F.,
 ( 4, 4 ),
 ( 5.000000000000000000, 6.000000000000000000 ),
 .UNSPECIFIED. ) ;
#7532 = CIRCLE ( 'NONE', #4382, 0.6500000000000012434 ) ;
#7533 = SURFACE_STYLE_USAGE ( .BOTH. , #10366 ) ;
#7534 = DIRECTION ( 'NONE',  ( -1.000000000000000000, 0.000000000000000000, 0.000000000000000000 ) ) ;
#7535 = B_SPLINE_CURVE_WITH_KNOTS ( 'NONE', 3,
 ( #7953, #10053, #2414, #11714 ),
 .UNSPECIFIED., .F., .F.,
 ( 4, 4 ),
 ( 24.00000000000000000, 25.00000000000000000 ),
 .UNSPECIFIED. ) ;
#7536 =( NAMED_UNIT ( * ) SI_UNIT ( $, .STERADIAN. ) SOLID_ANGLE_UNIT ( ) );
#7537 = UNCERTAINTY_MEASURE_WITH_UNIT (LENGTH_MEASURE( 1.000000000000000082E-05 ), #5107, 'distance_accuracy_value', 'NONE');
#7538 = DIRECTION ( 'NONE',  ( -0.000000000000000000, 1.000000000000000000, -0.000000000000000000 ) ) ;
#7539 = CARTESIAN_POINT ( 'NONE',  ( -22.04999999999999716, -11.89999999999999680, 20.69999999999999929 ) ) ;
#7540 =( LENGTH_UNIT ( ) NAMED_UNIT ( * ) SI_UNIT ( .MILLI., .METRE. ) );
#7541 =( NAMED_UNIT ( * ) SI_UNIT ( $, .STERADIAN. ) SOLID_ANGLE_UNIT ( ) );
#7542 = LINE ( 'NONE', #11294, #2349 ) ;
#7543 = ORIENTED_EDGE ( 'NONE', *, *, #8118, .F. ) ;
#7544 = EDGE_LOOP ( 'NONE', ( #870, #6115, #8621, #451 ) ) ;
#7545 = CARTESIAN_POINT ( 'NONE',  ( 1.514354408125495155, -12.69999999999999751, 2.161043594408120772 ) ) ;
#7546 = LINE ( 'NONE', #1937, #10915 ) ;
#7547 = AXIS2_PLACEMENT_3D ( 'NONE', #8107, #8982, #5082 ) ;
#7548 = B_SPLINE_SURFACE_WITH_KNOTS ( 'NONE', 3, 1, ( 
 ( #8739, #9661 ),
 ( #5882, #1169 ),
 ( #2085, #2911 ),
 ( #9598, #227 ),
 ( #3978, #5036 ),
 ( #1058, #5947 ) ),
 .UNSPECIFIED., .F., .F., .F.,
 ( 4, 2, 4 ),
 ( 2, 2 ),
 ( 2.000000000000000000, 3.000000000000000000, 4.000000000000000000 ),
 ( 0.000000000000000000, 1.000000000000000000 ),
 .UNSPECIFIED. ) ;
#7549 = ORIENTED_EDGE ( 'NONE', *, *, #2418, .F. ) ;
#7550 = LINE ( 'NONE', #4963, #6710 ) ;
#7551 = CARTESIAN_POINT ( 'NONE',  ( 22.05000000000000071, -11.89999999999999680, 21.50000000000000000 ) ) ;
#7552 = FILL_AREA_STYLE ('',( #8482 ) ) ;
#7553 = CARTESIAN_POINT ( 'NONE',  ( 1.178859187126017005, -12.69999999999999751, 0.8575337533163209791 ) ) ;
#7554 = SURFACE_STYLE_USAGE ( .BOTH. , #4660 ) ;
#7555 = CARTESIAN_POINT ( 'NONE',  ( 2.636773078785899393, -12.70999999999999730, 1.430786951181954203 ) ) ;
#7556 = B_SPLINE_SURFACE_WITH_KNOTS ( 'NONE', 3, 1, ( 
 ( #4214, #11232 ),
 ( #11971, #8400 ),
 ( #9272, #4592 ),
 ( #11058, #843 ) ),
 .UNSPECIFIED., .F., .F., .F.,
 ( 4, 4 ),
 ( 2, 2 ),
 ( 8.000000000000000000, 9.000000000000000000 ),
 ( 0.000000000000000000, 1.000000000000000000 ),
 .UNSPECIFIED. ) ;
#7557 = PLANE ( 'NONE',  #4832 ) ;
#7558 = LINE ( 'NONE', #5936, #1801 ) ;
#7559 = CARTESIAN_POINT ( 'NONE',  ( 1.372427452548226290, -12.70999999999999730, 1.205159483339544479 ) ) ;
#7560 = CARTESIAN_POINT ( 'NONE',  ( 3.118180994046555909, -12.70999999999999730, 1.763509484403121608 ) ) ;
#7561 = CARTESIAN_POINT ( 'NONE',  ( 0.8447503100156967815, -12.69999999999999751, 1.446729905899129198 ) ) ;
#7562 = ORIENTED_EDGE ( 'NONE', *, *, #9961, .F. ) ;
#7563 = CARTESIAN_POINT ( 'NONE',  ( 0.6416509303622058846, -12.69999999999999751, 1.519859546013268226 ) ) ;
#7564 = CARTESIAN_POINT ( 'NONE',  ( 0.9305303381134347740, -12.70999999999999730, 1.281754983175388718 ) ) ;
#7565 = EDGE_CURVE ( 'NONE', #10631, #5875, #7872, .T. ) ;
#7566 = MECHANICAL_DESIGN_GEOMETRIC_PRESENTATION_REPRESENTATION (  '', ( #5215 ), #7387 ) ;
#7567 = ORIENTED_EDGE ( 'NONE', *, *, #4137, .F. ) ;
#7568 =( GEOMETRIC_REPRESENTATION_CONTEXT ( 3 ) GLOBAL_UNCERTAINTY_ASSIGNED_CONTEXT ( ( #9798 ) ) GLOBAL_UNIT_ASSIGNED_CONTEXT ( ( #414, #3217, #6996 ) ) REPRESENTATION_CONTEXT ( 'NONE', 'WORKASPACE' ) );
#7569 = CARTESIAN_POINT ( 'NONE',  ( 19.24999999999999645, -1.249999999999995115, -4.000000000000000000 ) ) ;
#7570 = UNCERTAINTY_MEASURE_WITH_UNIT (LENGTH_MEASURE( 1.000000000000000082E-05 ), #6316, 'distance_accuracy_value', 'NONE');
#7571 = B_SPLINE_SURFACE_WITH_KNOTS ( 'NONE', 3, 1, ( 
 ( #9830, #7484 ),
 ( #4587, #2823 ),
 ( #6549, #1872 ),
 ( #8339, #10187 ) ),
 .UNSPECIFIED., .F., .F., .F.,
 ( 4, 4 ),
 ( 2, 2 ),
 ( 2.000000000000000000, 3.000000000000000000 ),
 ( 0.000000000000000000, 1.000000000000000000 ),
 .UNSPECIFIED. ) ;
#7572 = PRESENTATION_STYLE_ASSIGNMENT (( #11208 ) ) ;
#7573 = STYLED_ITEM ( 'NONE', ( #5764 ), #607 ) ;
#7574 = EDGE_CURVE ( 'NONE', #3801, #10086, #10715, .T. ) ;
#7575 = VERTEX_POINT ( 'NONE', #4043 ) ;
#7576 = SURFACE_STYLE_FILL_AREA ( #3990 ) ;
#7577 = MECHANICAL_DESIGN_GEOMETRIC_PRESENTATION_REPRESENTATION (  '', ( #11313 ), #4027 ) ;
#7578 = SURFACE_STYLE_FILL_AREA ( #11686 ) ;
#7579 = CARTESIAN_POINT ( 'NONE',  ( 0.8322732150202537538, -12.69999999999999751, 1.319879440105165447 ) ) ;
#7580 = B_SPLINE_CURVE_WITH_KNOTS ( 'NONE', 3,
 ( #11347, #11412, #2879, #1141 ),
 .UNSPECIFIED., .F., .F.,
 ( 4, 4 ),
 ( 7.000000000000000000, 8.000000000000000000 ),
 .UNSPECIFIED. ) ;
#7581 = FACE_OUTER_BOUND ( 'NONE', #1685, .T. ) ;
#7582 = VERTEX_POINT ( 'NONE', #2093 ) ;
#7583 = DIRECTION ( 'NONE',  ( 1.000000000000000000, -0.000000000000000000, -0.000000000000000000 ) ) ;
#7584 =( LENGTH_UNIT ( ) NAMED_UNIT ( * ) SI_UNIT ( .MILLI., .METRE. ) );
#7585 = FILL_AREA_STYLE_COLOUR ( '', #7858 ) ;
#7586 = ADVANCED_FACE ( 'NONE', ( #9788 ), #6693, .F. ) ;
#7587 = CARTESIAN_POINT ( 'NONE',  ( -2.931920276282881765, -12.70999999999999730, 2.620802379916723268 ) ) ;
#7588 = STYLED_ITEM ( 'NONE', ( #10924 ), #5693 ) ;
#7589 = FILL_AREA_STYLE_COLOUR ( '', #6351 ) ;
#7590 = CARTESIAN_POINT ( 'NONE',  ( -3.235577683231577684, -12.70999999999999730, 1.092876129403349328 ) ) ;
#7591 = DIRECTION ( 'NONE',  ( 1.000000000000000000, 0.000000000000000000, -0.000000000000000000 ) ) ;
#7592 =( NAMED_UNIT ( * ) PLANE_ANGLE_UNIT ( ) SI_UNIT ( $, .RADIAN. ) );
#7593 = ORIENTED_EDGE ( 'NONE', *, *, #9688, .F. ) ;
#7594 = FACE_OUTER_BOUND ( 'NONE', #10553, .T. ) ;
#7595 = CARTESIAN_POINT ( 'NONE',  ( 1.845690597459819671, -12.70999999999999730, 2.319433383660117087 ) ) ;
#7596 = DIRECTION ( 'NONE',  ( 1.000000000000000000, -8.673617379884032317E-15, 0.000000000000000000 ) ) ;
#7597 = SURFACE_SIDE_STYLE ('',( #6 ) ) ;
#7598 = ORIENTED_EDGE ( 'NONE', *, *, #3129, .F. ) ;
#7599 = ORIENTED_EDGE ( 'NONE', *, *, #3627, .T. ) ;
#7600 = ORIENTED_EDGE ( 'NONE', *, *, #6983, .F. ) ;
#7601 = FILL_AREA_STYLE ('',( #5742 ) ) ;
#7602 = SURFACE_SIDE_STYLE ('',( #8717 ) ) ;
#7603 = EDGE_LOOP ( 'NONE', ( #11604, #11744, #2159, #5966 ) ) ;
#7604 =( NAMED_UNIT ( * ) SI_UNIT ( $, .STERADIAN. ) SOLID_ANGLE_UNIT ( ) );
#7605 = ADVANCED_FACE ( 'NONE', ( #1123 ), #6394, .T. ) ;
#7606 = CARTESIAN_POINT ( 'NONE',  ( 0.4666250144496134067, -12.70999999999999730, 1.580858677103661680 ) ) ;
#7607 = CARTESIAN_POINT ( 'NONE',  ( -3.399456072941203555, -12.69999999999999751, 1.492932635087214077 ) ) ;
#7608 = STYLED_ITEM ( 'NONE', ( #587 ), #1824 ) ;
#7609 = CARTESIAN_POINT ( 'NONE',  ( -2.777681607981459244, -12.69999999999999751, 1.733930496851108449 ) ) ;
#7610 = B_SPLINE_CURVE_WITH_KNOTS ( 'NONE', 3,
 ( #11238, #12097, #6445, #11979 ),
 .UNSPECIFIED., .F., .F.,
 ( 4, 4 ),
 ( 2.000000000000000000, 3.000000000000000000 ),
 .UNSPECIFIED. ) ;
#7611 = B_SPLINE_CURVE_WITH_KNOTS ( 'NONE', 3,
 ( #7084, #2456, #9065, #10850 ),
 .UNSPECIFIED., .F., .F.,
 ( 4, 4 ),
 ( 4.000000000000000000, 5.000000000000000000 ),
 .UNSPECIFIED. ) ;
#7612 = CARTESIAN_POINT ( 'NONE',  ( 2.228841389620328517, -12.69999999999999751, 2.714194805886810169 ) ) ;
#7613 = ORIENTED_EDGE ( 'NONE', *, *, #10198, .T. ) ;
#7614 = CARTESIAN_POINT ( 'NONE',  ( -2.719842176319917648, -12.69999999999999751, 2.832880502860726679 ) ) ;
#7615 = CARTESIAN_POINT ( 'NONE',  ( -2.782501583604617412, -12.70999999999999730, 2.268945768346066316 ) ) ;
#7616 = VECTOR ( 'NONE', #1495, 1000.000000000000114 ) ;
#7617 = CARTESIAN_POINT ( 'NONE',  ( -2.136627424400495467, -12.69999999999999751, 2.731661405519053787 ) ) ;
#7618 = PRESENTATION_STYLE_ASSIGNMENT (( #1227 ) ) ;
#7619 = CARTESIAN_POINT ( 'NONE',  ( 1.787810740119434083, -12.69999999999999751, 2.506243222624735978 ) ) ;
#7620 = VERTEX_POINT ( 'NONE', #4366 ) ;
#7621 = CARTESIAN_POINT ( 'NONE',  ( 0.3061557093650378869, -12.70999999999999730, 1.358350483011264043 ) ) ;
#7622 = CARTESIAN_POINT ( 'NONE',  ( -1.047317162782429367, -12.70999999999999730, 1.960468247881045567 ) ) ;
#7623 = CARTESIAN_POINT ( 'NONE',  ( 1.777586453940106948, -12.70999999999999730, 2.749199989071176464 ) ) ;
#7624 = ADVANCED_FACE ( 'NONE', ( #1414 ), #6584, .F. ) ;
#7625 = STYLED_ITEM ( 'NONE', ( #9295 ), #1687 ) ;
#7626 = FACE_OUTER_BOUND ( 'NONE', #376, .T. ) ;
#7627 = CARTESIAN_POINT ( 'NONE',  ( 0.6496224077207936043, -12.69999999999999751, 2.162776524266674549 ) ) ;
#7628 = CARTESIAN_POINT ( 'NONE',  ( -0.1932746764407473894, -12.70999999999999730, 1.763509484403121608 ) ) ;
#7629 = ADVANCED_FACE ( 'NONE', ( #9124 ), #9974, .F. ) ;
#7630 = EDGE_LOOP ( 'NONE', ( #6703, #10426, #11135, #3388 ) ) ;
#7631 = STYLED_ITEM ( 'NONE', ( #9586 ), #1786 ) ;
#7632 = FACE_OUTER_BOUND ( 'NONE', #5356, .T. ) ;
#7633 = CARTESIAN_POINT ( 'NONE',  ( -3.303056928237034118, -12.69999999999999751, 2.341245126877084637 ) ) ;
#7634 = CARTESIAN_POINT ( 'NONE',  ( 1.684181534457818152, -12.69999999999999751, 1.085587322965344326 ) ) ;
#7635 =( GEOMETRIC_REPRESENTATION_CONTEXT ( 3 ) GLOBAL_UNCERTAINTY_ASSIGNED_CONTEXT ( ( #11234 ) ) GLOBAL_UNIT_ASSIGNED_CONTEXT ( ( #796, #9474, #7438 ) ) REPRESENTATION_CONTEXT ( 'NONE', 'WORKASPACE' ) );
#7636 = ORIENTED_EDGE ( 'NONE', *, *, #6793, .T. ) ;
#7637 = CARTESIAN_POINT ( 'NONE',  ( 2.334550111112243087, -12.70999999999999730, 2.423062589321753890 ) ) ;
#7638 = ORIENTED_EDGE ( 'NONE', *, *, #6283, .F. ) ;
#7639 = ORIENTED_EDGE ( 'NONE', *, *, #2075, .F. ) ;
#7640 = CARTESIAN_POINT ( 'NONE',  ( 1.145413640818973899, -12.69999999999999751, 0.8644654727597897992 ) ) ;
#7641 = EDGE_LOOP ( 'NONE', ( #746, #1739, #8851, #4452 ) ) ;
#7642 = MECHANICAL_DESIGN_GEOMETRIC_PRESENTATION_REPRESENTATION (  '', ( #773 ), #351 ) ;
#7643 = EDGE_CURVE ( 'NONE', #2679, #3086, #11878, .T. ) ;
#7644 = EDGE_CURVE ( 'NONE', #6537, #9964, #11882, .T. ) ;
#7645 = PRESENTATION_STYLE_ASSIGNMENT (( #1081 ) ) ;
#7646 = PRODUCT_DEFINITION_FORMATION_WITH_SPECIFIED_SOURCE ( '�κ�', '', #1, .NOT_KNOWN. ) ;
#7647 = STYLED_ITEM ( 'NONE', ( #2994 ), #10234 ) ;
#7648 = COLOUR_RGB ( '',0.7529411764705882248, 0.7529411764705882248, 0.7529411764705882248 ) ;
#7649 = UNCERTAINTY_MEASURE_WITH_UNIT (LENGTH_MEASURE( 1.000000000000000082E-05 ), #4056, 'distance_accuracy_value', 'NONE');
#7650 = COLOUR_RGB ( '',1.000000000000000000, 1.000000000000000000, 1.000000000000000000 ) ;
#7651 = CARTESIAN_POINT ( 'NONE',  ( 0.2838009141642797162, -12.70999999999999730, 2.492379783742445287 ) ) ;
#7652 = B_SPLINE_CURVE_WITH_KNOTS ( 'NONE', 3,
 ( #7226, #10991, #2535, #2055 ),
 .UNSPECIFIED., .F., .F.,
 ( 4, 4 ),
 ( 10.00000000000000000, 11.00000000000000000 ),
 .UNSPECIFIED. ) ;
#7653 =( NAMED_UNIT ( * ) PLANE_ANGLE_UNIT ( ) SI_UNIT ( $, .RADIAN. ) );
#7654 =( NAMED_UNIT ( * ) PLANE_ANGLE_UNIT ( ) SI_UNIT ( $, .RADIAN. ) );
#7655 = LINE ( 'NONE', #9016, #133 ) ;
#7656 = DIRECTION ( 'NONE',  ( -1.457750820148578128E-16, -1.000000000000000000, -0.000000000000000000 ) ) ;
#7657 = DIRECTION ( 'NONE',  ( -0.000000000000000000, 1.000000000000000000, -0.000000000000000000 ) ) ;
#7658 = COLOUR_RGB ( '',1.000000000000000000, 1.000000000000000000, 1.000000000000000000 ) ;
#7659 = COLOUR_RGB ( '',1.000000000000000000, 1.000000000000000000, 1.000000000000000000 ) ;
#7660 = AXIS2_PLACEMENT_3D ( 'NONE', #100, #6579, #3916 ) ;
#7661 = LINE ( 'NONE', #1089, #4513 ) ;
#7662 = ORIENTED_EDGE ( 'NONE', *, *, #6911, .T. ) ;
#7663 = CARTESIAN_POINT ( 'NONE',  ( 0.4132507747437730306, -12.70999999999999730, 1.373253679813293271 ) ) ;
#7664 = AXIS2_PLACEMENT_3D ( 'NONE', #7683, #3728, #5815 ) ;
#7665 = DIRECTION ( 'NONE',  ( -0.000000000000000000, 1.000000000000000000, -0.000000000000000000 ) ) ;
#7666 = DIRECTION ( 'NONE',  ( 0.000000000000000000, 1.000000000000000000, 0.000000000000000000 ) ) ;
#7667 = VERTEX_POINT ( 'NONE', #6269 ) ;
#7668 = VECTOR ( 'NONE', #10193, 1000.000000000000000 ) ;
#7669 = PLANE ( 'NONE',  #3346 ) ;
#7670 = EDGE_CURVE ( 'NONE', #781, #5329, #3538, .T. ) ;
#7671 =( NAMED_UNIT ( * ) SI_UNIT ( $, .STERADIAN. ) SOLID_ANGLE_UNIT ( ) );
#7672 = FILL_AREA_STYLE ('',( #1100 ) ) ;
#7673 = CARTESIAN_POINT ( 'NONE',  ( 2.014131379900668151, -12.70999999999999730, 1.468564822140002502 ) ) ;
#7674 = VERTEX_POINT ( 'NONE', #9242 ) ;
#7675 = CARTESIAN_POINT ( 'NONE',  ( 2.216191001639034930, -12.69999999999999751, 2.731870690467158802 ) ) ;
#7676 =( NAMED_UNIT ( * ) PLANE_ANGLE_UNIT ( ) SI_UNIT ( $, .RADIAN. ) );
#7677 = PRESENTATION_STYLE_ASSIGNMENT (( #6740 ) ) ;
#7678 = CARTESIAN_POINT ( 'NONE',  ( 0.3551976244175365505, -12.69999999999999751, 2.817130839605025194 ) ) ;
#7679 = VECTOR ( 'NONE', #3, 1000.000000000000000 ) ;
#7680 = EDGE_CURVE ( 'NONE', #5337, #2125, #924, .T. ) ;
#7681 = ORIENTED_EDGE ( 'NONE', *, *, #4833, .T. ) ;
#7682 =( NAMED_UNIT ( * ) SI_UNIT ( $, .STERADIAN. ) SOLID_ANGLE_UNIT ( ) );
#7683 = CARTESIAN_POINT ( 'NONE',  ( 0.9227321537406988350, -12.70999999999999730, 2.760983912123202266 ) ) ;
#7684 = CARTESIAN_POINT ( 'NONE',  ( -2.719842176319917648, -12.69999999999999751, 2.832880502860726679 ) ) ;
#7685 = CARTESIAN_POINT ( 'NONE',  ( 1.332050186797736346, -12.70999999999999730, 0.9091750631612839362 ) ) ;
#7686 = ORIENTED_EDGE ( 'NONE', *, *, #7025, .T. ) ;
#7687 = SURFACE_STYLE_FILL_AREA ( #11446 ) ;
#7688 = LINE ( 'NONE', #11447, #11895 ) ;
#7689 = LINE ( 'NONE', #11689, #3301 ) ;
#7690 = CARTESIAN_POINT ( 'NONE',  ( 0.8352191957844155024, -12.70999999999999730, 2.838965755845903161 ) ) ;
#7691 = ORIENTED_EDGE ( 'NONE', *, *, #9193, .F. ) ;
#7692 = UNCERTAINTY_MEASURE_WITH_UNIT (LENGTH_MEASURE( 1.000000000000000082E-05 ), #7910, 'distance_accuracy_value', 'NONE');
#7693 = VECTOR ( 'NONE', #2233, 1000.000000000000000 ) ;
#7694 = DIRECTION ( 'NONE',  ( -0.4673073067545556181, 0.000000000000000000, 0.8840949502478813171 ) ) ;
#7695 = UNCERTAINTY_MEASURE_WITH_UNIT (LENGTH_MEASURE( 1.000000000000000082E-05 ), #3583, 'distance_accuracy_value', 'NONE');
#7696 = VECTOR ( 'NONE', #9743, 1000.000000000000227 ) ;
#7697 = COLOUR_RGB ( '',1.000000000000000000, 1.000000000000000000, 1.000000000000000000 ) ;
#7698 = SURFACE_STYLE_FILL_AREA ( #174 ) ;
#7699 = EDGE_CURVE ( 'NONE', #9735, #8291, #4549, .T. ) ;
#7700 = VECTOR ( 'NONE', #3473, 1000.000000000000000 ) ;
#7701 = CARTESIAN_POINT ( 'NONE',  ( 1.684181534457815488, -12.70999999999999730, 1.085587322965344104 ) ) ;
#7702 = MECHANICAL_DESIGN_GEOMETRIC_PRESENTATION_REPRESENTATION (  '', ( #829 ), #9299 ) ;
#7703 = FACE_OUTER_BOUND ( 'NONE', #808, .T. ) ;
#7704 = ORIENTED_EDGE ( 'NONE', *, *, #2557, .T. ) ;
#7705 = CARTESIAN_POINT ( 'NONE',  ( 0.2245347129324268276, -12.69999999999999751, 2.684041826315634260 ) ) ;
#7706 = STYLED_ITEM ( 'NONE', ( #8635 ), #1393 ) ;
#7707 = ORIENTED_EDGE ( 'NONE', *, *, #2402, .T. ) ;
#7708 = VERTEX_POINT ( 'NONE', #3788 ) ;
#7709 = FACE_OUTER_BOUND ( 'NONE', #9574, .T. ) ;
#7710 = CARTESIAN_POINT ( 'NONE',  ( 19.24999999999999645, -1.249999999999995115, -4.000000000000000000 ) ) ;
#7711 = VECTOR ( 'NONE', #1838, 1000.000000000000000 ) ;
#7712 = COLOUR_RGB ( '',1.000000000000000000, 1.000000000000000000, 1.000000000000000000 ) ;
#7713 = MECHANICAL_DESIGN_GEOMETRIC_PRESENTATION_REPRESENTATION (  '', ( #842 ), #2393 ) ;
#7714 = PRESENTATION_STYLE_ASSIGNMENT (( #8759 ) ) ;
#7715 = COLOUR_RGB ( '',1.000000000000000000, 1.000000000000000000, 1.000000000000000000 ) ;
#7716 =( GEOMETRIC_REPRESENTATION_CONTEXT ( 3 ) GLOBAL_UNCERTAINTY_ASSIGNED_CONTEXT ( ( #937 ) ) GLOBAL_UNIT_ASSIGNED_CONTEXT ( ( #3970, #2021, #7736 ) ) REPRESENTATION_CONTEXT ( 'NONE', 'WORKASPACE' ) );
#7717 = DIRECTION ( 'NONE',  ( -0.3385350343141504403, 0.000000000000000000, -0.9409537876760563080 ) ) ;
#7718 = CARTESIAN_POINT ( 'NONE',  ( 1.184404562680328565, -12.70999999999999730, 2.760983912123202266 ) ) ;
#7719 = CARTESIAN_POINT ( 'NONE',  ( 2.228841389620328517, -12.69999999999999751, 2.714194805886810169 ) ) ;
#7720 = CARTESIAN_POINT ( 'NONE',  ( 2.366782606518294862, -12.69999999999999751, 1.685527640680426043 ) ) ;
#7721 = STYLED_ITEM ( 'NONE', ( #10745 ), #8179 ) ;
#7722 = EDGE_CURVE ( 'NONE', #5527, #4577, #1782, .T. ) ;
#7723 = CARTESIAN_POINT ( 'NONE',  ( -3.823612456736237952, -12.70999999999999730, 1.849609268245413496 ) ) ;
#7724 =( NAMED_UNIT ( * ) SI_UNIT ( $, .STERADIAN. ) SOLID_ANGLE_UNIT ( ) );
#7725 = CARTESIAN_POINT ( 'NONE',  ( 0.8000407196142020894, -12.69999999999999751, 1.159063549051180253 ) ) ;
#7726 =( NAMED_UNIT ( * ) PLANE_ANGLE_UNIT ( ) SI_UNIT ( $, .RADIAN. ) );
#7727 =( NAMED_UNIT ( * ) PLANE_ANGLE_UNIT ( ) SI_UNIT ( $, .RADIAN. ) );
#7728 = CARTESIAN_POINT ( 'NONE',  ( 2.362796867839010329, -12.70999999999999730, 1.162875994744636765 ) ) ;
#7729 = DIRECTION ( 'NONE',  ( -0.3409177962187273647, -0.000000000000000000, -0.9400931103999040639 ) ) ;
#7730 = ORIENTED_EDGE ( 'NONE', *, *, #7043, .T. ) ;
#7731 = FILL_AREA_STYLE ('',( #2018 ) ) ;
#7732 = CARTESIAN_POINT ( 'NONE',  ( 0.3387347907427868399, -12.69999999999999751, 1.198920935844121960 ) ) ;
#7733 =( LENGTH_UNIT ( ) NAMED_UNIT ( * ) SI_UNIT ( .MILLI., .METRE. ) );
#7734 = AXIS2_PLACEMENT_3D ( 'NONE', #4280, #6197, #5217 ) ;
#7735 = EDGE_CURVE ( 'NONE', #5584, #9076, #8955, .T. ) ;
#7736 =( NAMED_UNIT ( * ) SI_UNIT ( $, .STERADIAN. ) SOLID_ANGLE_UNIT ( ) );
#7737 = VERTEX_POINT ( 'NONE', #10403 ) ;
#7738 =( LENGTH_UNIT ( ) NAMED_UNIT ( * ) SI_UNIT ( .MILLI., .METRE. ) );
#7739 = DIRECTION ( 'NONE',  ( -0.9303007377811837175, 0.000000000000000000, 0.3667976789509241331 ) ) ;
#7740 = DIRECTION ( 'NONE',  ( -1.000000000000000000, -0.000000000000000000, -0.000000000000000000 ) ) ;
#7741 = EDGE_LOOP ( 'NONE', ( #1347, #9677, #10307, #7203 ) ) ;
#7742 = CARTESIAN_POINT ( 'NONE',  ( 1.193589090939889408, -12.69999999999999751, 0.9303168074587356839 ) ) ;
#7743 = CARTESIAN_POINT ( 'NONE',  ( 2.955978759101102860, -12.69999999999999751, 1.347606317874361359 ) ) ;
#7744 = DIRECTION ( 'NONE',  ( -1.000000000000000000, 0.000000000000000000, -0.000000000000000000 ) ) ;
#7745 = VECTOR ( 'NONE', #9464, 1000.000000000000000 ) ;
#7746 = EDGE_CURVE ( 'NONE', #2782, #12005, #2851, .T. ) ;
#7747 = PRESENTATION_STYLE_ASSIGNMENT (( #230 ) ) ;
#7748 = ORIENTED_EDGE ( 'NONE', *, *, #618, .F. ) ;
#7749 = SURFACE_STYLE_FILL_AREA ( #236 ) ;
#7750 = B_SPLINE_CURVE_WITH_KNOTS ( 'NONE', 3,
 ( #2176, #6837, #10619, #4722 ),
 .UNSPECIFIED., .F., .F.,
 ( 4, 4 ),
 ( 3.000000000000000000, 4.000000000000000000 ),
 .UNSPECIFIED. ) ;
#7751 = SURFACE_SIDE_STYLE ('',( #291 ) ) ;
#7752 = B_SPLINE_SURFACE_WITH_KNOTS ( 'NONE', 3, 1, ( 
 ( #495, #6948 ),
 ( #1305, #4241 ),
 ( #3464, #9793 ),
 ( #8812, #8876 ) ),
 .UNSPECIFIED., .F., .F., .F.,
 ( 4, 4 ),
 ( 2, 2 ),
 ( 2.000000000000000000, 3.000000000000000000 ),
 ( 0.000000000000000000, 1.000000000000000000 ),
 .UNSPECIFIED. ) ;
#7753 =( LENGTH_UNIT ( ) NAMED_UNIT ( * ) SI_UNIT ( .MILLI., .METRE. ) );
#7754 = EDGE_CURVE ( 'NONE', #7032, #1188, #8060, .T. ) ;
#7755 = SURFACE_SIDE_STYLE ('',( #8810 ) ) ;
#7756 = SURFACE_STYLE_USAGE ( .BOTH. , #4868 ) ;
#7757 = EDGE_CURVE ( 'NONE', #5741, #7032, #1897, .T. ) ;
#7758 = MECHANICAL_DESIGN_GEOMETRIC_PRESENTATION_REPRESENTATION (  '', ( #494 ), #2069 ) ;
#7759 = ORIENTED_EDGE ( 'NONE', *, *, #11040, .F. ) ;
#7760 = DIRECTION ( 'NONE',  ( 0.000000000000000000, 0.000000000000000000, 1.000000000000000000 ) ) ;
#7761 = ORIENTED_EDGE ( 'NONE', *, *, #3767, .T. ) ;
#7762 = DIRECTION ( 'NONE',  ( -1.000000000000000000, 0.000000000000000000, -0.000000000000000000 ) ) ;
#7763 = EDGE_LOOP ( 'NONE', ( #9189, #5375, #3562, #4819 ) ) ;
#7764 = DIRECTION ( 'NONE',  ( 1.000000000000000000, 0.000000000000000000, 0.000000000000000000 ) ) ;
#7765 = EDGE_CURVE ( 'NONE', #3158, #4203, #7449, .T. ) ;
#7766 = UNCERTAINTY_MEASURE_WITH_UNIT (LENGTH_MEASURE( 1.000000000000000082E-05 ), #11562, 'distance_accuracy_value', 'NONE');
#7767 = CARTESIAN_POINT ( 'NONE',  ( 0.3591833630968440105, -12.70999999999999730, 1.074149985885020087 ) ) ;
#7768 = CARTESIAN_POINT ( 'NONE',  ( 2.728791654385999799, -12.69999999999999751, 1.328197503435454507 ) ) ;
#7769 =( NAMED_UNIT ( * ) PLANE_ANGLE_UNIT ( ) SI_UNIT ( $, .RADIAN. ) );
#7770 = FILL_AREA_STYLE_COLOUR ( '', #8889 ) ;
#7771 = CARTESIAN_POINT ( 'NONE',  ( 2.175640442902672334, -12.70999999999999730, 2.838965755845903161 ) ) ;
#7772 = VERTEX_POINT ( 'NONE', #6624 ) ;
#7773 = STYLED_ITEM ( 'NONE', ( #10100 ), #5637 ) ;
#7774 =( NAMED_UNIT ( * ) SI_UNIT ( $, .STERADIAN. ) SOLID_ANGLE_UNIT ( ) );
#7775 = UNCERTAINTY_MEASURE_WITH_UNIT (LENGTH_MEASURE( 1.000000000000000082E-05 ), #2154, 'distance_accuracy_value', 'NONE');
#7776 = EDGE_LOOP ( 'NONE', ( #8845, #11795, #9902, #4420 ) ) ;
#7777 = CARTESIAN_POINT ( 'NONE',  ( 0.7567174731018385669, -12.70999999999999730, 1.102570035597664866 ) ) ;
#7778 = ORIENTED_EDGE ( 'NONE', *, *, #11202, .F. ) ;
#7779 = ORIENTED_EDGE ( 'NONE', *, *, #6347, .F. ) ;
#7780 = CARTESIAN_POINT ( 'NONE',  ( 2.079289542656219236, -12.70999999999999730, 2.346467089485896551 ) ) ;
#7781 = PRESENTATION_LAYER_ASSIGNMENT (  '', '', ( #7204 ) ) ;
#7782 = EDGE_CURVE ( 'NONE', #11917, #4061, #6573, .T. ) ;
#7783 = PRESENTATION_STYLE_ASSIGNMENT (( #7109 ) ) ;
#7784 = DIRECTION ( 'NONE',  ( -0.000000000000000000, -0.000000000000000000, -1.000000000000000000 ) ) ;
#7785 = CARTESIAN_POINT ( 'NONE',  ( 2.175640442902672334, -12.70999999999999730, 2.838965755845903161 ) ) ;
#7786 = CARTESIAN_POINT ( 'NONE',  ( -1.789590466688415260, -12.70999999999999730, 1.155535536688067300 ) ) ;
#7787 = DIRECTION ( 'NONE',  ( -1.000000000000000000, 0.000000000000000000, 0.000000000000000000 ) ) ;
#7788 =( LENGTH_UNIT ( ) NAMED_UNIT ( * ) SI_UNIT ( .MILLI., .METRE. ) );
#7789 = EDGE_CURVE ( 'NONE', #6055, #544, #10563, .T. ) ;
#7790 = CARTESIAN_POINT ( 'NONE',  ( 2.626548792611196781, -12.69999999999999751, 1.180551879320356212 ) ) ;
#7791 = VERTEX_POINT ( 'NONE', #1720 ) ;
#7792 = PRESENTATION_STYLE_ASSIGNMENT (( #4026 ) ) ;
#7793 = CARTESIAN_POINT ( 'NONE',  ( 0.4382049647369684608, -12.70999999999999730, 2.850403092926218296 ) ) ;
#7794 = CARTESIAN_POINT ( 'NONE',  ( -0.1057617184844379665, -12.69999999999999751, 2.838965755845902272 ) ) ;
#7795 = ADVANCED_FACE ( 'NONE', ( #9363 ), #5600, .F. ) ;
#7796 = ORIENTED_EDGE ( 'NONE', *, *, #7363, .T. ) ;
#7797 = CARTESIAN_POINT ( 'NONE',  ( 0.3550243314316907650, -12.70999999999999730, 2.696172335339371173 ) ) ;
#7798 = ORIENTED_EDGE ( 'NONE', *, *, #6379, .T. ) ;
#7799 = FILL_AREA_STYLE_COLOUR ( '', #6934 ) ;
#7800 = CARTESIAN_POINT ( 'NONE',  ( 1.145413640818975676, -12.69999999999999751, 0.9400212146805121405 ) ) ;
#7801 =( NAMED_UNIT ( * ) PLANE_ANGLE_UNIT ( ) SI_UNIT ( $, .RADIAN. ) );
#7802 = PLANE ( 'NONE',  #2696 ) ;
#7803 = VECTOR ( 'NONE', #6578, 1000.000000000000000 ) ;
#7804 = UNCERTAINTY_MEASURE_WITH_UNIT (LENGTH_MEASURE( 1.000000000000000082E-05 ), #6441, 'distance_accuracy_value', 'NONE');
#7805 = SURFACE_STYLE_USAGE ( .BOTH. , #4991 ) ;
#7806 = MECHANICAL_DESIGN_GEOMETRIC_PRESENTATION_REPRESENTATION (  '', ( #2689 ), #3667 ) ;
#7807 = CARTESIAN_POINT ( 'NONE',  ( 1.521286127568934665, -12.69999999999999751, 2.838965755845902272 ) ) ;
#7808 = CARTESIAN_POINT ( 'NONE',  ( 0.7567174731018387890, -12.69999999999999751, 1.190256286537488384 ) ) ;
#7809 = CARTESIAN_POINT ( 'NONE',  ( 0.2999171618649956184, -12.70999999999999730, 1.453315039366249062 ) ) ;
#7810 = EDGE_LOOP ( 'NONE', ( #757, #1340, #2370, #1918 ) ) ;
#7811 = CARTESIAN_POINT ( 'NONE',  ( 0.1642287537877698267, -12.70999999999999730, 2.161043594408120772 ) ) ;
#7812 = FILL_AREA_STYLE ('',( #2095 ) ) ;
#7813 = EDGE_CURVE ( 'NONE', #1730, #2551, #3028, .T. ) ;
#7814 = PRESENTATION_STYLE_ASSIGNMENT (( #297 ) ) ;
#7815 = ORIENTED_EDGE ( 'NONE', *, *, #1239, .F. ) ;
#7816 = FACE_OUTER_BOUND ( 'NONE', #10922, .T. ) ;
#7817 = EDGE_LOOP ( 'NONE', ( #5421, #2670, #11715, #1705, #5946, #136, #7599, #5298, #11183, #10821, #5818, #823, #5384, #5574 ) ) ;
#7818 = UNCERTAINTY_MEASURE_WITH_UNIT (LENGTH_MEASURE( 1.000000000000000082E-05 ), #4879, 'distance_accuracy_value', 'NONE');
#7819 = SURFACE_SIDE_STYLE ('',( #9561 ) ) ;
#7820 = VERTEX_POINT ( 'NONE', #6677 ) ;
#7821 = MECHANICAL_DESIGN_GEOMETRIC_PRESENTATION_REPRESENTATION (  '', ( #10191 ), #4877 ) ;
#7822 = EDGE_CURVE ( 'NONE', #7737, #5213, #1310, .T. ) ;
#7823 = FILL_AREA_STYLE ('',( #1137 ) ) ;
#7824 = B_SPLINE_CURVE_WITH_KNOTS ( 'NONE', 3,
 ( #7742, #2135, #5819, #7800 ),
 .UNSPECIFIED., .F., .F.,
 ( 4, 4 ),
 ( 4.000000000000000000, 5.000000000000000000 ),
 .UNSPECIFIED. ) ;
#7825 = CARTESIAN_POINT ( 'NONE',  ( 0.9747200495550709665, -12.70999999999999730, 1.255067863321315702 ) ) ;
#7826 = COLOUR_RGB ( '',1.000000000000000000, 1.000000000000000000, 1.000000000000000000 ) ;
#7827 = CARTESIAN_POINT ( 'NONE',  ( 2.626548792611196781, -12.69999999999999751, 1.180551879320356212 ) ) ;
#7828 = SURFACE_STYLE_USAGE ( .BOTH. , #9014 ) ;
#7829 = PRESENTATION_STYLE_ASSIGNMENT (( #1753 ) ) ;
#7830 = CARTESIAN_POINT ( 'NONE',  ( 1.372427452548226290, -12.69999999999999751, 1.205159483339544479 ) ) ;
#7831 = LINE ( 'NONE', #2942, #3919 ) ;
#7832 = LINE ( 'NONE', #9749, #4399 ) ;
#7833 = PRESENTATION_LAYER_ASSIGNMENT (  '', '', ( #773 ) ) ;
#7834 = CARTESIAN_POINT ( 'NONE',  ( 22.04999999999999361, -12.69999999999999751, 21.50000000000000000 ) ) ;
#7835 = MECHANICAL_DESIGN_GEOMETRIC_PRESENTATION_REPRESENTATION (  '', ( #5295 ), #6267 ) ;
#7836 = CARTESIAN_POINT ( 'NONE',  ( -2.931920276282881765, -12.69999999999999751, 2.620802379916723268 ) ) ;
#7837 = DIRECTION ( 'NONE',  ( 0.000000000000000000, 1.000000000000000000, 0.000000000000000000 ) ) ;
#7838 = PRESENTATION_LAYER_ASSIGNMENT (  '', '', ( #11001 ) ) ;
#7839 = VERTEX_POINT ( 'NONE', #2197 ) ;
#7840 = LINE ( 'NONE', #10683, #7693 ) ;
#7841 = CARTESIAN_POINT ( 'NONE',  ( 2.176853493808293294, -12.69999999999999751, 1.085587322965344104 ) ) ;
#7842 = EDGE_CURVE ( 'NONE', #9003, #8450, #4973, .T. ) ;
#7843 = PLANE ( 'NONE',  #8696 ) ;
#7844 = SURFACE_STYLE_USAGE ( .BOTH. , #11365 ) ;
#7845 = LINE ( 'NONE', #10063, #8825 ) ;
#7846 = AXIS2_PLACEMENT_3D ( 'NONE', #8673, #2308, #5951 ) ;
#7847 = COLOUR_RGB ( '',1.000000000000000000, 1.000000000000000000, 1.000000000000000000 ) ;
#7848 = ORIENTED_EDGE ( 'NONE', *, *, #3443, .T. ) ;
#7849 = COLOUR_RGB ( '',1.000000000000000000, 1.000000000000000000, 1.000000000000000000 ) ;
#7850 =( NAMED_UNIT ( * ) PLANE_ANGLE_UNIT ( ) SI_UNIT ( $, .RADIAN. ) );
#7851 = PRESENTATION_STYLE_ASSIGNMENT (( #2123 ) ) ;
#7852 = CARTESIAN_POINT ( 'NONE',  ( 1.771694492416408639, -12.70999999999999730, 1.390929564389012718 ) ) ;
#7853 = ORIENTED_EDGE ( 'NONE', *, *, #5673, .F. ) ;
#7854 = CARTESIAN_POINT ( 'NONE',  ( 0.4006003867624792769, -12.69999999999999751, 1.511888068654680728 ) ) ;
#7855 = ORIENTED_EDGE ( 'NONE', *, *, #10970, .T. ) ;
#7856 = CARTESIAN_POINT ( 'NONE',  ( 0.2838009141642797162, -12.70999999999999730, 2.577639932880311679 ) ) ;
#7857 = DIRECTION ( 'NONE',  ( -1.000000000000000000, 0.000000000000000000, -0.000000000000000000 ) ) ;
#7858 = COLOUR_RGB ( '',1.000000000000000000, 1.000000000000000000, 1.000000000000000000 ) ;
#7859 = FACE_OUTER_BOUND ( 'NONE', #6854, .T. ) ;
#7860 =( NAMED_UNIT ( * ) PLANE_ANGLE_UNIT ( ) SI_UNIT ( $, .RADIAN. ) );
#7861 = DIRECTION ( 'NONE',  ( -0.8863488427958621241, 0.000000000000000000, -0.4630180653866933227 ) ) ;
#7862 = VERTEX_POINT ( 'NONE', #10466 ) ;
#7863 = PRESENTATION_STYLE_ASSIGNMENT (( #5607 ) ) ;
#7865 = VERTEX_POINT ( 'NONE', #4910 ) ;
#7864 = SURFACE_STYLE_FILL_AREA ( #4914 ) ;
#7866 = SURFACE_STYLE_FILL_AREA ( #4857 ) ;
#7867 = FILL_AREA_STYLE_COLOUR ( '', #10029 ) ;
#7868 = MECHANICAL_DESIGN_GEOMETRIC_PRESENTATION_REPRESENTATION (  '', ( #10825 ), #4323 ) ;
#7869 = EDGE_CURVE ( 'NONE', #8483, #5447, #11378, .T. ) ;
#7870 = LINE ( 'NONE', #8560, #3437 ) ;
#7871 = CARTESIAN_POINT ( 'NONE',  ( -22.04999999999999005, -12.69999999999999751, 21.50000000000000000 ) ) ;
#7872 = LINE ( 'NONE', #4173, #6568 ) ;
#7873 = CARTESIAN_POINT ( 'NONE',  ( 2.264366451762265697, -12.69999999999999751, 1.685527640680425820 ) ) ;
#7874 = ADVANCED_FACE ( 'NONE', ( #11499 ), #10531, .F. ) ;
#7875 = DIRECTION ( 'NONE',  ( 0.000000000000000000, 0.000000000000000000, 1.000000000000000000 ) ) ;
#7876 = VECTOR ( 'NONE', #6182, 1000.000000000000000 ) ;
#7877 = ORIENTED_EDGE ( 'NONE', *, *, #5654, .F. ) ;
#7878 = MECHANICAL_DESIGN_GEOMETRIC_PRESENTATION_REPRESENTATION (  '', ( #10057 ), #5516 ) ;
#7879 = MECHANICAL_DESIGN_GEOMETRIC_PRESENTATION_REPRESENTATION (  '', ( #6313 ), #2935 ) ;
#7880 =( NAMED_UNIT ( * ) PLANE_ANGLE_UNIT ( ) SI_UNIT ( $, .RADIAN. ) );
#7881 = ORIENTED_EDGE ( 'NONE', *, *, #1925, .T. ) ;
#7882 =( NAMED_UNIT ( * ) PLANE_ANGLE_UNIT ( ) SI_UNIT ( $, .RADIAN. ) );
#7883 = ADVANCED_FACE ( 'NONE', ( #4854 ), #2025, .F. ) ;
#7884 = LINE ( 'NONE', #5121, #1952 ) ;
#7885 =( GEOMETRIC_REPRESENTATION_CONTEXT ( 3 ) GLOBAL_UNCERTAINTY_ASSIGNED_CONTEXT ( ( #3857 ) ) GLOBAL_UNIT_ASSIGNED_CONTEXT ( ( #11511, #5960, #422 ) ) REPRESENTATION_CONTEXT ( 'NONE', 'WORKASPACE' ) );
#7886 = CARTESIAN_POINT ( 'NONE',  ( 0.9747200495550709665, -12.69999999999999751, 1.255067863321315702 ) ) ;
#7887 = CARTESIAN_POINT ( 'NONE',  ( 2.694652936130905285, -12.70999999999999730, 1.243977112217340641 ) ) ;
#7888 = CARTESIAN_POINT ( 'NONE',  ( 2.448923481906140509, -12.69999999999999751, 1.162875994744636765 ) ) ;
#7889 = AXIS2_PLACEMENT_3D ( 'NONE', #483, #4360, #10712 ) ;
#7890 = DIRECTION ( 'NONE',  ( 0.000000000000000000, 1.000000000000000000, 0.000000000000000000 ) ) ;
#7891 = CARTESIAN_POINT ( 'NONE',  ( -18.60000000000000142, -9.249999999999996447, -4.000000000000000000 ) ) ;
#7892 = FILL_AREA_STYLE ('',( #3182 ) ) ;
#7893 = UNCERTAINTY_MEASURE_WITH_UNIT (LENGTH_MEASURE( 1.000000000000000082E-05 ), #9312, 'distance_accuracy_value', 'NONE');
#7894 = VERTEX_POINT ( 'NONE', #1399 ) ;
#7895 = DIRECTION ( 'NONE',  ( -0.000000000000000000, 1.000000000000000000, -0.000000000000000000 ) ) ;
#7896 =( GEOMETRIC_REPRESENTATION_CONTEXT ( 3 ) GLOBAL_UNCERTAINTY_ASSIGNED_CONTEXT ( ( #11387 ) ) GLOBAL_UNIT_ASSIGNED_CONTEXT ( ( #238, #3033, #1246 ) ) REPRESENTATION_CONTEXT ( 'NONE', 'WORKASPACE' ) );
#7897 = CARTESIAN_POINT ( 'NONE',  ( 3.279690057048559648, -12.69999999999999751, 1.085587322965344104 ) ) ;
#7898 = COLOUR_RGB ( '',1.000000000000000000, 1.000000000000000000, 1.000000000000000000 ) ;
#7899 = AXIS2_PLACEMENT_3D ( 'NONE', #3200, #1579, #11608 ) ;
#7900 = CARTESIAN_POINT ( 'NONE',  ( -3.042779255920823545, -12.69999999999999751, 2.630442285191726182 ) ) ;
#7901 = CARTESIAN_POINT ( 'NONE',  ( 0.9374620575545931089, -12.69999999999999751, 1.511888068654680728 ) ) ;
#7902 =( GEOMETRIC_REPRESENTATION_CONTEXT ( 3 ) GLOBAL_UNCERTAINTY_ASSIGNED_CONTEXT ( ( #4950 ) ) GLOBAL_UNIT_ASSIGNED_CONTEXT ( ( #2350, #7295, #836 ) ) REPRESENTATION_CONTEXT ( 'NONE', 'WORKASPACE' ) );
#7903 = MECHANICAL_DESIGN_GEOMETRIC_PRESENTATION_REPRESENTATION (  '', ( #5536 ), #2768 ) ;
#7904 = DIRECTION ( 'NONE',  ( 1.000000000000000000, 0.000000000000000000, 0.000000000000000000 ) ) ;
#7905 = SURFACE_STYLE_USAGE ( .BOTH. , #2475 ) ;
#7906 = CARTESIAN_POINT ( 'NONE',  ( 0.9457801208848780616, -12.70999999999999730, 1.360083412869804054 ) ) ;
#7907 = CARTESIAN_POINT ( 'NONE',  ( -1.640171865943553797, -12.70999999999999730, 1.382073379651379552 ) ) ;
#7908 = VECTOR ( 'NONE', #11188, 1000.000000000000000 ) ;
#7909 = MECHANICAL_DESIGN_GEOMETRIC_PRESENTATION_REPRESENTATION (  '', ( #4969 ), #2204 ) ;
#7910 =( LENGTH_UNIT ( ) NAMED_UNIT ( * ) SI_UNIT ( .MILLI., .METRE. ) );
#7911 = COLOUR_RGB ( '',1.000000000000000000, 1.000000000000000000, 1.000000000000000000 ) ;
#7912 = EDGE_LOOP ( 'NONE', ( #1472, #4716, #4306, #11953 ) ) ;
#7913 = EDGE_LOOP ( 'NONE', ( #11749, #888, #8127, #8081 ) ) ;
#7914 = APPLICATION_CONTEXT ( 'automotive_design' ) ;
#7915 = ORIENTED_EDGE ( 'NONE', *, *, #1429, .F. ) ;
#7916 = STYLED_ITEM ( 'NONE', ( #11752 ), #6711 ) ;
#7917 =( NAMED_UNIT ( * ) PLANE_ANGLE_UNIT ( ) SI_UNIT ( $, .RADIAN. ) );
#7918 = FILL_AREA_STYLE_COLOUR ( '', #10872 ) ;
#7919 = CARTESIAN_POINT ( 'NONE',  ( 0.7941487580881896324, -12.70999999999999730, 1.083854393102179570 ) ) ;
#7920 = EDGE_LOOP ( 'NONE', ( #4655, #3395, #4102, #8553 ) ) ;
#7921 = LINE ( 'NONE', #9775, #11859 ) ;
#7923 = EDGE_LOOP ( 'NONE', ( #8314, #9405, #7761, #3843, #11931, #3731, #245, #5438, #4123, #5935, #4393, #12047 ) ) ;
#7922 = CARTESIAN_POINT ( 'NONE',  ( 1.415404113091203397, -12.70999999999999730, 2.238332266187399888 ) ) ;
#7924 = CARTESIAN_POINT ( 'NONE',  ( -0.7484797774236003898, -12.69999999999999751, 1.758030191093176597 ) ) ;
#7925 = DIRECTION ( 'NONE',  ( 1.000000000000000000, -8.673617379884032317E-15, 0.000000000000000000 ) ) ;
#7926 = MECHANICAL_DESIGN_GEOMETRIC_PRESENTATION_REPRESENTATION (  '', ( #3169 ), #7347 ) ;
#7927 =( GEOMETRIC_REPRESENTATION_CONTEXT ( 3 ) GLOBAL_UNCERTAINTY_ASSIGNED_CONTEXT ( ( #9549 ) ) GLOBAL_UNIT_ASSIGNED_CONTEXT ( ( #7738, #11497, #9539 ) ) REPRESENTATION_CONTEXT ( 'NONE', 'WORKASPACE' ) );
#7928 = UNCERTAINTY_MEASURE_WITH_UNIT (LENGTH_MEASURE( 1.000000000000000082E-05 ), #9736, 'distance_accuracy_value', 'NONE');
#7929 = CARTESIAN_POINT ( 'NONE',  ( -2.136627424400495467, -12.69999999999999751, 2.731661405519053787 ) ) ;
#7930 = PRESENTATION_STYLE_ASSIGNMENT (( #485 ) ) ;
#7931 = DIRECTION ( 'NONE',  ( -0.000000000000000000, -0.000000000000000000, -1.000000000000000000 ) ) ;
#7932 = CARTESIAN_POINT ( 'NONE',  ( -0.1057617184844371061, -12.70999999999999730, 1.685527640680425820 ) ) ;
#7933 = ORIENTED_EDGE ( 'NONE', *, *, #3555, .F. ) ;
#7934 = PRESENTATION_LAYER_ASSIGNMENT (  '', '', ( #874 ) ) ;
#7935 = EDGE_CURVE ( 'NONE', #5388, #812, #10709, .T. ) ;
#7936 = EDGE_CURVE ( 'NONE', #4885, #6720, #8110, .T. ) ;
#7937 = CARTESIAN_POINT ( 'NONE',  ( 1.367228662967949537, -12.70999999999999730, 1.188176770707219276 ) ) ;
#7938 = ORIENTED_EDGE ( 'NONE', *, *, #618, .T. ) ;
#7939 = FILL_AREA_STYLE_COLOUR ( '', #7849 ) ;
#7940 = CARTESIAN_POINT ( 'NONE',  ( 0.6572472991076564464, -12.69999999999999751, 2.841045271680787465 ) ) ;
#7941 = ORIENTED_EDGE ( 'NONE', *, *, #12016, .F. ) ;
#7942 = EDGE_LOOP ( 'NONE', ( #375, #7124, #10948, #908 ) ) ;
#7943 = ADVANCED_FACE ( 'NONE', ( #3332 ), #5785, .F. ) ;
#7944 = DIRECTION ( 'NONE',  ( -1.000000000000000000, -0.000000000000000000, -0.000000000000000000 ) ) ;
#7945 = SURFACE_SIDE_STYLE ('',( #3303 ) ) ;
#7946 = DIRECTION ( 'NONE',  ( -0.000000000000000000, 1.000000000000000000, -0.000000000000000000 ) ) ;
#7947 = B_SPLINE_SURFACE_WITH_KNOTS ( 'NONE', 3, 1, ( 
 ( #5861, #9468 ),
 ( #11301, #11361 ),
 ( #10329, #2895 ),
 ( #1039, #970 ) ),
 .UNSPECIFIED., .F., .F., .F.,
 ( 4, 4 ),
 ( 2, 2 ),
 ( 13.00000000000000000, 14.00000000000000000 ),
 ( 0.000000000000000000, 1.000000000000000000 ),
 .UNSPECIFIED. ) ;
#7948 = FACE_OUTER_BOUND ( 'NONE', #1814, .T. ) ;
#7949 = B_SPLINE_CURVE_WITH_KNOTS ( 'NONE', 3,
 ( #9715, #5274, #1339, #11545 ),
 .UNSPECIFIED., .F., .F.,
 ( 4, 4 ),
 ( 34.00000000000000000, 35.00000000000000000 ),
 .UNSPECIFIED. ) ;
#7950 = ORIENTED_EDGE ( 'NONE', *, *, #3274, .T. ) ;
#7951 = EDGE_CURVE ( 'NONE', #5106, #853, #2880, .T. ) ;
#7952 = FILL_AREA_STYLE ('',( #568 ) ) ;
#7953 = CARTESIAN_POINT ( 'NONE',  ( -1.047317162782429367, -12.69999999999999751, 1.753210123538929910 ) ) ;
#7954 = CARTESIAN_POINT ( 'NONE',  ( 0.6416509303622062177, -12.69999999999999751, 1.085587322965344104 ) ) ;
#7955 = PRESENTATION_LAYER_ASSIGNMENT (  '', '', ( #5986 ) ) ;
#7956 = EDGE_LOOP ( 'NONE', ( #2864, #2465, #10032, #11697 ) ) ;
#7957 = FACE_OUTER_BOUND ( 'NONE', #5498, .T. ) ;
#7958 = CARTESIAN_POINT ( 'NONE',  ( -2.676462671523232473, -12.69999999999999751, 1.054316140560536796 ) ) ;
#7959 = SURFACE_SIDE_STYLE ('',( #1447 ) ) ;
#7960 = SURFACE_STYLE_USAGE ( .BOTH. , #10878 ) ;
#7961 = SURFACE_SIDE_STYLE ('',( #4212 ) ) ;
#7962 = AXIS2_PLACEMENT_3D ( 'NONE', #11370, #9649, #4848 ) ;
#7963 = CARTESIAN_POINT ( 'NONE',  ( 1.280582169938624615, -12.70999999999999730, 0.9985942439642949697 ) ) ;
#7964 = CARTESIAN_POINT ( 'NONE',  ( 3.081096295027299536, -12.70999999999999730, 1.629380713198598674 ) ) ;
#7965 = EDGE_CURVE ( 'NONE', #1540, #2356, #10020, .T. ) ;
#7966 = SURFACE_STYLE_USAGE ( .BOTH. , #11673 ) ;
#7967 = CARTESIAN_POINT ( 'NONE',  ( 0.9374620575545931089, -12.69999999999999751, 1.511888068654680728 ) ) ;
#7968 = ORIENTED_EDGE ( 'NONE', *, *, #4045, .T. ) ;
#7969 = SURFACE_SIDE_STYLE ('',( #10891 ) ) ;
#7970 = ORIENTED_EDGE ( 'NONE', *, *, #9331, .F. ) ;
#7971 = FACE_OUTER_BOUND ( 'NONE', #10407, .T. ) ;
#7972 = EDGE_CURVE ( 'NONE', #8999, #8280, #4528, .T. ) ;
#7973 = LINE ( 'NONE', #7048, #2160 ) ;
#7974 = FILL_AREA_STYLE_COLOUR ( '', #1048 ) ;
#7975 = ORIENTED_EDGE ( 'NONE', *, *, #2458, .F. ) ;
#7976 = CARTESIAN_POINT ( 'NONE',  ( -3.519955003823156847, -12.70999999999999730, 1.661631138320091017 ) ) ;
#7977 = EDGE_LOOP ( 'NONE', ( #9597, #10259, #3022, #6023 ) ) ;
#7978 = CARTESIAN_POINT ( 'NONE',  ( 0.4527615755650131746, -12.70999999999999730, 2.227588101050506086 ) ) ;
#7979 = CARTESIAN_POINT ( 'NONE',  ( 0.6416509303622062177, -12.69999999999999751, 1.397168111884435238 ) ) ;
#7980 = FILL_AREA_STYLE ('',( #6142 ) ) ;
#7981 = DIRECTION ( 'NONE',  ( -0.000000000000000000, 1.000000000000000000, -0.000000000000000000 ) ) ;
#7982 = EDGE_CURVE ( 'NONE', #10146, #9320, #4414, .T. ) ;
#7983 = CARTESIAN_POINT ( 'NONE',  ( 2.014131379900668151, -12.69999999999999751, 1.468564822140002502 ) ) ;
#7984 = ORIENTED_EDGE ( 'NONE', *, *, #6976, .T. ) ;
#7985 = CARTESIAN_POINT ( 'NONE',  ( 0.6499689936924909484, -12.69999999999999751, 2.242837883824259748 ) ) ;
#7986 = DIRECTION ( 'NONE',  ( -0.000000000000000000, 1.000000000000000000, -0.000000000000000000 ) ) ;
#7987 = FACE_OUTER_BOUND ( 'NONE', #4379, .T. ) ;
#7988 = ADVANCED_FACE ( 'NONE', ( #474 ), #3719, .F. ) ;
#7989 =( NAMED_UNIT ( * ) SI_UNIT ( $, .STERADIAN. ) SOLID_ANGLE_UNIT ( ) );
#7990 = CARTESIAN_POINT ( 'NONE',  ( 0.8116513496803728911, -12.70999999999999730, 1.542387634197562862 ) ) ;
#7991 = DIRECTION ( 'NONE',  ( -0.000000000000000000, 0.000000000000000000, 1.000000000000000000 ) ) ;
#7992 = ORIENTED_EDGE ( 'NONE', *, *, #8321, .T. ) ;
#7993 = FILL_AREA_STYLE_COLOUR ( '', #2283 ) ;
#7994 = SURFACE_SIDE_STYLE ('',( #493 ) ) ;
#7995 = ADVANCED_FACE ( 'NONE', ( #9172 ), #907, .F. ) ;
#7996 = STYLED_ITEM ( 'NONE', ( #5047 ), #273 ) ;
#7997 = ORIENTED_EDGE ( 'NONE', *, *, #2649, .F. ) ;
#7998 =( GEOMETRIC_REPRESENTATION_CONTEXT ( 3 ) GLOBAL_UNCERTAINTY_ASSIGNED_CONTEXT ( ( #11225 ) ) GLOBAL_UNIT_ASSIGNED_CONTEXT ( ( #8485, #1894, #3589 ) ) REPRESENTATION_CONTEXT ( 'NONE', 'WORKASPACE' ) );
#7999 = VERTEX_POINT ( 'NONE', #11983 ) ;
#8000 = CARTESIAN_POINT ( 'NONE',  ( 0.5567373671960460513, -12.70999999999999730, 1.472377267833436143 ) ) ;
#8001 = DIRECTION ( 'NONE',  ( -0.000000000000000000, -0.000000000000000000, -1.000000000000000000 ) ) ;
#8002 = CARTESIAN_POINT ( 'NONE',  ( 0.4037196605124874216, -12.69999999999999751, 1.307748931081419652 ) ) ;
#8003 = ADVANCED_FACE ( 'NONE', ( #7309 ), #11070, .F. ) ;
#8004 = MECHANICAL_DESIGN_GEOMETRIC_PRESENTATION_REPRESENTATION (  '', ( #11748 ), #9987 ) ;
#8005 = UNCERTAINTY_MEASURE_WITH_UNIT (LENGTH_MEASURE( 1.000000000000000082E-05 ), #4813, 'distance_accuracy_value', 'NONE');
#8006 = ORIENTED_EDGE ( 'NONE', *, *, #9825, .T. ) ;
#8007 =( NAMED_UNIT ( * ) SI_UNIT ( $, .STERADIAN. ) SOLID_ANGLE_UNIT ( ) );
#8008 = CARTESIAN_POINT ( 'NONE',  ( -0.1932746764407473894, -12.70999999999999730, 2.161043594408120772 ) ) ;
#8009 = CARTESIAN_POINT ( 'NONE',  ( -3.250037426229637649, -12.70999999999999730, 2.630442285191726182 ) ) ;
#8010 = UNCERTAINTY_MEASURE_WITH_UNIT (LENGTH_MEASURE( 1.000000000000000082E-05 ), #11286, 'distance_accuracy_value', 'NONE');
#8011 = ORIENTED_EDGE ( 'NONE', *, *, #3382, .F. ) ;
#8012 = CARTESIAN_POINT ( 'NONE',  ( 1.771694492416408639, -12.70999999999999730, 1.685527640680425820 ) ) ;
#8013 =( GEOMETRIC_REPRESENTATION_CONTEXT ( 3 ) GLOBAL_UNCERTAINTY_ASSIGNED_CONTEXT ( ( #7766 ) ) GLOBAL_UNIT_ASSIGNED_CONTEXT ( ( #11562, #9177, #7249 ) ) REPRESENTATION_CONTEXT ( 'NONE', 'WORKASPACE' ) );
#8014 = EDGE_CURVE ( 'NONE', #5291, #3490, #1036, .T. ) ;
#8015 = EDGE_CURVE ( 'NONE', #660, #5497, #559, .T. ) ;
#8016 = CARTESIAN_POINT ( 'NONE',  ( -3.230757569708321508, -12.69999999999999751, 1.415813300939981367 ) ) ;
#8017 =( NAMED_UNIT ( * ) SI_UNIT ( $, .STERADIAN. ) SOLID_ANGLE_UNIT ( ) );
#8018 = DIRECTION ( 'NONE',  ( -0.000000000000000000, -0.000000000000000000, 1.000000000000000000 ) ) ;
#8019 = SURFACE_STYLE_FILL_AREA ( #8971 ) ;
#8020 = CARTESIAN_POINT ( 'NONE',  ( -19.90000000000000568, 1.500000000000003109, -4.000000000000000000 ) ) ;
#8021 = AXIS2_PLACEMENT_3D ( 'NONE', #10690, #6849, #7787 ) ;
#8022 = CARTESIAN_POINT ( 'NONE',  ( 1.777586453940106948, -12.70999999999999730, 2.256008150763128217 ) ) ;
#8023 =( LENGTH_UNIT ( ) NAMED_UNIT ( * ) SI_UNIT ( .MILLI., .METRE. ) );
#8024 = FACE_OUTER_BOUND ( 'NONE', #1943, .T. ) ;
#8025 = CARTESIAN_POINT ( 'NONE',  ( -1.789590466688415260, -12.70999999999999730, 1.232654778906526971 ) ) ;
#8026 = VECTOR ( 'NONE', #7981, 1000.000000000000000 ) ;
#8027 = SURFACE_SIDE_STYLE ('',( #3394 ) ) ;
#8028 = VERTEX_POINT ( 'NONE', #2065 ) ;
#8029 = ORIENTED_EDGE ( 'NONE', *, *, #6675, .F. ) ;
#8030 = SURFACE_STYLE_FILL_AREA ( #4147 ) ;
#8031 = ORIENTED_EDGE ( 'NONE', *, *, #10158, .T. ) ;
#8032 = DIRECTION ( 'NONE',  ( 0.000000000000000000, 0.000000000000000000, 1.000000000000000000 ) ) ;
#8033 = PRESENTATION_LAYER_ASSIGNMENT (  '', '', ( #1172 ) ) ;
#8034 = DIRECTION ( 'NONE',  ( -0.000000000000000000, -0.000000000000000000, 1.000000000000000000 ) ) ;
#8035 = EDGE_CURVE ( 'NONE', #4490, #10885, #4890, .T. ) ;
#8036 = SURFACE_STYLE_USAGE ( .BOTH. , #530 ) ;
#8037 = CARTESIAN_POINT ( 'NONE',  ( -0.9268182319027946647, -12.70999999999999730, 1.300134253745478308 ) ) ;
#8038 = STYLED_ITEM ( 'NONE', ( #11851 ), #10142 ) ;
#8039 = COLOUR_RGB ( '',1.000000000000000000, 1.000000000000000000, 1.000000000000000000 ) ;
#8040 = CARTESIAN_POINT ( 'NONE',  ( 2.928251881327281758, -12.69999999999999751, 1.271010818038490697 ) ) ;
#8041 = ORIENTED_EDGE ( 'NONE', *, *, #6717, .T. ) ;
#8042 = VECTOR ( 'NONE', #7583, 1000.000000000000000 ) ;
#8043 = CARTESIAN_POINT ( 'NONE',  ( 1.060500077652813067, -12.70999999999999730, 1.559370346829860754 ) ) ;
#8044 = CARTESIAN_POINT ( 'NONE',  ( -0.7484797774236003898, -12.69999999999999751, 1.589331687860300324 ) ) ;
#8045 = FILL_AREA_STYLE_COLOUR ( '', #4692 ) ;
#8046 = B_SPLINE_SURFACE_WITH_KNOTS ( 'NONE', 3, 1, ( 
 ( #3517, #2605 ),
 ( #6384, #5568 ),
 ( #783, #4652 ),
 ( #4529, #3582 ) ),
 .UNSPECIFIED., .F., .F., .F.,
 ( 4, 4 ),
 ( 2, 2 ),
 ( 3.000000000000000000, 4.000000000000000000 ),
 ( 0.000000000000000000, 1.000000000000000000 ),
 .UNSPECIFIED. ) ;
#8047 =( GEOMETRIC_REPRESENTATION_CONTEXT ( 3 ) GLOBAL_UNCERTAINTY_ASSIGNED_CONTEXT ( ( #4311 ) ) GLOBAL_UNIT_ASSIGNED_CONTEXT ( ( #10343, #94, #1903 ) ) REPRESENTATION_CONTEXT ( 'NONE', 'WORKASPACE' ) );
#8048 = EDGE_CURVE ( 'NONE', #10469, #7045, #8650, .T. ) ;
#8049 = CARTESIAN_POINT ( 'NONE',  ( 2.626548792611196781, -12.69999999999999751, 1.673743717628395355 ) ) ;
#8050 = STYLED_ITEM ( 'NONE', ( #5038 ), #9657 ) ;
#8051 = VERTEX_POINT ( 'NONE', #10574 ) ;
#8052 = FILL_AREA_STYLE ('',( #4292 ) ) ;
#8053 = FILL_AREA_STYLE ('',( #4545 ) ) ;
#8054 = LINE ( 'NONE', #1470, #11853 ) ;
#8055 = LINE ( 'NONE', #348, #2913 ) ;
#8056 =( NAMED_UNIT ( * ) SI_UNIT ( $, .STERADIAN. ) SOLID_ANGLE_UNIT ( ) );
#8057 = VECTOR ( 'NONE', #2431, 1000.000000000000000 ) ;
#8058 =( LENGTH_UNIT ( ) NAMED_UNIT ( * ) SI_UNIT ( .MILLI., .METRE. ) );
#8059 = VERTEX_POINT ( 'NONE', #9466 ) ;
#8060 = B_SPLINE_CURVE_WITH_KNOTS ( 'NONE', 3,
 ( #8365, #8493, #2682, #8245 ),
 .UNSPECIFIED., .F., .F.,
 ( 4, 4 ),
 ( 5.000000000000000000, 6.000000000000000000 ),
 .UNSPECIFIED. ) ;
#8061 = DIRECTION ( 'NONE',  ( 1.000000000000000000, -0.000000000000000000, -0.000000000000000000 ) ) ;
#8062 = EDGE_CURVE ( 'NONE', #6935, #899, #4152, .T. ) ;
#8063 = CARTESIAN_POINT ( 'NONE',  ( 0.6995307877048746459, -12.70999999999999730, 2.189117058149032236 ) ) ;
#8064 = ORIENTED_EDGE ( 'NONE', *, *, #980, .T. ) ;
#8065 = CARTESIAN_POINT ( 'NONE',  ( -1.461833411466662014, -12.69999999999999751, 2.129166751113926281 ) ) ;
#8066 = ORIENTED_EDGE ( 'NONE', *, *, #3862, .F. ) ;
#8067 = UNCERTAINTY_MEASURE_WITH_UNIT (LENGTH_MEASURE( 1.000000000000000082E-05 ), #305, 'distance_accuracy_value', 'NONE');
#8068 =( LENGTH_UNIT ( ) NAMED_UNIT ( * ) SI_UNIT ( .MILLI., .METRE. ) );
#8069 = EDGE_CURVE ( 'NONE', #8028, #9215, #3061, .T. ) ;
#8070 = B_SPLINE_CURVE_WITH_KNOTS ( 'NONE', 3,
 ( #635, #10865, #2525, #5128 ),
 .UNSPECIFIED., .F., .F.,
 ( 4, 4 ),
 ( 19.00000000000000000, 20.00000000000000000 ),
 .UNSPECIFIED. ) ;
#8071 = SURFACE_STYLE_USAGE ( .BOTH. , #625 ) ;
#8072 = CARTESIAN_POINT ( 'NONE',  ( 1.162049767479570006, -12.70999999999999730, 0.9334360812087704184 ) ) ;
#8073 = CARTESIAN_POINT ( 'NONE',  ( 0.7567174731018385669, -12.70999999999999730, 1.102570035597664866 ) ) ;
#8074 = MECHANICAL_DESIGN_GEOMETRIC_PRESENTATION_REPRESENTATION (  '', ( #5706 ), #7090 ) ;
#8075 = FILL_AREA_STYLE_COLOUR ( '', #2560 ) ;
#8076 = SURFACE_SIDE_STYLE ('',( #9744 ) ) ;
#8077 = EDGE_LOOP ( 'NONE', ( #4803, #9456, #10305, #10052, #9797, #7070, #1571, #11925 ) ) ;
#8078 = DIRECTION ( 'NONE',  ( -0.000000000000000000, 1.000000000000000000, -0.000000000000000000 ) ) ;
#8079 = PRESENTATION_STYLE_ASSIGNMENT (( #8964 ) ) ;
#8080 = LINE ( 'NONE', #11774, #9687 ) ;
#8081 = ORIENTED_EDGE ( 'NONE', *, *, #11105, .T. ) ;
#8082 = VERTEX_POINT ( 'NONE', #5796 ) ;
#8083 = PRESENTATION_LAYER_ASSIGNMENT (  '', '', ( #1210 ) ) ;
#8084 = PRESENTATION_LAYER_ASSIGNMENT (  '', '', ( #8282 ) ) ;
#8085 = FILL_AREA_STYLE ('',( #1501 ) ) ;
#8086 = VECTOR ( 'NONE', #11254, 1000.000000000000000 ) ;
#8087 = EDGE_LOOP ( 'NONE', ( #4048, #5639, #9809, #5177, #10908, #7083, #3682, #3084, #1577, #2066, #6747, #2387 ) ) ;
#8088 = FACE_OUTER_BOUND ( 'NONE', #10703, .T. ) ;
#8089 =( NAMED_UNIT ( * ) PLANE_ANGLE_UNIT ( ) SI_UNIT ( $, .RADIAN. ) );
#8090 = DIRECTION ( 'NONE',  ( -1.000000000000000000, -0.000000000000000000, -0.000000000000000000 ) ) ;
#8091 = EDGE_CURVE ( 'NONE', #149, #10076, #3006, .T. ) ;
#8092 = STYLED_ITEM ( 'NONE', ( #4085 ), #3611 ) ;
#8093 =( NAMED_UNIT ( * ) SI_UNIT ( $, .STERADIAN. ) SOLID_ANGLE_UNIT ( ) );
#8094 = DIRECTION ( 'NONE',  ( -1.000000000000000000, 0.000000000000000000, -0.000000000000000000 ) ) ;
#8095 = STYLED_ITEM ( 'NONE', ( #1904 ), #7795 ) ;
#8096 = STYLED_ITEM ( 'NONE', ( #6069 ), #4411 ) ;
#8097 = ORIENTED_EDGE ( 'NONE', *, *, #10810, .F. ) ;
#8098 =( LENGTH_UNIT ( ) NAMED_UNIT ( * ) SI_UNIT ( .MILLI., .METRE. ) );
#8099 = ORIENTED_EDGE ( 'NONE', *, *, #2972, .F. ) ;
#8100 = VECTOR ( 'NONE', #2290, 1000.000000000000000 ) ;
#8102 =( GEOMETRIC_REPRESENTATION_CONTEXT ( 3 ) GLOBAL_UNCERTAINTY_ASSIGNED_CONTEXT ( ( #3986 ) ) GLOBAL_UNIT_ASSIGNED_CONTEXT ( ( #6125, #1515, #11731 ) ) REPRESENTATION_CONTEXT ( 'NONE', 'WORKASPACE' ) );
#8101 = DIRECTION ( 'NONE',  ( 0.000000000000000000, -0.000000000000000000, 1.000000000000000000 ) ) ;
#8103 = ORIENTED_EDGE ( 'NONE', *, *, #4621, .F. ) ;
#8104 =( NAMED_UNIT ( * ) PLANE_ANGLE_UNIT ( ) SI_UNIT ( $, .RADIAN. ) );
#8105 = ADVANCED_FACE ( 'NONE', ( #319 ), #6664, .F. ) ;
#8106 = STYLED_ITEM ( 'NONE', ( #1889 ), #3647 ) ;
#8107 = CARTESIAN_POINT ( 'NONE',  ( 0.4132507747437730306, -12.70999999999999730, 1.373253679813293271 ) ) ;
#8108 = EDGE_LOOP ( 'NONE', ( #1002, #7174, #1437, #6940, #11130, #8624, #11399, #7390 ) ) ;
#8109 =( NAMED_UNIT ( * ) SI_UNIT ( $, .STERADIAN. ) SOLID_ANGLE_UNIT ( ) );
#8110 = LINE ( 'NONE', #8037, #3957 ) ;
#8111 =( GEOMETRIC_REPRESENTATION_CONTEXT ( 3 ) GLOBAL_UNCERTAINTY_ASSIGNED_CONTEXT ( ( #10246 ) ) GLOBAL_UNIT_ASSIGNED_CONTEXT ( ( #2409, #10733, #10932 ) ) REPRESENTATION_CONTEXT ( 'NONE', 'WORKASPACE' ) );
#8112 = ORIENTED_EDGE ( 'NONE', *, *, #4814, .T. ) ;
#8114 = ORIENTED_EDGE ( 'NONE', *, *, #6870, .F. ) ;
#8113 = SURFACE_SIDE_STYLE ('',( #602 ) ) ;
#8115 = CARTESIAN_POINT ( 'NONE',  ( 0.2898661686738288057, -12.69999999999999751, 2.750586332958024460 ) ) ;
#8116 = CARTESIAN_POINT ( 'NONE',  ( 0.1642287537877698267, -12.70999999999999730, 2.238332266187399888 ) ) ;
#8117 = CARTESIAN_POINT ( 'NONE',  ( 1.199827638437622745, -12.70999999999999730, 2.161043594408120772 ) ) ;
#8118 = EDGE_CURVE ( 'NONE', #812, #3086, #12010, .T. ) ;
#8119 = FILL_AREA_STYLE ('',( #6015 ) ) ;
#8120 = B_SPLINE_CURVE_WITH_KNOTS ( 'NONE', 3,
 ( #1363, #10974, #8953, #9134 ),
 .UNSPECIFIED., .F., .F.,
 ( 4, 4 ),
 ( 0.000000000000000000, 1.000000000000000000 ),
 .UNSPECIFIED. ) ;
#8121 = VERTEX_POINT ( 'NONE', #5746 ) ;
#8122 = FILL_AREA_STYLE ('',( #3350 ) ) ;
#8123 = SURFACE_SIDE_STYLE ('',( #2206 ) ) ;
#8124 = CARTESIAN_POINT ( 'NONE',  ( 0.8480428767515778565, -12.69999999999999751, 1.568034996136494330 ) ) ;
#8125 = PRESENTATION_LAYER_ASSIGNMENT (  '', '', ( #6547 ) ) ;
#8126 = SURFACE_STYLE_USAGE ( .BOTH. , #4367 ) ;
#8127 = ORIENTED_EDGE ( 'NONE', *, *, #10289, .F. ) ;
#8128 = EDGE_CURVE ( 'NONE', #667, #995, #4840, .T. ) ;
#8129 = FILL_AREA_STYLE ('',( #4373 ) ) ;
#8130 = LINE ( 'NONE', #7155, #4547 ) ;
#8131 = CARTESIAN_POINT ( 'NONE',  ( -1.196735763529605867, -12.69999999999999751, 1.097696013090813549 ) ) ;
#8132 =( GEOMETRIC_REPRESENTATION_CONTEXT ( 3 ) GLOBAL_UNCERTAINTY_ASSIGNED_CONTEXT ( ( #7570 ) ) GLOBAL_UNIT_ASSIGNED_CONTEXT ( ( #6316, #1648, #11178 ) ) REPRESENTATION_CONTEXT ( 'NONE', 'WORKASPACE' ) );
#8133 = UNCERTAINTY_MEASURE_WITH_UNIT (LENGTH_MEASURE( 1.000000000000000082E-05 ), #5300, 'distance_accuracy_value', 'NONE');
#8134 = EDGE_CURVE ( 'NONE', #8752, #4050, #3888, .T. ) ;
#8135 = SURFACE_STYLE_FILL_AREA ( #4387 ) ;
#8136 = CARTESIAN_POINT ( 'NONE',  ( 2.269218655370840665, -12.70999999999999730, 2.838965755845903161 ) ) ;
#8137 = CARTESIAN_POINT ( 'NONE',  ( 0.8705709649381874193, -12.70999999999999730, 1.493865598102612102 ) ) ;
#8138 =( NAMED_UNIT ( * ) SI_UNIT ( $, .STERADIAN. ) SOLID_ANGLE_UNIT ( ) );
#8139 = ORIENTED_EDGE ( 'NONE', *, *, #9600, .T. ) ;
#8140 = COLOUR_RGB ( '',1.000000000000000000, 1.000000000000000000, 1.000000000000000000 ) ;
#8141 = DIRECTION ( 'NONE',  ( 0.3315284183576419630, -0.000000000000000000, 0.9434452330799495412 ) ) ;
#8142 = UNCERTAINTY_MEASURE_WITH_UNIT (LENGTH_MEASURE( 1.000000000000000082E-05 ), #1304, 'distance_accuracy_value', 'NONE');
#8143 = CARTESIAN_POINT ( 'NONE',  ( -2.512584051977802435, -12.69999999999999751, 0.7651190741792978089 ) ) ;
#8144 = ORIENTED_EDGE ( 'NONE', *, *, #3371, .T. ) ;
#8145 = EDGE_CURVE ( 'NONE', #7153, #4299, #6530, .T. ) ;
#8146 = CARTESIAN_POINT ( 'NONE',  ( 0.9457801208848780616, -12.70999999999999730, 1.360083412869804054 ) ) ;
#8147 = ADVANCED_FACE ( 'NONE', ( #5202 ), #191, .F. ) ;
#8148 = CARTESIAN_POINT ( 'NONE',  ( 1.145413640818973677, -12.69999999999999751, 0.8644654727597896882 ) ) ;
#8149 =( LENGTH_UNIT ( ) NAMED_UNIT ( * ) SI_UNIT ( .MILLI., .METRE. ) );
#8150 = ORIENTED_EDGE ( 'NONE', *, *, #3115, .F. ) ;
#8151 = FILL_AREA_STYLE_COLOUR ( '', #7300 ) ;
#8152 = CARTESIAN_POINT ( 'NONE',  ( 0.2789487105533901556, -12.70999999999999730, 2.242144711880838415 ) ) ;
#8153 = DIRECTION ( 'NONE',  ( -0.9910683662997866739, 0.000000000000000000, -0.1333547648937668251 ) ) ;
#8154 =( NAMED_UNIT ( * ) PLANE_ANGLE_UNIT ( ) SI_UNIT ( $, .RADIAN. ) );
#8155 = VERTEX_POINT ( 'NONE', #7107 ) ;
#8156 = ORIENTED_EDGE ( 'NONE', *, *, #1255, .F. ) ;
#8157 = SURFACE_STYLE_USAGE ( .BOTH. , #8027 ) ;
#8158 = EDGE_LOOP ( 'NONE', ( #4053, #5780, #5248, #5481 ) ) ;
#8159 = VERTEX_POINT ( 'NONE', #1381 ) ;
#8160 = ORIENTED_EDGE ( 'NONE', *, *, #10129, .T. ) ;
#8161 = EDGE_CURVE ( 'NONE', #6418, #10777, #6999, .T. ) ;
#8162 = SURFACE_SIDE_STYLE ('',( #12042 ) ) ;
#8163 = VECTOR ( 'NONE', #6540, 1000.000000000000000 ) ;
#8164 = FACE_OUTER_BOUND ( 'NONE', #7340, .T. ) ;
#8165 = CARTESIAN_POINT ( 'NONE',  ( 2.728791654385999799, -12.69999999999999751, 1.328197503435454507 ) ) ;
#8166 = VERTEX_POINT ( 'NONE', #9824 ) ;
#8167 =( NAMED_UNIT ( * ) SI_UNIT ( $, .STERADIAN. ) SOLID_ANGLE_UNIT ( ) );
#8168 = ORIENTED_EDGE ( 'NONE', *, *, #739, .T. ) ;
#8169 = FILL_AREA_STYLE_COLOUR ( '', #6528 ) ;
#8170 = EDGE_CURVE ( 'NONE', #11253, #11295, #8189, .T. ) ;
#8172 = ORIENTED_EDGE ( 'NONE', *, *, #4371, .F. ) ;
#8171 = CARTESIAN_POINT ( 'NONE',  ( 2.766396232353575790, -12.70999999999999730, 1.085587322965344104 ) ) ;
#8173 = CARTESIAN_POINT ( 'NONE',  ( 1.592682837819911379, -12.70999999999999730, 1.569767925995061653 ) ) ;
#8174 = CARTESIAN_POINT ( 'NONE',  ( 0.5446068581723050306, -12.69999999999999751, 1.209318515004675687 ) ) ;
#8175 = CARTESIAN_POINT ( 'NONE',  ( -3.751313098209840380, -12.69999999999999751, 1.468832573111563677 ) ) ;
#8176 = VECTOR ( 'NONE', #9069, 1000.000000000000000 ) ;
#8177 = LINE ( 'NONE', #4425, #3216 ) ;
#8178 = ORIENTED_EDGE ( 'NONE', *, *, #11571, .F. ) ;
#8179 = ADVANCED_FACE ( 'NONE', ( #9022 ), #4517, .T. ) ;
#8180 = PRESENTATION_STYLE_ASSIGNMENT (( #3414 ) ) ;
#8181 = ORIENTED_EDGE ( 'NONE', *, *, #3886, .F. ) ;
#8182 = DIRECTION ( 'NONE',  ( -1.000000000000000000, -0.000000000000000000, -0.000000000000000000 ) ) ;
#8183 = LINE ( 'NONE', #2736, #4103 ) ;
#8184 = CARTESIAN_POINT ( 'NONE',  ( 2.014131379900668151, -12.70999999999999730, 2.161043594408120772 ) ) ;
#8185 = ORIENTED_EDGE ( 'NONE', *, *, #9369, .T. ) ;
#8186 = DIRECTION ( 'NONE',  ( -0.000000000000000000, 1.000000000000000000, -0.000000000000000000 ) ) ;
#8187 = CARTESIAN_POINT ( 'NONE',  ( 0.5567373671960460513, -12.70999999999999730, 1.393355666195626119 ) ) ;
#8188 = PLANE ( 'NONE',  #1477 ) ;
#8189 = B_SPLINE_CURVE_WITH_KNOTS ( 'NONE', 3,
 ( #646, #4208, #5317, #6905 ),
 .UNSPECIFIED., .F., .F.,
 ( 4, 4 ),
 ( 14.00000000000000000, 15.00000000000000000 ),
 .UNSPECIFIED. ) ;
#8190 = CARTESIAN_POINT ( 'NONE',  ( 0.3763393687149931277, -12.69999999999999751, 1.298044523864265276 ) ) ;
#8191 = CARTESIAN_POINT ( 'NONE',  ( 0.6995307877048747569, -12.70999999999999730, 2.822676215157017054 ) ) ;
#8192 =( NAMED_UNIT ( * ) SI_UNIT ( $, .STERADIAN. ) SOLID_ANGLE_UNIT ( ) );
#8193 = CARTESIAN_POINT ( 'NONE',  ( 0.3477460260165245454, -12.70999999999999730, 1.492132668244072313 ) ) ;
#8194 = EDGE_CURVE ( 'NONE', #8420, #11148, #4705, .T. ) ;
#8195 = DIRECTION ( 'NONE',  ( -0.000000000000000000, 1.000000000000000000, -0.000000000000000000 ) ) ;
#8196 = CARTESIAN_POINT ( 'NONE',  ( 1.684181534457815488, -12.69999999999999751, 1.085587322965344104 ) ) ;
#8197 = CARTESIAN_POINT ( 'NONE',  ( 2.447537138019319602, -12.70999999999999730, 1.685527640680426043 ) ) ;
#8198 = CARTESIAN_POINT ( 'NONE',  ( 0.9227321537406988350, -12.70999999999999730, 2.238332266187399888 ) ) ;
#8199 = ORIENTED_EDGE ( 'NONE', *, *, #9688, .T. ) ;
#8200 = ORIENTED_EDGE ( 'NONE', *, *, #3605, .F. ) ;
#8201 = CARTESIAN_POINT ( 'NONE',  ( -1.047317162782429367, -12.70999999999999730, 1.960468247881045567 ) ) ;
#8202 = CARTESIAN_POINT ( 'NONE',  ( -3.303056928237034118, -12.70999999999999730, 2.341245126877084637 ) ) ;
#8203 = ORIENTED_EDGE ( 'NONE', *, *, #3584, .F. ) ;
#8204 = CARTESIAN_POINT ( 'NONE',  ( 2.562430387770791018, -12.70999999999999730, 1.621755821811721843 ) ) ;
#8205 = CARTESIAN_POINT ( 'NONE',  ( 18.59999999999999432, -9.249999999999994671, -4.000000000000000000 ) ) ;
#8206 =( NAMED_UNIT ( * ) PLANE_ANGLE_UNIT ( ) SI_UNIT ( $, .RADIAN. ) );
#8207 = PRESENTATION_LAYER_ASSIGNMENT (  '', '', ( #10972 ) ) ;
#8208 = FILL_AREA_STYLE ('',( #2531 ) ) ;
#8209 = DIRECTION ( 'NONE',  ( -1.000000000000000000, 0.000000000000000000, -0.000000000000000000 ) ) ;
#8210 = CARTESIAN_POINT ( 'NONE',  ( 0.9631094194912107609, -12.69999999999999751, 1.143467180305729691 ) ) ;
#8211 = CARTESIAN_POINT ( 'NONE',  ( 0.2789487105533901556, -12.69999999999999751, 2.242144711880838415 ) ) ;
#8212 = DIRECTION ( 'NONE',  ( 0.3667976789509241886, -0.000000000000000000, 0.9303007377811837175 ) ) ;
#8213 = EDGE_CURVE ( 'NONE', #6200, #11903, #7532, .T. ) ;
#8214 = DIRECTION ( 'NONE',  ( -0.3559357243643089808, -0.000000000000000000, 0.9345104387438668558 ) ) ;
#8215 = LINE ( 'NONE', #11059, #5312 ) ;
#8216 = VERTEX_POINT ( 'NONE', #3633 ) ;
#8217 = CARTESIAN_POINT ( 'NONE',  ( 0.5544845583776227826, -12.69999999999999751, 1.160449892938022920 ) ) ;
#8218 = VERTEX_POINT ( 'NONE', #714 ) ;
#8219 = CARTESIAN_POINT ( 'NONE',  ( 2.014131379900668151, -12.70999999999999730, 1.390929564389012718 ) ) ;
#8220 = B_SPLINE_CURVE_WITH_KNOTS ( 'NONE', 3,
 ( #5866, #7786, #2238, #4074 ),
 .UNSPECIFIED., .F., .F.,
 ( 4, 4 ),
 ( 28.00000000000000000, 29.00000000000000000 ),
 .UNSPECIFIED. ) ;
#8221 = CARTESIAN_POINT ( 'NONE',  ( -2.777681607981459244, -12.70999999999999730, 1.733930496851108449 ) ) ;
#8222 = EDGE_CURVE ( 'NONE', #5472, #5216, #9334, .T. ) ;
#8223 = B_SPLINE_SURFACE_WITH_KNOTS ( 'NONE', 3, 1, ( 
 ( #2669, #12103 ),
 ( #10333, #1707 ),
 ( #10269, #5446 ),
 ( #9409, #9353 ) ),
 .UNSPECIFIED., .F., .F., .F.,
 ( 4, 4 ),
 ( 2, 2 ),
 ( 19.00000000000000000, 20.00000000000000000 ),
 ( 0.000000000000000000, 1.000000000000000000 ),
 .UNSPECIFIED. ) ;
#8224 = PRESENTATION_LAYER_ASSIGNMENT (  '', '', ( #7631 ) ) ;
#8225 = CARTESIAN_POINT ( 'NONE',  ( -1.278674889433214945, -12.69999999999999751, 2.534043140485237711 ) ) ;
#8226 =( NAMED_UNIT ( * ) PLANE_ANGLE_UNIT ( ) SI_UNIT ( $, .RADIAN. ) );
#8227 = DIRECTION ( 'NONE',  ( 0.000000000000000000, -0.000000000000000000, -1.000000000000000000 ) ) ;
#8228 = ORIENTED_EDGE ( 'NONE', *, *, #10609, .F. ) ;
#8229 = CARTESIAN_POINT ( 'NONE',  ( 1.280582169938624615, -12.69999999999999751, 0.9985942439642949697 ) ) ;
#8231 = ORIENTED_EDGE ( 'NONE', *, *, #651, .T. ) ;
#8230 = CARTESIAN_POINT ( 'NONE',  ( -1.437733625291194750, -12.70999999999999730, 2.129166751113926281 ) ) ;
#8232 = COLOUR_RGB ( '',1.000000000000000000, 1.000000000000000000, 1.000000000000000000 ) ;
#8233 =( NAMED_UNIT ( * ) SI_UNIT ( $, .STERADIAN. ) SOLID_ANGLE_UNIT ( ) );
#8234 = CARTESIAN_POINT ( 'NONE',  ( -0.1057617184844371061, -12.70999999999999730, 1.390929564389012718 ) ) ;
#8235 =( LENGTH_UNIT ( ) NAMED_UNIT ( * ) SI_UNIT ( .MILLI., .METRE. ) );
#8236 = CARTESIAN_POINT ( 'NONE',  ( 3.024602781573766830, -12.69999999999999751, 1.763509484403121608 ) ) ;
#8237 = VECTOR ( 'NONE', #6987, 1000.000000000000000 ) ;
#8238 = DIRECTION ( 'NONE',  ( -1.000000000000000000, 0.000000000000000000, 0.000000000000000000 ) ) ;
#8239 = SURFACE_STYLE_USAGE ( .BOTH. , #9973 ) ;
#8240 = STYLED_ITEM ( 'NONE', ( #6272 ), #10311 ) ;
#8241 = PLANE ( 'NONE',  #1441 ) ;
#8242 = COLOUR_RGB ( '',0.2509803921568627416, 0.2509803921568627416, 0.2509803921568627416 ) ;
#8243 = STYLED_ITEM ( 'NONE', ( #5479 ), #11358 ) ;
#8244 = SURFACE_SIDE_STYLE ('',( #10151 ) ) ;
#8245 = CARTESIAN_POINT ( 'NONE',  ( 0.7813250771210221712, -12.70999999999999730, 1.362509514676395028 ) ) ;
#8246 = VERTEX_POINT ( 'NONE', #3696 ) ;
#8247 = CARTESIAN_POINT ( 'NONE',  ( -0.1057617184844371061, -12.69999999999999751, 1.468564822140002502 ) ) ;
#8248 = ORIENTED_EDGE ( 'NONE', *, *, #10675, .F. ) ;
#8249 = PLANE ( 'NONE',  #1135 ) ;
#8250 = PRESENTATION_LAYER_ASSIGNMENT (  '', '', ( #1365 ) ) ;
#8251 = EDGE_CURVE ( 'NONE', #11148, #7045, #4817, .T. ) ;
#8252 = PRESENTATION_LAYER_ASSIGNMENT (  '', '', ( #1763 ) ) ;
#8253 = VECTOR ( 'NONE', #3512, 1000.000000000000000 ) ;
#8254 = VECTOR ( 'NONE', #6894, 1000.000000000000000 ) ;
#8255 = CARTESIAN_POINT ( 'NONE',  ( 0.6995307877048747569, -12.70999999999999730, 2.822676215157017054 ) ) ;
#8256 = ORIENTED_EDGE ( 'NONE', *, *, #11072, .F. ) ;
#8257 = LINE ( 'NONE', #1858, #8766 ) ;
#8258 = CIRCLE ( 'NONE', #4916, 0.6500000000000012434 ) ;
#8259 = FILL_AREA_STYLE ('',( #5413 ) ) ;
#8260 = CARTESIAN_POINT ( 'NONE',  ( -2.931920276282881765, -12.70999999999999730, 2.620802379916723268 ) ) ;
#8261 = AXIS2_PLACEMENT_3D ( 'NONE', #5620, #11233, #72 ) ;
#8262 = UNCERTAINTY_MEASURE_WITH_UNIT (LENGTH_MEASURE( 1.000000000000000082E-05 ), #10133, 'distance_accuracy_value', 'NONE');
#8263 = FILL_AREA_STYLE_COLOUR ( '', #6261 ) ;
#8264 = PLANE ( 'NONE',  #8716 ) ;
#8265 = CARTESIAN_POINT ( 'NONE',  ( -1.047317162782429367, -12.69999999999999751, 1.960468247881045567 ) ) ;
#8266 = SURFACE_STYLE_FILL_AREA ( #756 ) ;
#8267 = VERTEX_POINT ( 'NONE', #9204 ) ;
#8268 =( NAMED_UNIT ( * ) PLANE_ANGLE_UNIT ( ) SI_UNIT ( $, .RADIAN. ) );
#8269 = ORIENTED_EDGE ( 'NONE', *, *, #2155, .F. ) ;
#8270 = PRESENTATION_STYLE_ASSIGNMENT (( #11959 ) ) ;
#8271 = ADVANCED_FACE ( 'NONE', ( #12030 ), #6489, .F. ) ;
#8272 = SURFACE_SIDE_STYLE ('',( #8849 ) ) ;
#8273 = PRESENTATION_STYLE_ASSIGNMENT (( #1633 ) ) ;
#8274 = FILL_AREA_STYLE_COLOUR ( '', #3159 ) ;
#8275 =( NAMED_UNIT ( * ) SI_UNIT ( $, .STERADIAN. ) SOLID_ANGLE_UNIT ( ) );
#8276 = DIRECTION ( 'NONE',  ( -0.000000000000000000, 1.000000000000000000, -0.000000000000000000 ) ) ;
#8277 = ADVANCED_FACE ( 'NONE', ( #1871 ), #10336, .F. ) ;
#8278 = CARTESIAN_POINT ( 'NONE',  ( 0.6036997664159702293, -12.70999999999999730, 2.850403092926218296 ) ) ;
#8279 = CARTESIAN_POINT ( 'NONE',  ( -22.04999999999999005, -12.69999999999999574, 20.69999999999999929 ) ) ;
#8280 = VERTEX_POINT ( 'NONE', #9516 ) ;
#8281 = CARTESIAN_POINT ( 'NONE',  ( 0.9227321537406988350, -12.70999999999999730, 2.544021093582787607 ) ) ;
#8282 = STYLED_ITEM ( 'NONE', ( #8617 ), #9428 ) ;
#8283 = CARTESIAN_POINT ( 'NONE',  ( 0.7572373520594096741, -12.69999999999999751, 1.409298620908180810 ) ) ;
#8284 =( GEOMETRIC_REPRESENTATION_CONTEXT ( 3 ) GLOBAL_UNCERTAINTY_ASSIGNED_CONTEXT ( ( #10042 ) ) GLOBAL_UNIT_ASSIGNED_CONTEXT ( ( #2870, #759, #9383 ) ) REPRESENTATION_CONTEXT ( 'NONE', 'WORKASPACE' ) );
#8285 = VERTEX_POINT ( 'NONE', #62 ) ;
#8286 = CARTESIAN_POINT ( 'NONE',  ( -3.172918229980178584, -12.70999999999999730, 0.9000778399903864857 ) ) ;
#8287 = EDGE_CURVE ( 'NONE', #1674, #2929, #10372, .T. ) ;
#8288 = SURFACE_SIDE_STYLE ('',( #8477 ) ) ;
#8289 = VECTOR ( 'NONE', #4551, 1000.000000000000000 ) ;
#8290 =( GEOMETRIC_REPRESENTATION_CONTEXT ( 3 ) GLOBAL_UNCERTAINTY_ASSIGNED_CONTEXT ( ( #8438 ) ) GLOBAL_UNIT_ASSIGNED_CONTEXT ( ( #4981, #5031, #8734 ) ) REPRESENTATION_CONTEXT ( 'NONE', 'WORKASPACE' ) );
#8291 = VERTEX_POINT ( 'NONE', #4878 ) ;
#8292 = DIRECTION ( 'NONE',  ( 1.000000000000000000, 0.000000000000000000, -0.000000000000000000 ) ) ;
#8293 = ORIENTED_EDGE ( 'NONE', *, *, #8732, .F. ) ;
#8294 = LINE ( 'NONE', #12052, #6043 ) ;
#8295 = MECHANICAL_DESIGN_GEOMETRIC_PRESENTATION_REPRESENTATION (  '', ( #10467 ), #12029 ) ;
#8296 = CARTESIAN_POINT ( 'NONE',  ( 1.521286127568936886, -12.69999999999999751, 2.838965755845903161 ) ) ;
#8297 =( GEOMETRIC_REPRESENTATION_CONTEXT ( 3 ) GLOBAL_UNCERTAINTY_ASSIGNED_CONTEXT ( ( #5599 ) ) GLOBAL_UNIT_ASSIGNED_CONTEXT ( ( #10962, #8996, #9120 ) ) REPRESENTATION_CONTEXT ( 'NONE', 'WORKASPACE' ) );
#8298 = MECHANICAL_DESIGN_GEOMETRIC_PRESENTATION_REPRESENTATION (  '', ( #11240 ), #5532 ) ;
#8299 = AXIS2_PLACEMENT_3D ( 'NONE', #2117, #2008, #5017 ) ;
#8300 = ORIENTED_EDGE ( 'NONE', *, *, #4276, .F. ) ;
#8301 =( NAMED_UNIT ( * ) PLANE_ANGLE_UNIT ( ) SI_UNIT ( $, .RADIAN. ) );
#8302 = VECTOR ( 'NONE', #6930, 1000.000000000000000 ) ;
#8303 = EDGE_LOOP ( 'NONE', ( #9719, #4417, #4368, #1759 ) ) ;
#8304 = CARTESIAN_POINT ( 'NONE',  ( -0.1932746764407473894, -12.69999999999999751, 2.838965755845903161 ) ) ;
#8305 = VECTOR ( 'NONE', #9901, 1000.000000000000000 ) ;
#8306 = LINE ( 'NONE', #2561, #3306 ) ;
#8307 = DIRECTION ( 'NONE',  ( -0.000000000000000000, 1.000000000000000000, -0.000000000000000000 ) ) ;
#8308 = VERTEX_POINT ( 'NONE', #9623 ) ;
#8309 = FACE_OUTER_BOUND ( 'NONE', #11038, .T. ) ;
#8310 = ORIENTED_EDGE ( 'NONE', *, *, #6675, .T. ) ;
#8311 = PRESENTATION_STYLE_ASSIGNMENT (( #3733 ) ) ;
#8312 = PRESENTATION_LAYER_ASSIGNMENT (  '', '', ( #5549 ) ) ;
#8313 = ORIENTED_EDGE ( 'NONE', *, *, #2042, .T. ) ;
#8314 = ORIENTED_EDGE ( 'NONE', *, *, #1293, .T. ) ;
#8315 = UNCERTAINTY_MEASURE_WITH_UNIT (LENGTH_MEASURE( 1.000000000000000082E-05 ), #5694, 'distance_accuracy_value', 'NONE');
#8316 = SURFACE_STYLE_FILL_AREA ( #4561 ) ;
#8317 = COLOUR_RGB ( '',0.2509803921568627416, 0.2509803921568627416, 0.2509803921568627416 ) ;
#8318 = EDGE_CURVE ( 'NONE', #6978, #6626, #5736, .T. ) ;
#8319 = SURFACE_STYLE_USAGE ( .BOTH. , #12122 ) ;
#8320 = SURFACE_SIDE_STYLE ('',( #10417 ) ) ;
#8321 = EDGE_CURVE ( 'NONE', #5628, #2967, #3872, .T. ) ;
#8322 = ORIENTED_EDGE ( 'NONE', *, *, #8615, .F. ) ;
#8323 = CARTESIAN_POINT ( 'NONE',  ( 3.070525422880872490, -12.69999999999999751, 1.676862991373792022 ) ) ;
#8324 = VECTOR ( 'NONE', #6401, 1000.000000000000000 ) ;
#8325 = CARTESIAN_POINT ( 'NONE',  ( -1.047317162782429367, -12.70999999999999730, 1.753210123538929910 ) ) ;
#8326 = CARTESIAN_POINT ( 'NONE',  ( -1.196735763529605867, -12.69999999999999751, 1.097696013090813549 ) ) ;
#8327 =( NAMED_UNIT ( * ) PLANE_ANGLE_UNIT ( ) SI_UNIT ( $, .RADIAN. ) );
#8328 = ORIENTED_EDGE ( 'NONE', *, *, #4642, .F. ) ;
#8329 = ORIENTED_EDGE ( 'NONE', *, *, #7965, .T. ) ;
#8330 = FILL_AREA_STYLE ('',( #4578 ) ) ;
#8332 = MECHANICAL_DESIGN_GEOMETRIC_PRESENTATION_REPRESENTATION (  '', ( #9916 ), #11275 ) ;
#8331 =( NAMED_UNIT ( * ) PLANE_ANGLE_UNIT ( ) SI_UNIT ( $, .RADIAN. ) );
#8333 = SURFACE_SIDE_STYLE ('',( #4699 ) ) ;
#8334 = CARTESIAN_POINT ( 'NONE',  ( 0.9031500463159627401, -12.70999999999999730, 1.376719539530404823 ) ) ;
#8335 = EDGE_CURVE ( 'NONE', #4318, #8246, #2936, .T. ) ;
#8336 = CARTESIAN_POINT ( 'NONE',  ( -2.782501583604617412, -12.69999999999999751, 2.268945768346066316 ) ) ;
#8337 = DIRECTION ( 'NONE',  ( -0.000000000000000000, 1.000000000000000000, -0.000000000000000000 ) ) ;
#8338 = CARTESIAN_POINT ( 'NONE',  ( 0.3763393687149931277, -12.69999999999999751, 1.298044523864265276 ) ) ;
#8339 = CARTESIAN_POINT ( 'NONE',  ( 2.370248466240027163, -12.70999999999999730, 1.763509484403121608 ) ) ;
#8340 = ADVANCED_FACE ( 'NONE', ( #4770 ), #8464, .F. ) ;
#8341 = CARTESIAN_POINT ( 'NONE',  ( 1.349379485401759116, -12.70999999999999730, 1.205852655282966035 ) ) ;
#8342 =( NAMED_UNIT ( * ) PLANE_ANGLE_UNIT ( ) SI_UNIT ( $, .RADIAN. ) );
#8343 = CARTESIAN_POINT ( 'NONE',  ( -22.85000000000000142, 11.89999999999999503, 21.50000000000000000 ) ) ;
#8344 = CARTESIAN_POINT ( 'NONE',  ( 1.514354408125495155, -12.70999999999999730, 2.161043594408120772 ) ) ;
#8345 = SURFACE_STYLE_USAGE ( .BOTH. , #7597 ) ;
#8346 = ORIENTED_EDGE ( 'NONE', *, *, #6611, .T. ) ;
#8347 = SURFACE_STYLE_USAGE ( .BOTH. , #1647 ) ;
#8348 = CARTESIAN_POINT ( 'NONE',  ( -2.777681699914856583, -12.70999999999999730, 0.7651190741792978089 ) ) ;
#8349 = ORIENTED_EDGE ( 'NONE', *, *, #7982, .T. ) ;
#8350 = ORIENTED_EDGE ( 'NONE', *, *, #9538, .F. ) ;
#8351 = CARTESIAN_POINT ( 'NONE',  ( 0.3612628789294233811, -12.70999999999999730, 1.283487913033960037 ) ) ;
#8352 =( NAMED_UNIT ( * ) PLANE_ANGLE_UNIT ( ) SI_UNIT ( $, .RADIAN. ) );
#8353 = CARTESIAN_POINT ( 'NONE',  ( 22.84999999999999787, -11.89999999999999680, 20.69999999999999929 ) ) ;
#8354 = CARTESIAN_POINT ( 'NONE',  ( -1.611252196078322374, -12.70999999999999730, 1.377253495963937757 ) ) ;
#8355 = CARTESIAN_POINT ( 'NONE',  ( 2.470585105165786111, -12.69999999999999751, 1.085587322965344104 ) ) ;
#8356 =( LENGTH_UNIT ( ) NAMED_UNIT ( * ) SI_UNIT ( .MILLI., .METRE. ) );
#8357 = STYLED_ITEM ( 'NONE', ( #1565 ), #188 ) ;
#8358 = CARTESIAN_POINT ( 'NONE',  ( -3.597074337972709479, -12.69999999999999751, 2.399084328707441038 ) ) ;
#8359 = ORIENTED_EDGE ( 'NONE', *, *, #5417, .T. ) ;
#8360 = EDGE_CURVE ( 'NONE', #6972, #3270, #6714, .T. ) ;
#8361 = CARTESIAN_POINT ( 'NONE',  ( 1.127911049226790752, -12.70999999999999730, 1.569767925995061653 ) ) ;
#8362 = PRESENTATION_LAYER_ASSIGNMENT (  '', '', ( #1284 ) ) ;
#8363 = CARTESIAN_POINT ( 'NONE',  ( -1.900449446328667413, -12.69999999999999751, 3.020858839633884685 ) ) ;
#8364 = CARTESIAN_POINT ( 'NONE',  ( 2.208392817266298991, -12.70999999999999730, 2.704836984641384667 ) ) ;
#8365 = CARTESIAN_POINT ( 'NONE',  ( 0.7572373520594096741, -12.70999999999999730, 1.439105014512265912 ) ) ;
#8366 = ORIENTED_EDGE ( 'NONE', *, *, #8410, .F. ) ;
#8367 = CARTESIAN_POINT ( 'NONE',  ( 0.6499689936924909484, -12.70999999999999730, 2.242837883824259748 ) ) ;
#8368 = ORIENTED_EDGE ( 'NONE', *, *, #4542, .F. ) ;
#8369 = LINE ( 'NONE', #12114, #4433 ) ;
#8370 = CARTESIAN_POINT ( 'NONE',  ( 0.9601634387270491233, -12.70999999999999730, 1.267198372345056390 ) ) ;
#8371 = PRESENTATION_LAYER_ASSIGNMENT (  '', '', ( #712 ) ) ;
#8372 = CYLINDRICAL_SURFACE ( 'NONE', #11394, 0.6500000000000012434 ) ;
#8373 = CARTESIAN_POINT ( 'NONE',  ( 1.763029843109774397, -12.70999999999999730, 2.654582018687879685 ) ) ;
#8374 = PRESENTATION_STYLE_ASSIGNMENT (( #12182 ) ) ;
#8375 = EDGE_CURVE ( 'NONE', #9768, #6546, #11857, .T. ) ;
#8376 = LINE ( 'NONE', #7460, #6416 ) ;
#8377 = FILL_AREA_STYLE_COLOUR ( '', #2325 ) ;
#8378 = UNCERTAINTY_MEASURE_WITH_UNIT (LENGTH_MEASURE( 1.000000000000000082E-05 ), #9689, 'distance_accuracy_value', 'NONE');
#8379 = PRESENTATION_STYLE_ASSIGNMENT (( #6531 ) ) ;
#8380 = EDGE_CURVE ( 'NONE', #4253, #442, #9659, .T. ) ;
#8381 = CARTESIAN_POINT ( 'NONE',  ( -22.04999999999999716, 12.70000000000000107, 0.000000000000000000 ) ) ;
#8382 = LINE ( 'NONE', #8449, #12018 ) ;
#8383 = DIRECTION ( 'NONE',  ( -0.000000000000000000, 0.000000000000000000, -1.000000000000000000 ) ) ;
#8384 = CARTESIAN_POINT ( 'NONE',  ( 0.4035463675266408590, -12.70999999999999730, 1.580858677103661680 ) ) ;
#8385 = CARTESIAN_POINT ( 'NONE',  ( 0.4061457623167640252, -12.70999999999999730, 1.074149985885020087 ) ) ;
#8386 = ORIENTED_EDGE ( 'NONE', *, *, #12151, .F. ) ;
#8387 = CARTESIAN_POINT ( 'NONE',  ( 0.3503454208066740794, -12.69999999999999751, 2.298984811306086673 ) ) ;
#8388 = ORIENTED_EDGE ( 'NONE', *, *, #7436, .T. ) ;
#8389 = DIRECTION ( 'NONE',  ( -1.000000000000000000, -0.000000000000000000, -0.000000000000000000 ) ) ;
#8390 = UNCERTAINTY_MEASURE_WITH_UNIT (LENGTH_MEASURE( 1.000000000000000082E-05 ), #3065, 'distance_accuracy_value', 'NONE');
#8391 = CARTESIAN_POINT ( 'NONE',  ( -2.931920276282881765, -12.70999999999999730, 2.620802379916723268 ) ) ;
#8392 = ORIENTED_EDGE ( 'NONE', *, *, #2734, .F. ) ;
#8393 = B_SPLINE_CURVE_WITH_KNOTS ( 'NONE', 3,
 ( #9596, #5761, #2909, #7561 ),
 .UNSPECIFIED., .F., .F.,
 ( 4, 4 ),
 ( 13.00000000000000000, 14.00000000000000000 ),
 .UNSPECIFIED. ) ;
#8394 = FILL_AREA_STYLE ('',( #5846 ) ) ;
#8395 = LINE ( 'NONE', #5558, #10070 ) ;
#8396 = SURFACE_STYLE_FILL_AREA ( #6437 ) ;
#8397 = MECHANICAL_DESIGN_GEOMETRIC_PRESENTATION_REPRESENTATION (  '', ( #3854 ), #12125 ) ;
#8398 = ADVANCED_FACE ( 'NONE', ( #8575 ), #8463, .F. ) ;
#8399 = EDGE_CURVE ( 'NONE', #5968, #7620, #7016, .T. ) ;
#8400 = CARTESIAN_POINT ( 'NONE',  ( 0.2526081766733467848, -12.69999999999999751, 1.171887230018347381 ) ) ;
#8401 = DIRECTION ( 'NONE',  ( -1.000000000000000000, -0.000000000000000000, -0.000000000000000000 ) ) ;
#8402 = VECTOR ( 'NONE', #1263, 1000.000000000000000 ) ;
#8403 = VERTEX_POINT ( 'NONE', #2273 ) ;
#8404 =( NAMED_UNIT ( * ) PLANE_ANGLE_UNIT ( ) SI_UNIT ( $, .RADIAN. ) );
#8405 = CARTESIAN_POINT ( 'NONE',  ( 0.2898661686738288057, -12.70999999999999730, 2.750586332958024460 ) ) ;
#8406 = CARTESIAN_POINT ( 'NONE',  ( 0.2999171618649956184, -12.70999999999999730, 1.453315039366249062 ) ) ;
#8407 = ORIENTED_EDGE ( 'NONE', *, *, #5973, .T. ) ;
#8408 = ORIENTED_EDGE ( 'NONE', *, *, #12043, .T. ) ;
#8409 = LINE ( 'NONE', #6614, #7711 ) ;
#8410 = EDGE_CURVE ( 'NONE', #2248, #281, #6836, .T. ) ;
#8411 = CARTESIAN_POINT ( 'NONE',  ( 1.667198821825490063, -12.70999999999999730, 2.261900112291451048 ) ) ;
#8412 = DIRECTION ( 'NONE',  ( -1.000000000000000000, 0.000000000000000000, 0.000000000000000000 ) ) ;
#8413 = PRESENTATION_STYLE_ASSIGNMENT (( #7554 ) ) ;
#8414 = FILL_AREA_STYLE_COLOUR ( '', #7658 ) ;
#8415 = CARTESIAN_POINT ( 'NONE',  ( 1.083721337782844074, -12.70999999999999730, 1.217289992363262963 ) ) ;
#8416 = ORIENTED_EDGE ( 'NONE', *, *, #4248, .F. ) ;
#8417 = STYLED_ITEM ( 'NONE', ( #11513 ), #1578 ) ;
#8418 = ADVANCED_FACE ( 'NONE', ( #9934 ), #10730, .F. ) ;
#8419 =( LENGTH_UNIT ( ) NAMED_UNIT ( * ) SI_UNIT ( .MILLI., .METRE. ) );
#8420 = VERTEX_POINT ( 'NONE', #9802 ) ;
#8421 = CARTESIAN_POINT ( 'NONE',  ( 0.2838009141642797162, -12.69999999999999751, 2.492379783742445287 ) ) ;
#8422 = CARTESIAN_POINT ( 'NONE',  ( 0.3503454208066740794, -12.70999999999999730, 2.298984811306086673 ) ) ;
#8423 = FILL_AREA_STYLE ('',( #6460 ) ) ;
#8424 = STYLED_ITEM ( 'NONE', ( #10873 ), #11945 ) ;
#8425 = PRESENTATION_LAYER_ASSIGNMENT (  '', '', ( #7478 ) ) ;
#8426 = ORIENTED_EDGE ( 'NONE', *, *, #8474, .T. ) ;
#8427 = SURFACE_SIDE_STYLE ('',( #5245 ) ) ;
#8428 = FACE_OUTER_BOUND ( 'NONE', #10096, .T. ) ;
#8429 = CARTESIAN_POINT ( 'NONE',  ( 1.709482310420420204, -12.70999999999999730, 2.809159362246437919 ) ) ;
#8430 = B_SPLINE_SURFACE_WITH_KNOTS ( 'NONE', 3, 1, ( 
 ( #3847, #10829 ),
 ( #10702, #599 ),
 ( #7976, #10763 ),
 ( #4226, #11805 ) ),
 .UNSPECIFIED., .F., .F., .F.,
 ( 4, 4 ),
 ( 2, 2 ),
 ( 17.00000000000000000, 18.00000000000000000 ),
 ( 0.000000000000000000, 1.000000000000000000 ),
 .UNSPECIFIED. ) ;
#8431 = CARTESIAN_POINT ( 'NONE',  ( 2.564336610619806667, -12.69999999999999751, 1.233579533052162169 ) ) ;
#8432 = VECTOR ( 'NONE', #6167, 1000.000000000000000 ) ;
#8433 = VERTEX_POINT ( 'NONE', #1369 ) ;
#8434 =( LENGTH_UNIT ( ) NAMED_UNIT ( * ) SI_UNIT ( .MILLI., .METRE. ) );
#8435 = DIRECTION ( 'NONE',  ( 1.000000000000000000, -0.000000000000000000, -0.000000000000000000 ) ) ;
#8436 = ORIENTED_EDGE ( 'NONE', *, *, #2925, .T. ) ;
#8437 = PRESENTATION_LAYER_ASSIGNMENT (  '', '', ( #1550 ) ) ;
#8438 = UNCERTAINTY_MEASURE_WITH_UNIT (LENGTH_MEASURE( 1.000000000000000082E-05 ), #4981, 'distance_accuracy_value', 'NONE');
#8439 = CARTESIAN_POINT ( 'NONE',  ( 0.8116513496803728911, -12.70999999999999730, 1.542387634197562862 ) ) ;
#8440 = B_SPLINE_SURFACE_WITH_KNOTS ( 'NONE', 3, 1, ( 
 ( #1977, #3228 ),
 ( #3109, #4180 ),
 ( #4047, #10081 ),
 ( #7005, #10782 ) ),
 .UNSPECIFIED., .F., .F., .F.,
 ( 4, 4 ),
 ( 2, 2 ),
 ( 14.00000000000000000, 15.00000000000000000 ),
 ( 0.000000000000000000, 1.000000000000000000 ),
 .UNSPECIFIED. ) ;
#8441 =( LENGTH_UNIT ( ) NAMED_UNIT ( * ) SI_UNIT ( .MILLI., .METRE. ) );
#8442 = ORIENTED_EDGE ( 'NONE', *, *, #7735, .T. ) ;
#8443 = PRESENTATION_LAYER_ASSIGNMENT (  '', '', ( #9618 ) ) ;
#8444 = FACE_OUTER_BOUND ( 'NONE', #708, .T. ) ;
#8445 = EDGE_CURVE ( 'NONE', #2356, #1805, #2406, .T. ) ;
#8446 = PLANE ( 'NONE',  #5950 ) ;
#8447 = VECTOR ( 'NONE', #10251, 1000.000000000000000 ) ;
#8448 = PRESENTATION_LAYER_ASSIGNMENT (  '', '', ( #2907 ) ) ;
#8449 = CARTESIAN_POINT ( 'NONE',  ( 2.366782606518294862, -12.70999999999999730, 1.685527640680426043 ) ) ;
#8450 = VERTEX_POINT ( 'NONE', #5244 ) ;
#8451 = VERTEX_POINT ( 'NONE', #8073 ) ;
#8452 = CARTESIAN_POINT ( 'NONE',  ( 0.5544845583776207842, -12.70999999999999730, 1.160449892938023142 ) ) ;
#8453 = ORIENTED_EDGE ( 'NONE', *, *, #1810, .F. ) ;
#8454 =( LENGTH_UNIT ( ) NAMED_UNIT ( * ) SI_UNIT ( .MILLI., .METRE. ) );
#8455 =( GEOMETRIC_REPRESENTATION_CONTEXT ( 3 ) GLOBAL_UNCERTAINTY_ASSIGNED_CONTEXT ( ( #6529 ) ) GLOBAL_UNIT_ASSIGNED_CONTEXT ( ( #11998, #3659, #1666 ) ) REPRESENTATION_CONTEXT ( 'NONE', 'WORKASPACE' ) );
#8456 = FACE_OUTER_BOUND ( 'NONE', #29, .T. ) ;
#8457 = LINE ( 'NONE', #12195, #5790 ) ;
#8458 = CIRCLE ( 'NONE', #7846, 0.7999999999999986011 ) ;
#8459 = PRESENTATION_LAYER_ASSIGNMENT (  '', '', ( #2328 ) ) ;
#8460 = PRESENTATION_LAYER_ASSIGNMENT (  '', '', ( #11206 ) ) ;
#8461 = SURFACE_STYLE_USAGE ( .BOTH. , #1009 ) ;
#8462 = DIRECTION ( 'NONE',  ( -0.3385350342956581771, 0.000000000000000000, -0.9409537876827095415 ) ) ;
#8463 = B_SPLINE_SURFACE_WITH_KNOTS ( 'NONE', 3, 1, ( 
 ( #6958, #10858 ),
 ( #8761, #1313 ),
 ( #562, #10668 ),
 ( #9990, #4057 ) ),
 .UNSPECIFIED., .F., .F., .F.,
 ( 4, 4 ),
 ( 2, 2 ),
 ( 16.00000000000000000, 17.00000000000000000 ),
 ( 0.000000000000000000, 1.000000000000000000 ),
 .UNSPECIFIED. ) ;
#8464 = PLANE ( 'NONE',  #11068 ) ;
#8465 =( NAMED_UNIT ( * ) SI_UNIT ( $, .STERADIAN. ) SOLID_ANGLE_UNIT ( ) );
#8466 = DIRECTION ( 'NONE',  ( 1.000000000000000000, -6.505213034913037648E-15, 0.000000000000000000 ) ) ;
#8467 = CARTESIAN_POINT ( 'NONE',  ( 0.7572373520594096741, -12.69999999999999751, 1.482081675050595404 ) ) ;
#8468 = AXIS2_PLACEMENT_3D ( 'NONE', #588, #12039, #844 ) ;
#8469 = DIRECTION ( 'NONE',  ( -0.000000000000000000, 1.000000000000000000, -0.000000000000000000 ) ) ;
#8470 = FILL_AREA_STYLE ('',( #4593 ) ) ;
#8471 = DIRECTION ( 'NONE',  ( 1.000000000000000000, 0.000000000000000000, 0.000000000000000000 ) ) ;
#8472 = ORIENTED_EDGE ( 'NONE', *, *, #9119, .F. ) ;
#8473 = DIRECTION ( 'NONE',  ( -1.000000000000000000, 0.000000000000000000, 0.000000000000000000 ) ) ;
#8474 = EDGE_CURVE ( 'NONE', #2099, #4930, #11892, .T. ) ;
#8475 = EDGE_CURVE ( 'NONE', #5106, #9780, #3679, .T. ) ;
#8476 =( LENGTH_UNIT ( ) NAMED_UNIT ( * ) SI_UNIT ( .MILLI., .METRE. ) );
#8477 = SURFACE_STYLE_FILL_AREA ( #4531 ) ;
#8478 = VERTEX_POINT ( 'NONE', #8381 ) ;
#8479 = PRESENTATION_STYLE_ASSIGNMENT (( #4726 ) ) ;
#8480 = DIRECTION ( 'NONE',  ( -1.000000000000000000, 0.000000000000000000, 0.000000000000000000 ) ) ;
#8481 = AXIS2_PLACEMENT_3D ( 'NONE', #11667, #3127, #7904 ) ;
#8482 = FILL_AREA_STYLE_COLOUR ( '', #1825 ) ;
#8483 = VERTEX_POINT ( 'NONE', #9143 ) ;
#8484 = STYLED_ITEM ( 'NONE', ( #11219 ), #4821 ) ;
#8485 =( LENGTH_UNIT ( ) NAMED_UNIT ( * ) SI_UNIT ( .MILLI., .METRE. ) );
#8486 = FACE_OUTER_BOUND ( 'NONE', #8915, .T. ) ;
#8487 = DIRECTION ( 'NONE',  ( -1.000000000000000000, -0.000000000000000000, -0.000000000000000000 ) ) ;
#8488 = ORIENTED_EDGE ( 'NONE', *, *, #1260, .F. ) ;
#8489 = SURFACE_STYLE_USAGE ( .BOTH. , #7446 ) ;
#8490 = PRESENTATION_LAYER_ASSIGNMENT (  '', '', ( #5903 ) ) ;
#8491 = CARTESIAN_POINT ( 'NONE',  ( 0.8880735565303700119, -12.70999999999999730, 1.074149985885020087 ) ) ;
#8492 = AXIS2_PLACEMENT_3D ( 'NONE', #127, #311, #10439 ) ;
#8493 = CARTESIAN_POINT ( 'NONE',  ( 0.7572373520594096741, -12.70999999999999730, 1.409298620908180810 ) ) ;
#8494 = LINE ( 'NONE', #1056, #6517 ) ;
#8495 = ORIENTED_EDGE ( 'NONE', *, *, #4512, .F. ) ;
#8496 = CIRCLE ( 'NONE', #6327, 0.7999999999999986011 ) ;
#8497 = SURFACE_STYLE_FILL_AREA ( #3434 ) ;
#8498 = SURFACE_SIDE_STYLE ('',( #5462 ) ) ;
#8499 = CARTESIAN_POINT ( 'NONE',  ( 0.7567174731018385669, -12.70999999999999730, 1.190256286537488384 ) ) ;
#8500 = EDGE_CURVE ( 'NONE', #964, #6562, #817, .T. ) ;
#8501 = AXIS2_PLACEMENT_3D ( 'NONE', #12046, #4470, #8227 ) ;
#8502 =( NAMED_UNIT ( * ) PLANE_ANGLE_UNIT ( ) SI_UNIT ( $, .RADIAN. ) );
#8503 = PRESENTATION_LAYER_ASSIGNMENT (  '', '', ( #7706 ) ) ;
#8504 = STYLED_ITEM ( 'NONE', ( #2247 ), #6147 ) ;
#8505 = CARTESIAN_POINT ( 'NONE',  ( 0.2789487105533901556, -12.69999999999999751, 2.242144711880838415 ) ) ;
#8506 = CARTESIAN_POINT ( 'NONE',  ( 0.2526081766733467848, -12.69999999999999751, 1.171887230018347381 ) ) ;
#8507 = ORIENTED_EDGE ( 'NONE', *, *, #6251, .T. ) ;
#8508 = STYLED_ITEM ( 'NONE', ( #9040 ), #7943 ) ;
#8509 = FILL_AREA_STYLE ('',( #8263 ) ) ;
#8510 = CARTESIAN_POINT ( 'NONE',  ( 0.8322732150202537538, -12.70999999999999730, 1.319879440105165447 ) ) ;
#8511 = STYLED_ITEM ( 'NONE', ( #3571 ), #6484 ) ;
#8512 = SURFACE_STYLE_FILL_AREA ( #5658 ) ;
#8513 = CARTESIAN_POINT ( 'NONE',  ( -19.25000000000000355, 1.500000000000003109, -4.000000000000000000 ) ) ;
#8514 = ORIENTED_EDGE ( 'NONE', *, *, #5398, .T. ) ;
#8515 = DIRECTION ( 'NONE',  ( -0.000000000000000000, 1.000000000000000000, -0.000000000000000000 ) ) ;
#8516 = FILL_AREA_STYLE_COLOUR ( '', #1294 ) ;
#8517 = MECHANICAL_DESIGN_GEOMETRIC_PRESENTATION_REPRESENTATION (  '', ( #1643 ), #5376 ) ;
#8518 = ADVANCED_FACE ( 'NONE', ( #1796 ), #6532, .F. ) ;
#8519 = PLANE ( 'NONE',  #5731 ) ;
#8520 = UNCERTAINTY_MEASURE_WITH_UNIT (LENGTH_MEASURE( 1.000000000000000082E-05 ), #5263, 'distance_accuracy_value', 'NONE');
#8521 =( NAMED_UNIT ( * ) PLANE_ANGLE_UNIT ( ) SI_UNIT ( $, .RADIAN. ) );
#8522 = STYLED_ITEM ( 'NONE', ( #7863 ), #8581 ) ;
#8523 = DIRECTION ( 'NONE',  ( -0.000000000000000000, -0.000000000000000000, 1.000000000000000000 ) ) ;
#8524 = DIRECTION ( 'NONE',  ( 0.000000000000000000, -0.000000000000000000, 1.000000000000000000 ) ) ;
#8525 = ORIENTED_EDGE ( 'NONE', *, *, #9842, .T. ) ;
#8526 = DIRECTION ( 'NONE',  ( -0.000000000000000000, 1.000000000000000000, -0.000000000000000000 ) ) ;
#8527 = MECHANICAL_DESIGN_GEOMETRIC_PRESENTATION_REPRESENTATION (  '', ( #50 ), #461 ) ;
#8528 = EDGE_CURVE ( 'NONE', #8216, #3452, #3619, .T. ) ;
#8529 = CARTESIAN_POINT ( 'NONE',  ( 0.4382049647369684608, -12.70999999999999730, 2.850403092926218296 ) ) ;
#8530 = ORIENTED_EDGE ( 'NONE', *, *, #6177, .F. ) ;
#8531 = LINE ( 'NONE', #9576, #11834 ) ;
#8532 = CARTESIAN_POINT ( 'NONE',  ( 1.713468049099705626, -12.70999999999999730, 2.697212093254503174 ) ) ;
#8533 = CARTESIAN_POINT ( 'NONE',  ( 0.8352191957844155024, -12.70999999999999730, 2.838965755845903161 ) ) ;
#8534 = CARTESIAN_POINT ( 'NONE',  ( 0.8240851214293442029, -12.70999999999999730, 1.155164456864243627 ) ) ;
#8535 = FACE_OUTER_BOUND ( 'NONE', #8563, .T. ) ;
#8536 =( NAMED_UNIT ( * ) PLANE_ANGLE_UNIT ( ) SI_UNIT ( $, .RADIAN. ) );
#8537 = CARTESIAN_POINT ( 'NONE',  ( 3.210546155609103725, -12.70999999999999730, 1.271010818038490475 ) ) ;
#8538 = DIRECTION ( 'NONE',  ( -1.000000000000000000, 0.000000000000000000, -0.000000000000000000 ) ) ;
#8539 = CARTESIAN_POINT ( 'NONE',  ( 1.521286127568936886, -12.70999999999999730, 2.838965755845903161 ) ) ;
#8540 = CARTESIAN_POINT ( 'NONE',  ( 2.363316746801205070, -12.69999999999999751, 1.085587322965344104 ) ) ;
#8541 =( NAMED_UNIT ( * ) PLANE_ANGLE_UNIT ( ) SI_UNIT ( $, .RADIAN. ) );
#8542 = VECTOR ( 'NONE', #1299, 1000.000000000000000 ) ;
#8543 = B_SPLINE_SURFACE_WITH_KNOTS ( 'NONE', 3, 1, ( 
 ( #2878, #560 ),
 ( #6165, #10791 ),
 ( #7088, #6095 ),
 ( #1484, #5241 ) ),
 .UNSPECIFIED., .F., .F., .F.,
 ( 4, 4 ),
 ( 2, 2 ),
 ( 10.00000000000000000, 11.00000000000000000 ),
 ( 0.000000000000000000, 1.000000000000000000 ),
 .UNSPECIFIED. ) ;
#8544 = ADVANCED_FACE ( 'NONE', ( #9072 ), #8264, .F. ) ;
#8545 =( NAMED_UNIT ( * ) PLANE_ANGLE_UNIT ( ) SI_UNIT ( $, .RADIAN. ) );
#8546 = FILL_AREA_STYLE_COLOUR ( '', #1563 ) ;
#8547 = DIRECTION ( 'NONE',  ( -0.000000000000000000, 1.000000000000000000, -0.000000000000000000 ) ) ;
#8548 = ORIENTED_EDGE ( 'NONE', *, *, #8556, .F. ) ;
#8549 = PRESENTATION_STYLE_ASSIGNMENT (( #6680 ) ) ;
#8550 = CARTESIAN_POINT ( 'NONE',  ( -2.719842176319917648, -12.70999999999999730, 2.832880502860726679 ) ) ;
#8551 = FILL_AREA_STYLE ('',( #7453 ) ) ;
#8552 = VERTEX_POINT ( 'NONE', #9258 ) ;
#8553 = ORIENTED_EDGE ( 'NONE', *, *, #9331, .T. ) ;
#8554 = B_SPLINE_CURVE_WITH_KNOTS ( 'NONE', 3,
 ( #5278, #669, #7135, #10902 ),
 .UNSPECIFIED., .F., .F.,
 ( 4, 4 ),
 ( 4.000000000000000000, 5.000000000000000000 ),
 .UNSPECIFIED. ) ;
#8555 = UNCERTAINTY_MEASURE_WITH_UNIT (LENGTH_MEASURE( 1.000000000000000082E-05 ), #4715, 'distance_accuracy_value', 'NONE');
#8556 = EDGE_CURVE ( 'NONE', #8687, #2932, #4572, .T. ) ;
#8557 = EDGE_CURVE ( 'NONE', #4440, #667, #3087, .T. ) ;
#8558 = CARTESIAN_POINT ( 'NONE',  ( -2.777681607981459244, -12.70999999999999730, 1.733930496851108449 ) ) ;
#8559 = UNCERTAINTY_MEASURE_WITH_UNIT (LENGTH_MEASURE( 1.000000000000000082E-05 ), #8441, 'distance_accuracy_value', 'NONE');
#8560 = CARTESIAN_POINT ( 'NONE',  ( 2.264366451762265697, -12.69999999999999751, 1.685527640680425820 ) ) ;
#8561 = DIRECTION ( 'NONE',  ( -0.000000000000000000, 1.000000000000000000, -0.000000000000000000 ) ) ;
#8562 = DIRECTION ( 'NONE',  ( -1.000000000000000000, 0.000000000000000000, -0.000000000000000000 ) ) ;
#8563 = EDGE_LOOP ( 'NONE', ( #1837, #11861, #8156, #2483 ) ) ;
#8564 = COLOUR_RGB ( '',1.000000000000000000, 1.000000000000000000, 1.000000000000000000 ) ;
#8565 = LINE ( 'NONE', #3505, #4629 ) ;
#8566 = CARTESIAN_POINT ( 'NONE',  ( -1.611252196078322374, -12.69999999999999751, 1.377253495963937757 ) ) ;
#8567 = CARTESIAN_POINT ( 'NONE',  ( 0.1919556315546779024, -12.69999999999999751, 2.596355575371172453 ) ) ;
#8568 = SURFACE_SIDE_STYLE ('',( #8754 ) ) ;
#8569 = ORIENTED_EDGE ( 'NONE', *, *, #8062, .T. ) ;
#8570 = VERTEX_POINT ( 'NONE', #9380 ) ;
#8571 = CARTESIAN_POINT ( 'NONE',  ( -19.25000000000000355, 1.500000000000003109, 0.000000000000000000 ) ) ;
#8572 = STYLED_ITEM ( 'NONE', ( #7400 ), #5827 ) ;
#8573 = VERTEX_POINT ( 'NONE', #3798 ) ;
#8574 = CARTESIAN_POINT ( 'NONE',  ( 0.8963916198606550756, -12.69999999999999751, 1.143467180305729691 ) ) ;
#8575 = FACE_OUTER_BOUND ( 'NONE', #3088, .T. ) ;
#8576 = FILL_AREA_STYLE ('',( #3697 ) ) ;
#8577 = CARTESIAN_POINT ( 'NONE',  ( 1.771694492416407085, -12.69999999999999751, 1.468564822140004056 ) ) ;
#8578 = CARTESIAN_POINT ( 'NONE',  ( 2.221563084205162575, -12.69999999999999751, 2.752319262821193657 ) ) ;
#8579 = ORIENTED_EDGE ( 'NONE', *, *, #11473, .T. ) ;
#8580 = B_SPLINE_SURFACE_WITH_KNOTS ( 'NONE', 3, 1, ( 
 ( #4932, #6881 ),
 ( #6702, #2212 ),
 ( #10554, #10428 ),
 ( #4818, #9679 ) ),
 .UNSPECIFIED., .F., .F., .F.,
 ( 4, 4 ),
 ( 2, 2 ),
 ( 3.000000000000000000, 4.000000000000000000 ),
 ( 0.000000000000000000, 1.000000000000000000 ),
 .UNSPECIFIED. ) ;
#8581 = ADVANCED_FACE ( 'NONE', ( #11549 ), #8446, .F. ) ;
#8582 = CARTESIAN_POINT ( 'NONE',  ( 1.363762803241615362, -12.70999999999999730, 1.175006503768355248 ) ) ;
#8583 =( NAMED_UNIT ( * ) PLANE_ANGLE_UNIT ( ) SI_UNIT ( $, .RADIAN. ) );
#8584 = CARTESIAN_POINT ( 'NONE',  ( -3.751313098209840380, -12.70999999999999730, 1.468832573111563677 ) ) ;
#8585 = EDGE_LOOP ( 'NONE', ( #67, #8893, #6861, #3730 ) ) ;
#8586 =( NAMED_UNIT ( * ) PLANE_ANGLE_UNIT ( ) SI_UNIT ( $, .RADIAN. ) );
#8587 =( LENGTH_UNIT ( ) NAMED_UNIT ( * ) SI_UNIT ( .MILLI., .METRE. ) );
#8588 =( NAMED_UNIT ( * ) SI_UNIT ( $, .STERADIAN. ) SOLID_ANGLE_UNIT ( ) );
#8589 = CARTESIAN_POINT ( 'NONE',  ( 2.863093718571758206, -12.69999999999999751, 1.085587322965344104 ) ) ;
#8590 = EDGE_CURVE ( 'NONE', #7266, #4781, #7921, .T. ) ;
#8591 = DIRECTION ( 'NONE',  ( -0.3559357243698745288, -0.000000000000000000, 0.9345104387417472180 ) ) ;
#8592 = CARTESIAN_POINT ( 'NONE',  ( 0.1642287537877698267, -12.70999999999999730, 2.161043594408120772 ) ) ;
#8593 = PRESENTATION_LAYER_ASSIGNMENT (  '', '', ( #7996 ) ) ;
#8594 = DIRECTION ( 'NONE',  ( -0.000000000000000000, -0.000000000000000000, 1.000000000000000000 ) ) ;
#8595 = CARTESIAN_POINT ( 'NONE',  ( 0.3612628789294233811, -12.69999999999999751, 1.283487913033960037 ) ) ;
#8596 = VECTOR ( 'NONE', #4791, 1000.000000000000000 ) ;
#8597 = CARTESIAN_POINT ( 'NONE',  ( 1.349379485401759116, -12.70999999999999730, 1.205852655282966035 ) ) ;
#8598 = ADVANCED_FACE ( 'NONE', ( #1341 ), #8793, .F. ) ;
#8599 = CARTESIAN_POINT ( 'NONE',  ( -2.551143673084730779, -12.69999999999999751, 2.953379439490250391 ) ) ;
#8600 = CARTESIAN_POINT ( 'NONE',  ( 0.4382049647369684608, -12.69999999999999751, 2.850403092926218296 ) ) ;
#8601 = MECHANICAL_DESIGN_GEOMETRIC_PRESENTATION_REPRESENTATION (  '', ( #10587 ), #6450 ) ;
#8602 = SURFACE_STYLE_USAGE ( .BOTH. , #4852 ) ;
#8603 = CARTESIAN_POINT ( 'NONE',  ( -2.931920276282881765, -12.70999999999999730, 2.620802379916723268 ) ) ;
#8604 = FILL_AREA_STYLE ('',( #10700 ) ) ;
#8605 = ORIENTED_EDGE ( 'NONE', *, *, #7822, .T. ) ;
#8606 = CARTESIAN_POINT ( 'NONE',  ( 22.05000000000000426, 11.90000000000000036, 0.000000000000000000 ) ) ;
#8607 = DIRECTION ( 'NONE',  ( 1.000000000000000000, -0.000000000000000000, -0.000000000000000000 ) ) ;
#8608 = COLOUR_RGB ( '',1.000000000000000000, 1.000000000000000000, 1.000000000000000000 ) ;
#8609 = COLOUR_RGB ( '',1.000000000000000000, 1.000000000000000000, 1.000000000000000000 ) ;
#8610 = SURFACE_STYLE_FILL_AREA ( #10544 ) ;
#8611 = FILL_AREA_STYLE_COLOUR ( '', #5347 ) ;
#8612 = VERTEX_POINT ( 'NONE', #282 ) ;
#8613 = FACE_OUTER_BOUND ( 'NONE', #4084, .T. ) ;
#8614 = PRESENTATION_LAYER_ASSIGNMENT (  '', '', ( #3856 ) ) ;
#8615 = EDGE_CURVE ( 'NONE', #3995, #11104, #10421, .T. ) ;
#8616 = ADVANCED_FACE ( 'NONE', ( #943 ), #11306, .F. ) ;
#8617 = PRESENTATION_STYLE_ASSIGNMENT (( #7756 ) ) ;
#8618 = MECHANICAL_DESIGN_GEOMETRIC_PRESENTATION_REPRESENTATION (  '', ( #4076 ), #8824 ) ;
#8619 = CARTESIAN_POINT ( 'NONE',  ( 1.200174224411630020, -12.69999999999999751, 0.8575337533163209791 ) ) ;
#8620 = ORIENTED_EDGE ( 'NONE', *, *, #6955, .F. ) ;
#8621 = ORIENTED_EDGE ( 'NONE', *, *, #4438, .F. ) ;
#8622 = PRESENTATION_STYLE_ASSIGNMENT (( #10495 ) ) ;
#8623 = B_SPLINE_SURFACE_WITH_KNOTS ( 'NONE', 3, 1, ( 
 ( #8532, #9699 ),
 ( #9753, #5414 ),
 ( #11094, #2232 ),
 ( #11594, #2635 ) ),
 .UNSPECIFIED., .F., .F., .F.,
 ( 4, 4 ),
 ( 2, 2 ),
 ( 5.000000000000000000, 6.000000000000000000 ),
 ( 0.000000000000000000, 1.000000000000000000 ),
 .UNSPECIFIED. ) ;
#8624 = ORIENTED_EDGE ( 'NONE', *, *, #4105, .F. ) ;
#8625 =( NAMED_UNIT ( * ) PLANE_ANGLE_UNIT ( ) SI_UNIT ( $, .RADIAN. ) );
#8626 = PRESENTATION_LAYER_ASSIGNMENT (  '', '', ( #11386 ) ) ;
#8627 = PRESENTATION_LAYER_ASSIGNMENT (  '', '', ( #5089 ) ) ;
#8628 = UNCERTAINTY_MEASURE_WITH_UNIT (LENGTH_MEASURE( 1.000000000000000082E-05 ), #9268, 'distance_accuracy_value', 'NONE');
#8629 = AXIS2_PLACEMENT_3D ( 'NONE', #8513, #4576, #6480 ) ;
#8630 = DIRECTION ( 'NONE',  ( 0.000000000000000000, 0.000000000000000000, -1.000000000000000000 ) ) ;
#8631 = DIRECTION ( 'NONE',  ( 0.000000000000000000, 0.000000000000000000, 1.000000000000000000 ) ) ;
#8632 = LINE ( 'NONE', #11472, #8878 ) ;
#8633 = B_SPLINE_CURVE_WITH_KNOTS ( 'NONE', 3,
 ( #571, #8967, #642, #3315 ),
 .UNSPECIFIED., .F., .F.,
 ( 4, 4 ),
 ( 12.00000000000000000, 13.00000000000000000 ),
 .UNSPECIFIED. ) ;
#8634 = B_SPLINE_SURFACE_WITH_KNOTS ( 'NONE', 3, 1, ( 
 ( #6669, #10457 ),
 ( #211, #324 ),
 ( #4022, #2016 ),
 ( #5753, #9534 ) ),
 .UNSPECIFIED., .F., .F., .F.,
 ( 4, 4 ),
 ( 2, 2 ),
 ( 5.000000000000000000, 6.000000000000000000 ),
 ( 0.000000000000000000, 1.000000000000000000 ),
 .UNSPECIFIED. ) ;
#8635 = PRESENTATION_STYLE_ASSIGNMENT (( #254 ) ) ;
#8636 = CARTESIAN_POINT ( 'NONE',  ( 2.208392817266298547, -12.69999999999999751, 2.704836984641384667 ) ) ;
#8637 = VECTOR ( 'NONE', #1612, 1000.000000000000000 ) ;
#8638 = ADVANCED_FACE ( 'NONE', ( #3460 ), #10831, .T. ) ;
#8639 =( LENGTH_UNIT ( ) NAMED_UNIT ( * ) SI_UNIT ( .MILLI., .METRE. ) );
#8640 = CARTESIAN_POINT ( 'NONE',  ( 0.3633423947619750516, -12.70999999999999730, 1.165648682518300117 ) ) ;
#8641 = CARTESIAN_POINT ( 'NONE',  ( -22.04999999999999005, -12.69999999999999574, 0.000000000000000000 ) ) ;
#8642 = VERTEX_POINT ( 'NONE', #8229 ) ;
#8643 = AXIS2_PLACEMENT_3D ( 'NONE', #6682, #2804, #4807 ) ;
#8644 = MECHANICAL_DESIGN_GEOMETRIC_PRESENTATION_REPRESENTATION (  '', ( #11790 ), #787 ) ;
#8645 = AXIS2_PLACEMENT_3D ( 'NONE', #4917, #7744, #11619 ) ;
#8646 = SURFACE_SIDE_STYLE ('',( #4884 ) ) ;
#8647 = CARTESIAN_POINT ( 'NONE',  ( 1.771694492416408639, -12.69999999999999751, 1.162875994744636765 ) ) ;
#8648 = CARTESIAN_POINT ( 'NONE',  ( -3.235577683231577684, -12.70999999999999730, 1.092876129403349328 ) ) ;
#8649 = ADVANCED_FACE ( 'NONE', ( #7056 ), #5338, .T. ) ;
#8650 = LINE ( 'NONE', #5923, #7522 ) ;
#8651 = VERTEX_POINT ( 'NONE', #10267 ) ;
#8652 = STYLED_ITEM ( 'NONE', ( #7178 ), #10893 ) ;
#8653 = ORIENTED_EDGE ( 'NONE', *, *, #7205, .T. ) ;
#8654 = CARTESIAN_POINT ( 'NONE',  ( -3.597074337972709479, -12.69999999999999751, 2.399084328707441038 ) ) ;
#8655 = FILL_AREA_STYLE_COLOUR ( '', #841 ) ;
#8656 =( LENGTH_UNIT ( ) NAMED_UNIT ( * ) SI_UNIT ( .MILLI., .METRE. ) );
#8657 = CARTESIAN_POINT ( 'NONE',  ( -2.719842176319917648, -12.70999999999999730, 2.832880502860726679 ) ) ;
#8658 = LINE ( 'NONE', #212, #3279 ) ;
#8659 = LINE ( 'NONE', #2293, #10762 ) ;
#8660 = DIRECTION ( 'NONE',  ( -1.000000000000000000, 0.000000000000000000, 0.000000000000000000 ) ) ;
#8661 =( NAMED_UNIT ( * ) PLANE_ANGLE_UNIT ( ) SI_UNIT ( $, .RADIAN. ) );
#8662 = DIRECTION ( 'NONE',  ( -0.000000000000000000, 1.000000000000000000, -0.000000000000000000 ) ) ;
#8663 = ORIENTED_EDGE ( 'NONE', *, *, #10390, .F. ) ;
#8664 = CARTESIAN_POINT ( 'NONE',  ( 1.684181534457815488, -12.70999999999999730, 1.763509484403121608 ) ) ;
#8665 = CARTESIAN_POINT ( 'NONE',  ( -3.042779255920823545, -12.70999999999999730, 2.630442285191726182 ) ) ;
#8666 = CARTESIAN_POINT ( 'NONE',  ( 0.1713337662147740026, -12.69999999999999751, 1.162875994744636765 ) ) ;
#8667 = COLOUR_RGB ( '',1.000000000000000000, 1.000000000000000000, 1.000000000000000000 ) ;
#8668 = CARTESIAN_POINT ( 'NONE',  ( 1.372427452548226290, -12.69999999999999751, 1.205159483339544479 ) ) ;
#8669 = ORIENTED_EDGE ( 'NONE', *, *, #5243, .T. ) ;
#8670 = SURFACE_SIDE_STYLE ('',( #7687 ) ) ;
#8671 = DIRECTION ( 'NONE',  ( -0.000000000000000000, 1.000000000000000000, -0.000000000000000000 ) ) ;
#8672 = CARTESIAN_POINT ( 'NONE',  ( 2.728791654385999799, -12.70999999999999730, 1.433213052983943303 ) ) ;
#8673 = CARTESIAN_POINT ( 'NONE',  ( 22.05000000000000071, -11.89999999999999680, 0.000000000000000000 ) ) ;
#8674 = COLOUR_RGB ( '',0.2509803921568627416, 0.2509803921568627416, 0.2509803921568627416 ) ;
#8675 = CARTESIAN_POINT ( 'NONE',  ( -2.719842176319917648, -12.70999999999999730, 2.832880502860726679 ) ) ;
#8676 = UNCERTAINTY_MEASURE_WITH_UNIT (LENGTH_MEASURE( 1.000000000000000082E-05 ), #2664, 'distance_accuracy_value', 'NONE');
#8677 = MECHANICAL_DESIGN_GEOMETRIC_PRESENTATION_REPRESENTATION (  '', ( #8484 ), #3536 ) ;
#8678 = FACE_OUTER_BOUND ( 'NONE', #489, .T. ) ;
#8679 = B_SPLINE_CURVE_WITH_KNOTS ( 'NONE', 3,
 ( #8540, #8355, #11137, #6454 ),
 .UNSPECIFIED., .F., .F.,
 ( 4, 4 ),
 ( 5.000000000000000000, 6.000000000000000000 ),
 .UNSPECIFIED. ) ;
#8680 = CARTESIAN_POINT ( 'NONE',  ( 0.5544845583776207842, -12.70999999999999730, 1.160449892938023142 ) ) ;
#8681 =( NAMED_UNIT ( * ) PLANE_ANGLE_UNIT ( ) SI_UNIT ( $, .RADIAN. ) );
#8682 = VECTOR ( 'NONE', #11500, 1000.000000000000000 ) ;
#8683 = STYLED_ITEM ( 'NONE', ( #6212 ), #7624 ) ;
#8684 = VECTOR ( 'NONE', #10025, 1000.000000000000000 ) ;
#8685 = ORIENTED_EDGE ( 'NONE', *, *, #7173, .T. ) ;
#8686 = PRESENTATION_LAYER_ASSIGNMENT (  '', '', ( #10467 ) ) ;
#8687 = VERTEX_POINT ( 'NONE', #2839 ) ;
#8688 = ORIENTED_EDGE ( 'NONE', *, *, #6191, .F. ) ;
#8689 = DIRECTION ( 'NONE',  ( -0.000000000000000000, 1.000000000000000000, -0.000000000000000000 ) ) ;
#8690 = ORIENTED_EDGE ( 'NONE', *, *, #9959, .F. ) ;
#8691 = PLANE ( 'NONE',  #3278 ) ;
#8692 = EDGE_CURVE ( 'NONE', #5236, #3411, #8409, .T. ) ;
#8693 = DIRECTION ( 'NONE',  ( -0.3416038306815478154, 0.000000000000000000, 0.9398440417769814426 ) ) ;
#8694 = COLOUR_RGB ( '',1.000000000000000000, 1.000000000000000000, 1.000000000000000000 ) ;
#8695 = ADVANCED_FACE ( 'NONE', ( #10388 ), #9408, .F. ) ;
#8696 = AXIS2_PLACEMENT_3D ( 'NONE', #1386, #650, #390 ) ;
#8697 =( GEOMETRIC_REPRESENTATION_CONTEXT ( 3 ) GLOBAL_UNCERTAINTY_ASSIGNED_CONTEXT ( ( #8676 ) ) GLOBAL_UNIT_ASSIGNED_CONTEXT ( ( #2664, #7430, #12101 ) ) REPRESENTATION_CONTEXT ( 'NONE', 'WORKASPACE' ) );
#8698 = EDGE_LOOP ( 'NONE', ( #4564, #6410, #10688, #9186 ) ) ;
#8699 = STYLED_ITEM ( 'NONE', ( #144 ), #4489 ) ;
#8700 = PRESENTATION_LAYER_ASSIGNMENT (  '', '', ( #2395 ) ) ;
#8701 = VECTOR ( 'NONE', #3756, 1000.000000000000000 ) ;
#8702 = CARTESIAN_POINT ( 'NONE',  ( 0.4666250144496134067, -12.70999999999999730, 1.580858677103661680 ) ) ;
#8703 = EDGE_CURVE ( 'NONE', #1446, #8813, #7435, .T. ) ;
#8704 = CARTESIAN_POINT ( 'NONE',  ( 3.068445907045982857, -12.70999999999999730, 1.676862991373792244 ) ) ;
#8705 = CARTESIAN_POINT ( 'NONE',  ( 0.8322732150202537538, -12.69999999999999751, 1.319879440105165447 ) ) ;
#8706 = CARTESIAN_POINT ( 'NONE',  ( -3.621174262048271864, -12.70999999999999730, 1.324234039920944239 ) ) ;
#8707 = EDGE_LOOP ( 'NONE', ( #7077, #48, #8807, #7636, #11875, #8388 ) ) ;
#8708 = CARTESIAN_POINT ( 'NONE',  ( 0.5388881896321431331, -12.70999999999999730, 2.850403092926218296 ) ) ;
#8709 = LINE ( 'NONE', #11477, #12003 ) ;
#8710 = SURFACE_SIDE_STYLE ('',( #1265 ) ) ;
#8712 = PRESENTATION_LAYER_ASSIGNMENT (  '', '', ( #7352 ) ) ;
#8711 =( LENGTH_UNIT ( ) NAMED_UNIT ( * ) SI_UNIT ( .MILLI., .METRE. ) );
#8713 = EDGE_CURVE ( 'NONE', #11125, #4870, #5506, .T. ) ;
#8714 = ORIENTED_EDGE ( 'NONE', *, *, #6717, .F. ) ;
#8715 = SURFACE_SIDE_STYLE ('',( #3059 ) ) ;
#8716 = AXIS2_PLACEMENT_3D ( 'NONE', #7353, #11099, #2637 ) ;
#8717 = SURFACE_STYLE_FILL_AREA ( #6612 ) ;
#8718 = FILL_AREA_STYLE_COLOUR ( '', #1421 ) ;
#8719 = STYLED_ITEM ( 'NONE', ( #10760 ), #6922 ) ;
#8720 = CARTESIAN_POINT ( 'NONE',  ( 2.564336610619806667, -12.70999999999999730, 1.233579533052162169 ) ) ;
#8721 = DIRECTION ( 'NONE',  ( -0.000000000000000000, 1.000000000000000000, -0.000000000000000000 ) ) ;
#8722 = CARTESIAN_POINT ( 'NONE',  ( 1.055301288070226162, -12.69999999999999751, 1.297351351920866147 ) ) ;
#8723 = FILL_AREA_STYLE ('',( #2240 ) ) ;
#8724 = VECTOR ( 'NONE', #4329, 1000.000000000000000 ) ;
#8725 = SURFACE_STYLE_USAGE ( .BOTH. , #5933 ) ;
#8726 = CARTESIAN_POINT ( 'NONE',  ( -1.620892147322329890, -12.70999999999999730, 1.377253495963937757 ) ) ;
#8727 = ORIENTED_EDGE ( 'NONE', *, *, #9635, .F. ) ;
#8728 = VECTOR ( 'NONE', #7657, 1000.000000000000000 ) ;
#8729 = FILL_AREA_STYLE_COLOUR ( '', #2765 ) ;
#8730 = ORIENTED_EDGE ( 'NONE', *, *, #4078, .F. ) ;
#8731 = CARTESIAN_POINT ( 'NONE',  ( -2.690922506454690666, -12.69999999999999751, 2.538863116110706919 ) ) ;
#8732 = EDGE_CURVE ( 'NONE', #10830, #3514, #11124, .T. ) ;
#8733 = CARTESIAN_POINT ( 'NONE',  ( -1.047317162782429367, -12.70999999999999730, 1.753210123538929910 ) ) ;
#8734 =( NAMED_UNIT ( * ) SI_UNIT ( $, .STERADIAN. ) SOLID_ANGLE_UNIT ( ) );
#8735 = B_SPLINE_CURVE_WITH_KNOTS ( 'NONE', 3,
 ( #7305, #3708, #10197, #11065 ),
 .UNSPECIFIED., .F., .F.,
 ( 4, 4 ),
 ( 4.000000000000000000, 5.000000000000000000 ),
 .UNSPECIFIED. ) ;
#8736 = CARTESIAN_POINT ( 'NONE',  ( 1.274516915426764818, -12.70999999999999730, 0.8575337533163209791 ) ) ;
#8737 = EDGE_LOOP ( 'NONE', ( #10075, #2261, #3543, #6473 ) ) ;
#8738 = CARTESIAN_POINT ( 'NONE',  ( 2.766396232353575790, -12.70999999999999730, 1.085587322965344104 ) ) ;
#8739 = CARTESIAN_POINT ( 'NONE',  ( -2.782501675538016084, -12.70999999999999730, 1.430272952002306752 ) ) ;
#8740 = DIRECTION ( 'NONE',  ( 0.000000000000000000, -0.000000000000000000, -1.000000000000000000 ) ) ;
#8741 =( LENGTH_UNIT ( ) NAMED_UNIT ( * ) SI_UNIT ( .MILLI., .METRE. ) );
#8742 = VECTOR ( 'NONE', #7238, 1000.000000000000000 ) ;
#8743 = SURFACE_STYLE_FILL_AREA ( #10593 ) ;
#8744 = EDGE_CURVE ( 'NONE', #11006, #9150, #5445, .T. ) ;
#8745 = CARTESIAN_POINT ( 'NONE',  ( 0.4586535370910264087, -12.70999999999999730, 1.511888068654680728 ) ) ;
#8746 = PRESENTATION_STYLE_ASSIGNMENT (( #4864 ) ) ;
#8747 = COLOUR_RGB ( '',1.000000000000000000, 1.000000000000000000, 1.000000000000000000 ) ;
#8748 = DIRECTION ( 'NONE',  ( -0.000000000000000000, 1.000000000000000000, -0.000000000000000000 ) ) ;
#8749 =( NAMED_UNIT ( * ) SI_UNIT ( $, .STERADIAN. ) SOLID_ANGLE_UNIT ( ) );
#8750 = AXIS2_PLACEMENT_3D ( 'NONE', #7569, #2919, #2090 ) ;
#8751 = FILL_AREA_STYLE ('',( #6328 ) ) ;
#8752 = VERTEX_POINT ( 'NONE', #792 ) ;
#8753 = VERTEX_POINT ( 'NONE', #9351 ) ;
#8754 = SURFACE_STYLE_FILL_AREA ( #5776 ) ;
#8755 = PRESENTATION_STYLE_ASSIGNMENT (( #1131 ) ) ;
#8756 = ORIENTED_EDGE ( 'NONE', *, *, #9989, .T. ) ;
#8757 = CARTESIAN_POINT ( 'NONE',  ( 0.4586535370910264087, -12.69999999999999751, 1.511888068654680728 ) ) ;
#8758 = STYLED_ITEM ( 'NONE', ( #10756 ), #5425 ) ;
#8759 = SURFACE_STYLE_USAGE ( .BOTH. , #6293 ) ;
#8760 = UNCERTAINTY_MEASURE_WITH_UNIT (LENGTH_MEASURE( 1.000000000000000082E-05 ), #835, 'distance_accuracy_value', 'NONE');
#8761 = CARTESIAN_POINT ( 'NONE',  ( 1.083721337782844074, -12.70999999999999730, 1.249175901797617394 ) ) ;
#8762 = SURFACE_STYLE_FILL_AREA ( #11649 ) ;
#8763 = PRESENTATION_STYLE_ASSIGNMENT (( #1750 ) ) ;
#8764 = PLANE ( 'NONE',  #12040 ) ;
#8765 = CARTESIAN_POINT ( 'NONE',  ( 1.083721337782844074, -12.69999999999999751, 1.249175901797617394 ) ) ;
#8766 = VECTOR ( 'NONE', #5601, 1000.000000000000000 ) ;
#8767 = UNCERTAINTY_MEASURE_WITH_UNIT (LENGTH_MEASURE( 1.000000000000000082E-05 ), #5592, 'distance_accuracy_value', 'NONE');
#8768 = ORIENTED_EDGE ( 'NONE', *, *, #104, .F. ) ;
#8769 = PRESENTATION_STYLE_ASSIGNMENT (( #5913 ) ) ;
#8770 = DIRECTION ( 'NONE',  ( 0.000000000000000000, -0.000000000000000000, 1.000000000000000000 ) ) ;
#8771 = FILL_AREA_STYLE ('',( #9822 ) ) ;
#8772 = CARTESIAN_POINT ( 'NONE',  ( -0.7484797774236003898, -12.70999999999999730, 1.758030191093176597 ) ) ;
#8773 = ORIENTED_EDGE ( 'NONE', *, *, #1327, .T. ) ;
#8774 = CARTESIAN_POINT ( 'NONE',  ( 1.359777064566932925, -12.70999999999999730, 1.165995268490024550 ) ) ;
#8775 = EDGE_CURVE ( 'NONE', #7620, #3407, #4535, .T. ) ;
#8776 = EDGE_CURVE ( 'NONE', #8642, #6192, #702, .T. ) ;
#8777 = CARTESIAN_POINT ( 'NONE',  ( 0.2898661686738288057, -12.70999999999999730, 2.750586332958024460 ) ) ;
#8778 = LINE ( 'NONE', #1101, #9612 ) ;
#8779 = PLANE ( 'NONE',  #742 ) ;
#8780 = FACE_OUTER_BOUND ( 'NONE', #10814, .T. ) ;
#8781 = ORIENTED_EDGE ( 'NONE', *, *, #1198, .T. ) ;
#8782 = DIRECTION ( 'NONE',  ( -0.000000000000000000, 1.000000000000000000, -0.000000000000000000 ) ) ;
#8783 = B_SPLINE_CURVE_WITH_KNOTS ( 'NONE', 3,
 ( #11151, #8506, #9497, #1913 ),
 .UNSPECIFIED., .F., .F.,
 ( 4, 4 ),
 ( 8.000000000000000000, 9.000000000000000000 ),
 .UNSPECIFIED. ) ;
#8784 = CARTESIAN_POINT ( 'NONE',  ( 0.2789487105533901556, -12.69999999999999751, 2.242144711880838415 ) ) ;
#8785 = EDGE_LOOP ( 'NONE', ( #7024, #6608, #6800, #8530, #7933, #7494, #7853, #274, #1934, #9571, #11586, #10136 ) ) ;
#8786 = CARTESIAN_POINT ( 'NONE',  ( 0.3551976244175365505, -12.69999999999999751, 2.817130839605025194 ) ) ;
#8787 = EDGE_CURVE ( 'NONE', #7032, #3905, #10205, .T. ) ;
#8788 = CARTESIAN_POINT ( 'NONE',  ( -3.172918229980178584, -12.69999999999999751, 0.9000778399903864857 ) ) ;
#8789 = PRESENTATION_STYLE_ASSIGNMENT (( #10589 ) ) ;
#8790 = EDGE_LOOP ( 'NONE', ( #5000, #2394, #2118, #10764 ) ) ;
#8791 = CARTESIAN_POINT ( 'NONE',  ( 0.7567174731018387890, -12.70999999999999730, 1.102570035597665088 ) ) ;
#8792 = ORIENTED_EDGE ( 'NONE', *, *, #10990, .F. ) ;
#8793 = PLANE ( 'NONE',  #10681 ) ;
#8794 = LINE ( 'NONE', #11382, #3419 ) ;
#8795 = CARTESIAN_POINT ( 'NONE',  ( 1.763723015057820698, -12.69999999999999751, 2.355824910731326494 ) ) ;
#8796 = B_SPLINE_CURVE_WITH_KNOTS ( 'NONE', 3,
 ( #1362, #5183, #4184, #8880 ),
 .UNSPECIFIED., .F., .F.,
 ( 4, 4 ),
 ( 3.000000000000000000, 4.000000000000000000 ),
 .UNSPECIFIED. ) ;
#8797 = LINE ( 'NONE', #4918, #9051 ) ;
#8798 = ORIENTED_EDGE ( 'NONE', *, *, #11773, .T. ) ;
#8799 = ADVANCED_FACE ( 'NONE', ( #7495 ), #12159, .F. ) ;
#8800 =( NAMED_UNIT ( * ) SI_UNIT ( $, .STERADIAN. ) SOLID_ANGLE_UNIT ( ) );
#8801 = AXIS2_PLACEMENT_3D ( 'NONE', #1802, #4450, #886 ) ;
#8802 = ORIENTED_EDGE ( 'NONE', *, *, #143, .T. ) ;
#8803 = SURFACE_SIDE_STYLE ('',( #3100 ) ) ;
#8804 = CARTESIAN_POINT ( 'NONE',  ( 2.232133956356214366, -12.70999999999999730, 2.704836984641384667 ) ) ;
#8805 = DIRECTION ( 'NONE',  ( -1.000000000000000000, 0.000000000000000000, -0.000000000000000000 ) ) ;
#8806 = FILL_AREA_STYLE_COLOUR ( '', #8140 ) ;
#8807 = ORIENTED_EDGE ( 'NONE', *, *, #12098, .T. ) ;
#8808 = LINE ( 'NONE', #7811, #9284 ) ;
#8809 = EDGE_CURVE ( 'NONE', #10886, #9814, #1153, .T. ) ;
#8810 = SURFACE_STYLE_FILL_AREA ( #2043 ) ;
#8811 = COLOUR_RGB ( '',1.000000000000000000, 1.000000000000000000, 1.000000000000000000 ) ;
#8812 = CARTESIAN_POINT ( 'NONE',  ( 2.564336610619806667, -12.70999999999999730, 1.233579533052162169 ) ) ;
#8813 = VERTEX_POINT ( 'NONE', #9759 ) ;
#8814 = ORIENTED_EDGE ( 'NONE', *, *, #8557, .T. ) ;
#8815 = CARTESIAN_POINT ( 'NONE',  ( 1.200174224411630020, -12.70999999999999730, 0.8575337533163209791 ) ) ;
#8816 = ORIENTED_EDGE ( 'NONE', *, *, #4319, .T. ) ;
#8817 = ORIENTED_EDGE ( 'NONE', *, *, #4682, .F. ) ;
#8818 = UNCERTAINTY_MEASURE_WITH_UNIT (LENGTH_MEASURE( 1.000000000000000082E-05 ), #6354, 'distance_accuracy_value', 'NONE');
#8819 = FILL_AREA_STYLE_COLOUR ( '', #8232 ) ;
#8820 = MECHANICAL_DESIGN_GEOMETRIC_PRESENTATION_REPRESENTATION (  '', ( #3657 ), #151 ) ;
#8821 = EDGE_CURVE ( 'NONE', #7094, #5291, #10087, .T. ) ;
#8822 = LINE ( 'NONE', #5681, #4291 ) ;
#8823 = SURFACE_STYLE_USAGE ( .BOTH. , #6097 ) ;
#8824 =( GEOMETRIC_REPRESENTATION_CONTEXT ( 3 ) GLOBAL_UNCERTAINTY_ASSIGNED_CONTEXT ( ( #410 ) ) GLOBAL_UNIT_ASSIGNED_CONTEXT ( ( #1983, #8331, #7475 ) ) REPRESENTATION_CONTEXT ( 'NONE', 'WORKASPACE' ) );
#8825 = VECTOR ( 'NONE', #8214, 1000.000000000000114 ) ;
#8826 = FACE_BOUND ( 'NONE', #2245, .T. ) ;
#8827 = CARTESIAN_POINT ( 'NONE',  ( 1.083721337782844074, -12.69999999999999751, 1.217289992363262963 ) ) ;
#8828 = SURFACE_STYLE_FILL_AREA ( #10676 ) ;
#8829 = CARTESIAN_POINT ( 'NONE',  ( 3.068445907045982857, -12.70999999999999730, 1.676862991373792244 ) ) ;
#8830 = ORIENTED_EDGE ( 'NONE', *, *, #1842, .F. ) ;
#8831 = AXIS2_PLACEMENT_3D ( 'NONE', #6859, #3205, #10634 ) ;
#8832 = CARTESIAN_POINT ( 'NONE',  ( 19.89999999999999858, -9.249999999999994671, 0.000000000000000000 ) ) ;
#8833 = AXIS2_PLACEMENT_3D ( 'NONE', #741, #10149, #2620 ) ;
#8834 = VECTOR ( 'NONE', #8782, 1000.000000000000000 ) ;
#8835 = CARTESIAN_POINT ( 'NONE',  ( -2.970479897392115820, -12.69999999999999751, 2.625622355537572172 ) ) ;
#8836 = B_SPLINE_CURVE_WITH_KNOTS ( 'NONE', 3,
 ( #9023, #1384, #459, #10877 ),
 .UNSPECIFIED., .F., .F.,
 ( 4, 4 ),
 ( 7.000000000000000000, 8.000000000000000000 ),
 .UNSPECIFIED. ) ;
#8837 = B_SPLINE_SURFACE_WITH_KNOTS ( 'NONE', 3, 1, ( 
 ( #7723, #11418 ),
 ( #2944, #5984 ),
 ( #8584, #381 ),
 ( #6772, #11658 ) ),
 .UNSPECIFIED., .F., .F., .F.,
 ( 4, 4 ),
 ( 2, 2 ),
 ( 7.000000000000000000, 8.000000000000000000 ),
 ( 0.000000000000000000, 1.000000000000000000 ),
 .UNSPECIFIED. ) ;
#8838 = SURFACE_SIDE_STYLE ('',( #9088 ) ) ;
#8839 = VERTEX_POINT ( 'NONE', #4071 ) ;
#8840 = DIRECTION ( 'NONE',  ( -0.000000000000000000, 1.000000000000000000, -0.000000000000000000 ) ) ;
#8841 = CARTESIAN_POINT ( 'NONE',  ( 1.713468049099705626, -12.70999999999999730, 2.697212093254503174 ) ) ;
#8842 = PLANE ( 'NONE',  #10663 ) ;
#8843 = DIRECTION ( 'NONE',  ( -0.000000000000000000, -0.000000000000000000, -1.000000000000000000 ) ) ;
#8844 = MECHANICAL_DESIGN_GEOMETRIC_PRESENTATION_REPRESENTATION (  '', ( #1764 ), #11005 ) ;
#8845 = ORIENTED_EDGE ( 'NONE', *, *, #6006, .F. ) ;
#8846 = DIRECTION ( 'NONE',  ( 0.000000000000000000, 0.000000000000000000, 1.000000000000000000 ) ) ;
#8847 = ORIENTED_EDGE ( 'NONE', *, *, #4869, .T. ) ;
#8848 = EDGE_LOOP ( 'NONE', ( #1322, #11008, #2267, #1463 ) ) ;
#8849 = SURFACE_STYLE_FILL_AREA ( #11961 ) ;
#8850 = EDGE_CURVE ( 'NONE', #7209, #7169, #2013, .T. ) ;
#8851 = ORIENTED_EDGE ( 'NONE', *, *, #3413, .F. ) ;
#8852 = EDGE_CURVE ( 'NONE', #8051, #10919, #3067, .T. ) ;
#8853 = PRESENTATION_STYLE_ASSIGNMENT (( #10894 ) ) ;
#8854 = COLOUR_RGB ( '',1.000000000000000000, 1.000000000000000000, 1.000000000000000000 ) ;
#8855 = PRESENTATION_LAYER_ASSIGNMENT (  '', '', ( #7272 ) ) ;
#8856 = CARTESIAN_POINT ( 'NONE',  ( -1.789590466688415260, -12.69999999999999751, 1.232654778906526971 ) ) ;
#8857 = EDGE_LOOP ( 'NONE', ( #10674, #1598, #4028, #7968 ) ) ;
#8858 = FILL_AREA_STYLE_COLOUR ( '', #10089 ) ;
#8860 = ORIENTED_EDGE ( 'NONE', *, *, #3047, .F. ) ;
#8859 = CARTESIAN_POINT ( 'NONE',  ( 2.366782606518294862, -12.69999999999999751, 1.685527640680426043 ) ) ;
#8861 =( NAMED_UNIT ( * ) SI_UNIT ( $, .STERADIAN. ) SOLID_ANGLE_UNIT ( ) );
#8862 = DIRECTION ( 'NONE',  ( -1.000000000000000000, 0.000000000000000000, -0.000000000000000000 ) ) ;
#8863 = ADVANCED_FACE ( 'NONE', ( #10577 ), #5487, .F. ) ;
#8864 = ADVANCED_FACE ( 'NONE', ( #1272 ), #7843, .T. ) ;
#8865 = DIRECTION ( 'NONE',  ( -1.000000000000000000, -0.000000000000000000, -0.000000000000000000 ) ) ;
#8866 = CARTESIAN_POINT ( 'NONE',  ( -1.789590466688415260, -12.70999999999999730, 2.731661405519053787 ) ) ;
#8867 = DIRECTION ( 'NONE',  ( -1.000000000000000000, 0.000000000000000000, 0.000000000000000000 ) ) ;
#8868 = LINE ( 'NONE', #2977, #8542 ) ;
#8869 = ORIENTED_EDGE ( 'NONE', *, *, #352, .F. ) ;
#8870 = ORIENTED_EDGE ( 'NONE', *, *, #6238, .F. ) ;
#8871 = EDGE_CURVE ( 'NONE', #7008, #4299, #2289, .T. ) ;
#8872 =( NAMED_UNIT ( * ) PLANE_ANGLE_UNIT ( ) SI_UNIT ( $, .RADIAN. ) );
#8873 = FACE_OUTER_BOUND ( 'NONE', #3364, .T. ) ;
#8874 = PRESENTATION_LAYER_ASSIGNMENT (  '', '', ( #10840 ) ) ;
#8875 = ORIENTED_EDGE ( 'NONE', *, *, #10131, .T. ) ;
#8876 = CARTESIAN_POINT ( 'NONE',  ( 2.564336610619806667, -12.69999999999999751, 1.233579533052162169 ) ) ;
#8877 = ORIENTED_EDGE ( 'NONE', *, *, #5942, .F. ) ;
#8878 = VECTOR ( 'NONE', #2992, 1000.000000000000000 ) ;
#8879 = PRESENTATION_LAYER_ASSIGNMENT (  '', '', ( #7302 ) ) ;
#8880 = CARTESIAN_POINT ( 'NONE',  ( 1.777586453940106948, -12.69999999999999751, 2.749199989071176464 ) ) ;
#8881 = DIRECTION ( 'NONE',  ( -0.000000000000000000, 0.000000000000000000, 1.000000000000000000 ) ) ;
#8882 = VERTEX_POINT ( 'NONE', #5205 ) ;
#8883 = ORIENTED_EDGE ( 'NONE', *, *, #8949, .F. ) ;
#8884 = DIRECTION ( 'NONE',  ( -0.3283461648125115540, 0.000000000000000000, 0.9445574604294409982 ) ) ;
#8885 = ADVANCED_FACE ( 'NONE', ( #9949 ), #8842, .T. ) ;
#8886 = UNCERTAINTY_MEASURE_WITH_UNIT (LENGTH_MEASURE( 1.000000000000000082E-05 ), #3389, 'distance_accuracy_value', 'NONE');
#8887 = PRESENTATION_LAYER_ASSIGNMENT (  '', '', ( #1999 ) ) ;
#8888 =( NAMED_UNIT ( * ) SI_UNIT ( $, .STERADIAN. ) SOLID_ANGLE_UNIT ( ) );
#8889 = COLOUR_RGB ( '',1.000000000000000000, 1.000000000000000000, 1.000000000000000000 ) ;
#8890 = FILL_AREA_STYLE_COLOUR ( '', #11823 ) ;
#8891 = FACE_BOUND ( 'NONE', #3848, .T. ) ;
#8892 = AXIS2_PLACEMENT_3D ( 'NONE', #981, #4484, #8238 ) ;
#8893 = ORIENTED_EDGE ( 'NONE', *, *, #8335, .F. ) ;
#8894 = FILL_AREA_STYLE_COLOUR ( '', #11534 ) ;
#8895 = FACE_BOUND ( 'NONE', #11273, .T. ) ;
#8897 =( GEOMETRIC_REPRESENTATION_CONTEXT ( 3 ) GLOBAL_UNCERTAINTY_ASSIGNED_CONTEXT ( ( #7405 ) ) GLOBAL_UNIT_ASSIGNED_CONTEXT ( ( #8928, #7187, #11613 ) ) REPRESENTATION_CONTEXT ( 'NONE', 'WORKASPACE' ) );
#8896 = UNCERTAINTY_MEASURE_WITH_UNIT (LENGTH_MEASURE( 1.000000000000000082E-05 ), #3874, 'distance_accuracy_value', 'NONE');
#8898 = CARTESIAN_POINT ( 'NONE',  ( 2.562430387770791018, -12.69999999999999751, 1.621755821811721843 ) ) ;
#8899 = VECTOR ( 'NONE', #8926, 1000.000000000000000 ) ;
#8900 = MECHANICAL_DESIGN_GEOMETRIC_PRESENTATION_REPRESENTATION (  '', ( #5158 ), #6116 ) ;
#8901 = CARTESIAN_POINT ( 'NONE',  ( 2.176853493808293294, -12.70999999999999730, 1.763509484403121608 ) ) ;
#8902 = EDGE_CURVE ( 'NONE', #4416, #4318, #6184, .T. ) ;
#8903 = MECHANICAL_DESIGN_GEOMETRIC_PRESENTATION_REPRESENTATION (  '', ( #1240 ), #3758 ) ;
#8904 = PRESENTATION_LAYER_ASSIGNMENT (  '', '', ( #3351 ) ) ;
#8905 = CARTESIAN_POINT ( 'NONE',  ( 2.362796867839010329, -12.70999999999999730, 1.162875994744636765 ) ) ;
#8906 = SURFACE_STYLE_FILL_AREA ( #8771 ) ;
#8907 = CARTESIAN_POINT ( 'NONE',  ( -2.782501675538016084, -12.69999999999999751, 1.054316140560536796 ) ) ;
#8908 =( GEOMETRIC_REPRESENTATION_CONTEXT ( 3 ) GLOBAL_UNCERTAINTY_ASSIGNED_CONTEXT ( ( #5198 ) ) GLOBAL_UNIT_ASSIGNED_CONTEXT ( ( #896, #4706, #956 ) ) REPRESENTATION_CONTEXT ( 'NONE', 'WORKASPACE' ) );
#8909 = COLOUR_RGB ( '',1.000000000000000000, 1.000000000000000000, 1.000000000000000000 ) ;
#8910 = FILL_AREA_STYLE_COLOUR ( '', #818 ) ;
#8911 = DIRECTION ( 'NONE',  ( 0.1333547648937668251, 0.000000000000000000, -0.9910683662997866739 ) ) ;
#8912 = LINE ( 'NONE', #7963, #2004 ) ;
#8913 = CARTESIAN_POINT ( 'NONE',  ( 1.184404562680328565, -12.70999999999999730, 2.838965755845903161 ) ) ;
#8914 = FILL_AREA_STYLE ('',( #5147 ) ) ;
#8915 = EDGE_LOOP ( 'NONE', ( #6914, #1498, #10440, #3821 ) ) ;
#8916 = PLANE ( 'NONE',  #3098 ) ;
#8917 = CARTESIAN_POINT ( 'NONE',  ( -2.136627424400495467, -12.70999999999999730, 2.731661405519053787 ) ) ;
#8918 = STYLED_ITEM ( 'NONE', ( #10024 ), #8638 ) ;
#8919 = ORIENTED_EDGE ( 'NONE', *, *, #6818, .F. ) ;
#8920 = LINE ( 'NONE', #10947, #11062 ) ;
#8921 = ORIENTED_EDGE ( 'NONE', *, *, #10263, .F. ) ;
#8922 = CARTESIAN_POINT ( 'NONE',  ( 1.517820267842607151, -12.70999999999999730, 2.760983912123202266 ) ) ;
#8923 = EDGE_CURVE ( 'NONE', #281, #5527, #10842, .T. ) ;
#8924 = PRESENTATION_LAYER_ASSIGNMENT (  '', '', ( #655 ) ) ;
#8925 = PRESENTATION_STYLE_ASSIGNMENT (( #8036 ) ) ;
#8926 = DIRECTION ( 'NONE',  ( -2.915501640297156255E-16, 1.000000000000000000, -0.000000000000000000 ) ) ;
#8927 = ORIENTED_EDGE ( 'NONE', *, *, #10650, .F. ) ;
#8928 =( LENGTH_UNIT ( ) NAMED_UNIT ( * ) SI_UNIT ( .MILLI., .METRE. ) );
#8929 = VERTEX_POINT ( 'NONE', #6048 ) ;
#8930 = FILL_AREA_STYLE_COLOUR ( '', #2030 ) ;
#8931 = PLANE ( 'NONE',  #12145 ) ;
#8932 = SURFACE_SIDE_STYLE ('',( #10767 ) ) ;
#8933 = STYLED_ITEM ( 'NONE', ( #3834 ), #8863 ) ;
#8934 = CARTESIAN_POINT ( 'NONE',  ( 1.504650000908340779, -12.70999999999999730, 1.569767925995061653 ) ) ;
#8935 = ADVANCED_FACE ( 'NONE', ( #5141 ), #7571, .F. ) ;
#8936 = ORIENTED_EDGE ( 'NONE', *, *, #9959, .T. ) ;
#8937 = PRESENTATION_LAYER_ASSIGNMENT (  '', '', ( #9916 ) ) ;
#8938 = UNCERTAINTY_MEASURE_WITH_UNIT (LENGTH_MEASURE( 1.000000000000000082E-05 ), #10378, 'distance_accuracy_value', 'NONE');
#8939 = DIRECTION ( 'NONE',  ( -0.8631877589412162433, 0.000000000000000000, -0.5048830486499235048 ) ) ;
#8940 = CARTESIAN_POINT ( 'NONE',  ( 0.3503454208066740794, -12.70999999999999730, 2.298984811306086673 ) ) ;
#8941 = CARTESIAN_POINT ( 'NONE',  ( -1.485933197642125947, -12.70999999999999730, 2.770221049609327579 ) ) ;
#8942 = CARTESIAN_POINT ( 'NONE',  ( 0.8877269705563358704, -12.70999999999999730, 1.505996107126357897 ) ) ;
#8943 = FILL_AREA_STYLE ('',( #3353 ) ) ;
#8944 = LINE ( 'NONE', #6270, #10847 ) ;
#8945 = EDGE_LOOP ( 'NONE', ( #2523, #8830, #11958, #7520 ) ) ;
#8946 =( GEOMETRIC_REPRESENTATION_CONTEXT ( 3 ) GLOBAL_UNCERTAINTY_ASSIGNED_CONTEXT ( ( #10413 ) ) GLOBAL_UNIT_ASSIGNED_CONTEXT ( ( #8587, #1092, #138 ) ) REPRESENTATION_CONTEXT ( 'NONE', 'WORKASPACE' ) );
#8947 = FILL_AREA_STYLE ('',( #5180 ) ) ;
#8948 = EDGE_CURVE ( 'NONE', #4186, #4253, #8395, .T. ) ;
#8949 = EDGE_CURVE ( 'NONE', #2026, #10146, #24, .T. ) ;
#8950 =( NAMED_UNIT ( * ) SI_UNIT ( $, .STERADIAN. ) SOLID_ANGLE_UNIT ( ) );
#8951 = ORIENTED_EDGE ( 'NONE', *, *, #11638, .F. ) ;
#8952 =( NAMED_UNIT ( * ) SI_UNIT ( $, .STERADIAN. ) SOLID_ANGLE_UNIT ( ) );
#8953 = CARTESIAN_POINT ( 'NONE',  ( 0.6496224077207936043, -12.70999999999999730, 2.162776524266674549 ) ) ;
#8954 = UNCERTAINTY_MEASURE_WITH_UNIT (LENGTH_MEASURE( 1.000000000000000082E-05 ), #5297, 'distance_accuracy_value', 'NONE');
#8955 = B_SPLINE_CURVE_WITH_KNOTS ( 'NONE', 3,
 ( #10152, #9486, #2737, #4616 ),
 .UNSPECIFIED., .F., .F.,
 ( 4, 4 ),
 ( 7.000000000000000000, 8.000000000000000000 ),
 .UNSPECIFIED. ) ;
#8956 = CARTESIAN_POINT ( 'NONE',  ( 0.3763393687149931277, -12.70999999999999730, 1.298044523864265276 ) ) ;
#8957 =( LENGTH_UNIT ( ) NAMED_UNIT ( * ) SI_UNIT ( .MILLI., .METRE. ) );
#8958 = FILL_AREA_STYLE ('',( #9801 ) ) ;
#8959 = LINE ( 'NONE', #4122, #3535 ) ;
#8960 = B_SPLINE_CURVE_WITH_KNOTS ( 'NONE', 3,
 ( #2137, #8795, #6994, #344 ),
 .UNSPECIFIED., .F., .F.,
 ( 4, 4 ),
 ( 3.000000000000000000, 4.000000000000000000 ),
 .UNSPECIFIED. ) ;
#8961 = ORIENTED_EDGE ( 'NONE', *, *, #11703, .T. ) ;
#8962 = B_SPLINE_CURVE_WITH_KNOTS ( 'NONE', 3,
 ( #9795, #4441, #8000, #8187 ),
 .UNSPECIFIED., .F., .F.,
 ( 4, 4 ),
 ( 11.00000000000000000, 12.00000000000000000 ),
 .UNSPECIFIED. ) ;
#8963 = CARTESIAN_POINT ( 'NONE',  ( 2.527425204591026375, -12.70999999999999730, 2.161043594408120772 ) ) ;
#8964 = SURFACE_STYLE_USAGE ( .BOTH. , #4320 ) ;
#8965 = VERTEX_POINT ( 'NONE', #5430 ) ;
#8966 = EDGE_LOOP ( 'NONE', ( #7285, #5622, #4471, #359 ) ) ;
#8967 = CARTESIAN_POINT ( 'NONE',  ( 0.6499689936924909484, -12.69999999999999751, 2.242837883824259748 ) ) ;
#8968 = CARTESIAN_POINT ( 'NONE',  ( -2.984939824256972241, -12.69999999999999751, 1.733930496851108449 ) ) ;
#8969 = CARTESIAN_POINT ( 'NONE',  ( 1.162049767479570006, -12.70999999999999730, 0.9334360812087704184 ) ) ;
#8970 = DIRECTION ( 'NONE',  ( -1.000000000000000000, 0.000000000000000000, 0.000000000000000000 ) ) ;
#8971 = FILL_AREA_STYLE ('',( #11485 ) ) ;
#8972 = EDGE_CURVE ( 'NONE', #10068, #6917, #9269, .T. ) ;
#8973 =( NAMED_UNIT ( * ) PLANE_ANGLE_UNIT ( ) SI_UNIT ( $, .RADIAN. ) );
#8974 = FILL_AREA_STYLE ('',( #5210 ) ) ;
#8975 = FILL_AREA_STYLE ('',( #6189 ) ) ;
#8976 = ORIENTED_EDGE ( 'NONE', *, *, #5559, .F. ) ;
#8977 = CARTESIAN_POINT ( 'NONE',  ( -22.04999999999999005, -12.69999999999999751, 21.50000000000000000 ) ) ;
#8978 = CARTESIAN_POINT ( 'NONE',  ( 0.1919556315546779024, -12.69999999999999751, 2.487180994157543790 ) ) ;
#8979 = ORIENTED_EDGE ( 'NONE', *, *, #8161, .F. ) ;
#8980 = AXIS2_PLACEMENT_3D ( 'NONE', #7710, #11464, #7764 ) ;
#8981 = ORIENTED_EDGE ( 'NONE', *, *, #3594, .F. ) ;
#8982 = DIRECTION ( 'NONE',  ( 0.1387416884823294283, 0.000000000000000000, -0.9903286039881269431 ) ) ;
#8983 = CARTESIAN_POINT ( 'NONE',  ( 0.6995307877048747569, -12.69999999999999751, 2.272990863400055961 ) ) ;
#8984 = DIRECTION ( 'NONE',  ( -0.000000000000000000, 1.000000000000000000, -0.000000000000000000 ) ) ;
#8985 = ORIENTED_EDGE ( 'NONE', *, *, #12160, .F. ) ;
#8986 = ORIENTED_EDGE ( 'NONE', *, *, #12143, .T. ) ;
#8987 =( NAMED_UNIT ( * ) PLANE_ANGLE_UNIT ( ) SI_UNIT ( $, .RADIAN. ) );
#8988 = CARTESIAN_POINT ( 'NONE',  ( 1.415404113091203397, -12.69999999999999751, 2.760983912123202266 ) ) ;
#8989 = LINE ( 'NONE', #11741, #334 ) ;
#8990 = FACE_OUTER_BOUND ( 'NONE', #11023, .T. ) ;
#8991 =( NAMED_UNIT ( * ) PLANE_ANGLE_UNIT ( ) SI_UNIT ( $, .RADIAN. ) );
#8992 = ORIENTED_EDGE ( 'NONE', *, *, #5111, .T. ) ;
#8993 = EDGE_CURVE ( 'NONE', #6935, #6626, #12142, .T. ) ;
#8994 = SURFACE_STYLE_USAGE ( .BOTH. , #7196 ) ;
#8995 = ORIENTED_EDGE ( 'NONE', *, *, #10576, .T. ) ;
#8996 =( NAMED_UNIT ( * ) PLANE_ANGLE_UNIT ( ) SI_UNIT ( $, .RADIAN. ) );
#8997 = CARTESIAN_POINT ( 'NONE',  ( -1.485933197642125947, -12.69999999999999751, 2.770221049609327579 ) ) ;
#8998 = CARTESIAN_POINT ( 'NONE',  ( 0.6995307877048738687, -12.69999999999999751, 2.189117058149034900 ) ) ;
#8999 = VERTEX_POINT ( 'NONE', #2766 ) ;
#9000 = SURFACE_SIDE_STYLE ('',( #6947 ) ) ;
#9001 = COLOUR_RGB ( '',1.000000000000000000, 1.000000000000000000, 1.000000000000000000 ) ;
#9002 = ORIENTED_EDGE ( 'NONE', *, *, #1260, .T. ) ;
#9003 = VERTEX_POINT ( 'NONE', #3635 ) ;
#9004 = CARTESIAN_POINT ( 'NONE',  ( 19.24999999999999645, -1.249999999999995115, -4.000000000000000000 ) ) ;
#9005 = CARTESIAN_POINT ( 'NONE',  ( 0.4641989126453104353, -12.69999999999999751, 2.771381491283765097 ) ) ;
#9006 = ORIENTED_EDGE ( 'NONE', *, *, #11661, .F. ) ;
#9007 = FACE_OUTER_BOUND ( 'NONE', #2045, .T. ) ;
#9008 = EDGE_CURVE ( 'NONE', #214, #6055, #11168, .T. ) ;
#9009 = ADVANCED_FACE ( 'NONE', ( #2594 ), #1692, .F. ) ;
#9010 = MECHANICAL_DESIGN_GEOMETRIC_PRESENTATION_REPRESENTATION (  '', ( #11960 ), #9592 ) ;
#9011 = UNCERTAINTY_MEASURE_WITH_UNIT (LENGTH_MEASURE( 1.000000000000000082E-05 ), #597, 'distance_accuracy_value', 'NONE');
#9012 = SURFACE_STYLE_USAGE ( .BOTH. , #8427 ) ;
#9013 = PLANE ( 'NONE',  #10848 ) ;
#9014 = SURFACE_SIDE_STYLE ('',( #5247 ) ) ;
#9015 = ORIENTED_EDGE ( 'NONE', *, *, #2713, .T. ) ;
#9016 = CARTESIAN_POINT ( 'NONE',  ( 1.145413640818973899, -12.70999999999999730, 0.8644654727597897992 ) ) ;
#9017 = FACE_BOUND ( 'NONE', #4464, .T. ) ;
#9018 = VERTEX_POINT ( 'NONE', #2709 ) ;
#9019 = ORIENTED_EDGE ( 'NONE', *, *, #3743, .T. ) ;
#9020 = FILL_AREA_STYLE ('',( #4398 ) ) ;
#9021 = CARTESIAN_POINT ( 'NONE',  ( -3.163278186800462688, -12.70999999999999730, 1.598971731040015554 ) ) ;
#9022 = FACE_OUTER_BOUND ( 'NONE', #6443, .T. ) ;
#9023 = CARTESIAN_POINT ( 'NONE',  ( 0.2941984933271434288, -12.70999999999999730, 1.112274442814796815 ) ) ;
#9024 = PLANE ( 'NONE',  #86 ) ;
#9025 = ADVANCED_FACE ( 'NONE', ( #1817 ), #10250, .T. ) ;
#9026 = CARTESIAN_POINT ( 'NONE',  ( 1.083721337782844074, -12.70999999999999730, 1.217289992363262963 ) ) ;
#9027 = VECTOR ( 'NONE', #4784, 1000.000000000000000 ) ;
#9028 = VERTEX_POINT ( 'NONE', #4771 ) ;
#9029 = CARTESIAN_POINT ( 'NONE',  ( -1.722111175716264375, -12.69999999999999751, 1.382073379651379552 ) ) ;
#9030 = UNCERTAINTY_MEASURE_WITH_UNIT (LENGTH_MEASURE( 1.000000000000000082E-05 ), #2566, 'distance_accuracy_value', 'NONE');
#9031 = ORIENTED_EDGE ( 'NONE', *, *, #9054, .F. ) ;
#9032 = VECTOR ( 'NONE', #464, 1000.000000000000000 ) ;
#9033 =( NAMED_UNIT ( * ) PLANE_ANGLE_UNIT ( ) SI_UNIT ( $, .RADIAN. ) );
#9034 = ORIENTED_EDGE ( 'NONE', *, *, #201, .F. ) ;
#9035 = ORIENTED_EDGE ( 'NONE', *, *, #6156, .T. ) ;
#9036 = ADVANCED_FACE ( 'NONE', ( #1018 ), #2054, .F. ) ;
#9037 = ORIENTED_EDGE ( 'NONE', *, *, #5484, .T. ) ;
#9038 = MECHANICAL_DESIGN_GEOMETRIC_PRESENTATION_REPRESENTATION (  '', ( #3700 ), #5097 ) ;
#9039 = SURFACE_STYLE_USAGE ( .BOTH. , #6501 ) ;
#9040 = PRESENTATION_STYLE_ASSIGNMENT (( #11683 ) ) ;
#9041 = MECHANICAL_DESIGN_GEOMETRIC_PRESENTATION_REPRESENTATION (  '', ( #8038 ), #6477 ) ;
#9042 = ORIENTED_EDGE ( 'NONE', *, *, #11811, .T. ) ;
#9043 = AXIS2_PLACEMENT_3D ( 'NONE', #9199, #12192, #10363 ) ;
#9044 =( LENGTH_UNIT ( ) NAMED_UNIT ( * ) SI_UNIT ( .MILLI., .METRE. ) );
#9045 = FILL_AREA_STYLE ('',( #3337 ) ) ;
#9046 = CARTESIAN_POINT ( 'NONE',  ( 2.728791654385999799, -12.69999999999999751, 1.433213052983943303 ) ) ;
#9047 = SURFACE_SIDE_STYLE ('',( #7318 ) ) ;
#9048 = CARTESIAN_POINT ( 'NONE',  ( -2.594523361750517232, -12.69999999999999751, 1.242294546281410339 ) ) ;
#9049 = PRESENTATION_LAYER_ASSIGNMENT (  '', '', ( #2335 ) ) ;
#9050 = CARTESIAN_POINT ( 'NONE',  ( 0.9457801208848780616, -12.69999999999999751, 1.074149985885020087 ) ) ;
#9051 = VECTOR ( 'NONE', #6072, 1000.000000000000000 ) ;
#9052 = VECTOR ( 'NONE', #11353, 1000.000000000000000 ) ;
#9053 = ORIENTED_EDGE ( 'NONE', *, *, #9698, .F. ) ;
#9054 = EDGE_CURVE ( 'NONE', #8308, #4930, #6511, .T. ) ;
#9055 = FACE_OUTER_BOUND ( 'NONE', #11699, .T. ) ;
#9056 = LINE ( 'NONE', #7257, #5752 ) ;
#9057 = FACE_OUTER_BOUND ( 'NONE', #3092, .T. ) ;
#9058 = DIRECTION ( 'NONE',  ( 0.000000000000000000, 1.000000000000000000, 0.000000000000000000 ) ) ;
#9059 = VECTOR ( 'NONE', #8984, 1000.000000000000000 ) ;
#9060 = EDGE_LOOP ( 'NONE', ( #7243, #7255, #9155, #1377 ) ) ;
#9061 = EDGE_LOOP ( 'NONE', ( #4696, #8714, #1777, #10642 ) ) ;
#9062 =( GEOMETRIC_REPRESENTATION_CONTEXT ( 3 ) GLOBAL_UNCERTAINTY_ASSIGNED_CONTEXT ( ( #4927 ) ) GLOBAL_UNIT_ASSIGNED_CONTEXT ( ( #1895, #6671, #9833 ) ) REPRESENTATION_CONTEXT ( 'NONE', 'WORKASPACE' ) );
#9063 = FILL_AREA_STYLE_COLOUR ( '', #5088 ) ;
#9064 = VERTEX_POINT ( 'NONE', #7718 ) ;
#9065 = CARTESIAN_POINT ( 'NONE',  ( 0.4962581150632007776, -12.69999999999999751, 1.156984033216291285 ) ) ;
#9066 = CARTESIAN_POINT ( 'NONE',  ( 2.048789977113333549, -12.70999999999999730, 1.162875994744636765 ) ) ;
#9067 = ORIENTED_EDGE ( 'NONE', *, *, #307, .F. ) ;
#9068 = UNCERTAINTY_MEASURE_WITH_UNIT (LENGTH_MEASURE( 1.000000000000000082E-05 ), #9550, 'distance_accuracy_value', 'NONE');
#9069 = DIRECTION ( 'NONE',  ( -0.000000000000000000, -0.000000000000000000, 1.000000000000000000 ) ) ;
#9070 = SURFACE_STYLE_USAGE ( .BOTH. , #6221 ) ;
#9071 = CARTESIAN_POINT ( 'NONE',  ( -3.042779255920823545, -12.70999999999999730, 2.630442285191726182 ) ) ;
#9072 = FACE_OUTER_BOUND ( 'NONE', #3289, .T. ) ;
#9073 = VECTOR ( 'NONE', #3252, 1000.000000000000000 ) ;
#9074 = CARTESIAN_POINT ( 'NONE',  ( 0.6416509303622058846, -12.69999999999999751, 1.397168111884435238 ) ) ;
#9075 = CARTESIAN_POINT ( 'NONE',  ( -0.7484797774236003898, -12.69999999999999751, 1.758030191093176597 ) ) ;
#9076 = VERTEX_POINT ( 'NONE', #1195 ) ;
#9077 = DIRECTION ( 'NONE',  ( 1.000000000000000000, 0.000000000000000000, -0.000000000000000000 ) ) ;
#9078 = SURFACE_SIDE_STYLE ('',( #7097 ) ) ;
#9079 = EDGE_CURVE ( 'NONE', #214, #10266, #7580, .T. ) ;
#9080 = ORIENTED_EDGE ( 'NONE', *, *, #4444, .F. ) ;
#9081 = ORIENTED_EDGE ( 'NONE', *, *, #8871, .T. ) ;
#9082 = LINE ( 'NONE', #6176, #2536 ) ;
#9083 = MECHANICAL_DESIGN_GEOMETRIC_PRESENTATION_REPRESENTATION (  '', ( #7301 ), #3934 ) ;
#9084 = B_SPLINE_CURVE_WITH_KNOTS ( 'NONE', 3,
 ( #1223, #9652, #6795, #7615 ),
 .UNSPECIFIED., .F., .F.,
 ( 4, 4 ),
 ( 19.00000000000000000, 20.00000000000000000 ),
 .UNSPECIFIED. ) ;
#9085 = EDGE_CURVE ( 'NONE', #5227, #9763, #3134, .T. ) ;
#9086 = COLOUR_RGB ( '',0.2509803921568627416, 0.2509803921568627416, 0.2509803921568627416 ) ;
#9087 = B_SPLINE_CURVE_WITH_KNOTS ( 'NONE', 3,
 ( #418, #6869, #10773, #6149 ),
 .UNSPECIFIED., .F., .F.,
 ( 4, 4 ),
 ( 11.00000000000000000, 12.00000000000000000 ),
 .UNSPECIFIED. ) ;
#9088 = SURFACE_STYLE_FILL_AREA ( #4263 ) ;
#9089 = CARTESIAN_POINT ( 'NONE',  ( 0.9965549657982581966, -12.69999999999999751, 1.208971929032973902 ) ) ;
#9090 = PRESENTATION_STYLE_ASSIGNMENT (( #7905 ) ) ;
#9091 = VECTOR ( 'NONE', #2624, 1000.000000000000000 ) ;
#9092 = CARTESIAN_POINT ( 'NONE',  ( -1.047317162782429367, -12.70999999999999730, 1.555591858505118497 ) ) ;
#9093 = FACE_OUTER_BOUND ( 'NONE', #3804, .T. ) ;
#9094 = MECHANICAL_DESIGN_GEOMETRIC_PRESENTATION_REPRESENTATION (  '', ( #8095 ), #10653 ) ;
#9095 = EDGE_LOOP ( 'NONE', ( #3398, #5306, #683, #4534 ) ) ;
#9096 = EDGE_CURVE ( 'NONE', #8612, #10913, #1084, .T. ) ;
#9097 = PRESENTATION_LAYER_ASSIGNMENT (  '', '', ( #1240 ) ) ;
#9098 =( LENGTH_UNIT ( ) NAMED_UNIT ( * ) SI_UNIT ( .MILLI., .METRE. ) );
#9099 = SURFACE_STYLE_USAGE ( .BOTH. , #1574 ) ;
#9100 = CARTESIAN_POINT ( 'NONE',  ( 0.9374620575545931089, -12.69999999999999751, 1.511888068654680728 ) ) ;
#9101 = VERTEX_POINT ( 'NONE', #8577 ) ;
#9102 = ORIENTED_EDGE ( 'NONE', *, *, #9341, .F. ) ;
#9103 = AXIS2_PLACEMENT_3D ( 'NONE', #7539, #10375, #8466 ) ;
#9104 = MECHANICAL_DESIGN_GEOMETRIC_PRESENTATION_REPRESENTATION (  '', ( #3560 ), #2202 ) ;
#9105 = CARTESIAN_POINT ( 'NONE',  ( 0.5567373671960460513, -12.70999999999999730, 1.282101569147112707 ) ) ;
#9106 = DIRECTION ( 'NONE',  ( 1.000000000000000000, -0.000000000000000000, -0.000000000000000000 ) ) ;
#9107 = SURFACE_STYLE_FILL_AREA ( #2665 ) ;
#9108 = ORIENTED_EDGE ( 'NONE', *, *, #4020, .F. ) ;
#9109 =( NAMED_UNIT ( * ) SI_UNIT ( $, .STERADIAN. ) SOLID_ANGLE_UNIT ( ) );
#9110 = COLOUR_RGB ( '',0.2509803921568627416, 0.2509803921568627416, 0.2509803921568627416 ) ;
#9111 = DIRECTION ( 'NONE',  ( -1.000000000000000000, -0.000000000000000000, -0.000000000000000000 ) ) ;
#9112 = LINE ( 'NONE', #10766, #5647 ) ;
#9113 = FILL_AREA_STYLE ('',( #9228 ) ) ;
#9114 = CARTESIAN_POINT ( 'NONE',  ( -2.782501675538016084, -12.69999999999999751, 1.430272952002306752 ) ) ;
#9115 = PRESENTATION_LAYER_ASSIGNMENT (  '', '', ( #6719 ) ) ;
#9116 = PRESENTATION_STYLE_ASSIGNMENT (( #1589 ) ) ;
#9117 = EDGE_LOOP ( 'NONE', ( #5667, #1850, #9701, #11131 ) ) ;
#9118 = VECTOR ( 'NONE', #4799, 1000.000000000000000 ) ;
#9119 = EDGE_CURVE ( 'NONE', #11339, #949, #8632, .T. ) ;
#9120 =( NAMED_UNIT ( * ) SI_UNIT ( $, .STERADIAN. ) SOLID_ANGLE_UNIT ( ) );
#9121 = ORIENTED_EDGE ( 'NONE', *, *, #107, .T. ) ;
#9122 = APPLICATION_PROTOCOL_DEFINITION ( 'draft international standard', 'automotive_design', 1998, #7914 ) ;
#9123 = DIRECTION ( 'NONE',  ( -0.5048830486499233938, 0.000000000000000000, 0.8631877589412161322 ) ) ;
#9124 = FACE_OUTER_BOUND ( 'NONE', #7923, .T. ) ;
#9125 = AXIS2_PLACEMENT_3D ( 'NONE', #10235, #11035, #6360 ) ;
#9126 = VERTEX_POINT ( 'NONE', #10562 ) ;
#9127 = DIRECTION ( 'NONE',  ( -0.000000000000000000, -0.000000000000000000, -1.000000000000000000 ) ) ;
#9128 = ORIENTED_EDGE ( 'NONE', *, *, #9271, .F. ) ;
#9129 = SURFACE_SIDE_STYLE ('',( #2389 ) ) ;
#9130 = EDGE_CURVE ( 'NONE', #5566, #4061, #10381, .T. ) ;
#9131 = DIRECTION ( 'NONE',  ( 1.000000000000000000, 0.000000000000000000, -0.000000000000000000 ) ) ;
#9132 = EDGE_LOOP ( 'NONE', ( #8031, #10844, #7404, #3533 ) ) ;
#9133 = DIRECTION ( 'NONE',  ( -0.000000000000000000, 1.000000000000000000, -0.000000000000000000 ) ) ;
#9134 = CARTESIAN_POINT ( 'NONE',  ( 0.6995307877048747569, -12.70999999999999730, 2.189117058149032236 ) ) ;
#9135 = ORIENTED_EDGE ( 'NONE', *, *, #6542, .T. ) ;
#9136 = B_SPLINE_CURVE_WITH_KNOTS ( 'NONE', 3,
 ( #8406, #8193, #10792, #3431 ),
 .UNSPECIFIED., .F., .F.,
 ( 4, 4 ),
 ( 12.00000000000000000, 13.00000000000000000 ),
 .UNSPECIFIED. ) ;
#9137 = VECTOR ( 'NONE', #3003, 1000.000000000000000 ) ;
#9138 = CARTESIAN_POINT ( 'NONE',  ( 2.107016420425415593, -12.70999999999999730, 2.423062589321753890 ) ) ;
#9139 = SURFACE_STYLE_FILL_AREA ( #2285 ) ;
#9140 = EDGE_CURVE ( 'NONE', #1779, #8433, #3587, .T. ) ;
#9141 = UNCERTAINTY_MEASURE_WITH_UNIT (LENGTH_MEASURE( 1.000000000000000082E-05 ), #8957, 'distance_accuracy_value', 'NONE');
#9142 = CARTESIAN_POINT ( 'NONE',  ( 0.4012935587059008324, -12.69999999999999751, 1.143813766277427035 ) ) ;
#9143 = CARTESIAN_POINT ( 'NONE',  ( 0.1713337662147740026, -12.69999999999999751, 1.085587322965344104 ) ) ;
#9144 = CARTESIAN_POINT ( 'NONE',  ( 0.1642287537877672177, -12.69999999999999751, 2.238332266187401220 ) ) ;
#9145 =( LENGTH_UNIT ( ) NAMED_UNIT ( * ) SI_UNIT ( .MILLI., .METRE. ) );
#9146 = VERTEX_POINT ( 'NONE', #2105 ) ;
#9147 = ORIENTED_EDGE ( 'NONE', *, *, #2836, .T. ) ;
#9148 =( NAMED_UNIT ( * ) PLANE_ANGLE_UNIT ( ) SI_UNIT ( $, .RADIAN. ) );
#9149 = FILL_AREA_STYLE_COLOUR ( '', #7650 ) ;
#9150 = VERTEX_POINT ( 'NONE', #3176 ) ;
#9151 = SURFACE_STYLE_USAGE ( .BOTH. , #4451 ) ;
#9152 = EDGE_CURVE ( 'NONE', #7171, #5378, #2275, .T. ) ;
#9153 = DIRECTION ( 'NONE',  ( 1.000000000000000000, 0.000000000000000000, 0.000000000000000000 ) ) ;
#9154 = DIRECTION ( 'NONE',  ( -0.000000000000000000, 1.000000000000000000, -0.000000000000000000 ) ) ;
#9155 = ORIENTED_EDGE ( 'NONE', *, *, #10487, .F. ) ;
#9156 = B_SPLINE_CURVE_WITH_KNOTS ( 'NONE', 3,
 ( #3471, #7259, #6342, #4800 ),
 .UNSPECIFIED., .F., .F.,
 ( 4, 4 ),
 ( 4.000000000000000000, 5.000000000000000000 ),
 .UNSPECIFIED. ) ;
#9157 = FILL_AREA_STYLE ('',( #4327 ) ) ;
#9158 =( NAMED_UNIT ( * ) PLANE_ANGLE_UNIT ( ) SI_UNIT ( $, .RADIAN. ) );
#9159 = DIRECTION ( 'NONE',  ( -0.000000000000000000, 1.000000000000000000, -0.000000000000000000 ) ) ;
#9160 = SURFACE_STYLE_FILL_AREA ( #3507 ) ;
#9161 = B_SPLINE_CURVE_WITH_KNOTS ( 'NONE', 3,
 ( #9883, #10799, #9945, #7168 ),
 .UNSPECIFIED., .F., .F.,
 ( 4, 4 ),
 ( 26.00000000000000000, 27.00000000000000000 ),
 .UNSPECIFIED. ) ;
#9162 = ORIENTED_EDGE ( 'NONE', *, *, #4717, .T. ) ;
#9163 = PRESENTATION_LAYER_ASSIGNMENT (  '', '', ( #2250 ) ) ;
#9164 = FACE_OUTER_BOUND ( 'NONE', #10365, .T. ) ;
#9165 = CARTESIAN_POINT ( 'NONE',  ( -1.640171865943553797, -12.69999999999999751, 1.382073379651379552 ) ) ;
#9166 = UNCERTAINTY_MEASURE_WITH_UNIT (LENGTH_MEASURE( 1.000000000000000082E-05 ), #10475, 'distance_accuracy_value', 'NONE');
#9167 = ORIENTED_EDGE ( 'NONE', *, *, #6570, .F. ) ;
#9168 = CARTESIAN_POINT ( 'NONE',  ( -0.1932746764407473894, -12.69999999999999751, 2.161043594408121216 ) ) ;
#9169 = ORIENTED_EDGE ( 'NONE', *, *, #3840, .F. ) ;
#9170 = FILL_AREA_STYLE ('',( #782 ) ) ;
#9171 = EDGE_CURVE ( 'NONE', #5630, #5388, #10795, .T. ) ;
#9172 = FACE_OUTER_BOUND ( 'NONE', #6066, .T. ) ;
#9173 = ORIENTED_EDGE ( 'NONE', *, *, #9293, .T. ) ;
#9174 = SURFACE_SIDE_STYLE ('',( #2550 ) ) ;
#9175 = PLANE ( 'NONE',  #2195 ) ;
#9176 = DIRECTION ( 'NONE',  ( -1.000000000000000000, 0.000000000000000000, 0.000000000000000000 ) ) ;
#9177 =( NAMED_UNIT ( * ) PLANE_ANGLE_UNIT ( ) SI_UNIT ( $, .RADIAN. ) );
#9178 = PRESENTATION_STYLE_ASSIGNMENT (( #1658 ) ) ;
#9179 = PRESENTATION_LAYER_ASSIGNMENT (  '', '', ( #5795 ) ) ;
#9180 = LINE ( 'NONE', #735, #9361 ) ;
#9181 = ORIENTED_EDGE ( 'NONE', *, *, #6006, .T. ) ;
#9182 = ORIENTED_EDGE ( 'NONE', *, *, #4524, .T. ) ;
#9183 =( NAMED_UNIT ( * ) SI_UNIT ( $, .STERADIAN. ) SOLID_ANGLE_UNIT ( ) );
#9184 = CARTESIAN_POINT ( 'NONE',  ( 0.5567373671960460513, -12.69999999999999751, 1.282101569147112929 ) ) ;
#9185 = CARTESIAN_POINT ( 'NONE',  ( -3.037959280299975084, -12.70999999999999730, 2.341245126877084637 ) ) ;
#9186 = ORIENTED_EDGE ( 'NONE', *, *, #2286, .T. ) ;
#9187 = PRESENTATION_STYLE_ASSIGNMENT (( #3225 ) ) ;
#9188 = EDGE_CURVE ( 'NONE', #11903, #468, #8959, .T. ) ;
#9189 = ORIENTED_EDGE ( 'NONE', *, *, #9754, .T. ) ;
#9190 = DIRECTION ( 'NONE',  ( -0.000000000000000000, -0.000000000000000000, -1.000000000000000000 ) ) ;
#9191 = UNCERTAINTY_MEASURE_WITH_UNIT (LENGTH_MEASURE( 1.000000000000000082E-05 ), #1812, 'distance_accuracy_value', 'NONE');
#9192 = DIRECTION ( 'NONE',  ( -0.3559357243698745288, -0.000000000000000000, 0.9345104387417472180 ) ) ;
#9193 = EDGE_CURVE ( 'NONE', #3540, #10682, #1561, .T. ) ;
#9194 =( LENGTH_UNIT ( ) NAMED_UNIT ( * ) SI_UNIT ( .MILLI., .METRE. ) );
#9195 = CARTESIAN_POINT ( 'NONE',  ( 3.065153340310124541, -12.69999999999999751, 1.656414419019757611 ) ) ;
#9196 =( GEOMETRIC_REPRESENTATION_CONTEXT ( 3 ) GLOBAL_UNCERTAINTY_ASSIGNED_CONTEXT ( ( #12199 ) ) GLOBAL_UNIT_ASSIGNED_CONTEXT ( ( #9098, #10992, #1390 ) ) REPRESENTATION_CONTEXT ( 'NONE', 'WORKASPACE' ) );
#9197 = CARTESIAN_POINT ( 'NONE',  ( 0.4666250144496134067, -12.69999999999999751, 1.580858677103661680 ) ) ;
#9198 = FACE_OUTER_BOUND ( 'NONE', #1088, .T. ) ;
#9199 = CARTESIAN_POINT ( 'NONE',  ( 19.24999999999999645, -1.249999999999995115, 0.000000000000000000 ) ) ;
#9200 = CARTESIAN_POINT ( 'NONE',  ( 1.025148308496749650, -12.69999999999999751, 1.573926957660192638 ) ) ;
#9201 = VECTOR ( 'NONE', #3438, 1000.000000000000000 ) ;
#9202 = CARTESIAN_POINT ( 'NONE',  ( -22.04999999999999716, -11.89999999999999680, 20.69999999999999929 ) ) ;
#9203 = CARTESIAN_POINT ( 'NONE',  ( -0.7532996611133518927, -12.70999999999999730, 2.047227441341211929 ) ) ;
#9204 = CARTESIAN_POINT ( 'NONE',  ( -1.485933197642125947, -12.70999999999999730, 2.770221049609327579 ) ) ;
#9205 = ORIENTED_EDGE ( 'NONE', *, *, #8213, .F. ) ;
#9206 = CARTESIAN_POINT ( 'NONE',  ( 1.083721337782844074, -12.69999999999999751, 1.217289992363262963 ) ) ;
#9207 = CARTESIAN_POINT ( 'NONE',  ( 1.280582169938624615, -12.70999999999999730, 0.9985942439642949697 ) ) ;
#9208 = COLOUR_RGB ( '',1.000000000000000000, 1.000000000000000000, 1.000000000000000000 ) ;
#9209 = SURFACE_SIDE_STYLE ('',( #5617 ) ) ;
#9210 = CARTESIAN_POINT ( 'NONE',  ( 0.7572373520594096741, -12.70999999999999730, 1.439105014512265912 ) ) ;
#9211 = MECHANICAL_DESIGN_GEOMETRIC_PRESENTATION_REPRESENTATION (  '', ( #7625 ), #7998 ) ;
#9212 = FILL_AREA_STYLE ('',( #5434 ) ) ;
#9213 =( NAMED_UNIT ( * ) PLANE_ANGLE_UNIT ( ) SI_UNIT ( $, .RADIAN. ) );
#9214 = SURFACE_STYLE_USAGE ( .BOTH. , #6980 ) ;
#9215 = VERTEX_POINT ( 'NONE', #9075 ) ;
#9216 = DIRECTION ( 'NONE',  ( -0.000000000000000000, 1.000000000000000000, -0.000000000000000000 ) ) ;
#9217 = CARTESIAN_POINT ( 'NONE',  ( 0.5567373671960460513, -12.70999999999999730, 1.242244182354171000 ) ) ;
#9218 = B_SPLINE_SURFACE_WITH_KNOTS ( 'NONE', 3, 1, ( 
 ( #5365, #2461 ),
 ( #5302, #6096 ),
 ( #5242, #9142 ),
 ( #5190, #3486 ) ),
 .UNSPECIFIED., .F., .F., .F.,
 ( 4, 4 ),
 ( 2, 2 ),
 ( 3.000000000000000000, 4.000000000000000000 ),
 ( 0.000000000000000000, 1.000000000000000000 ),
 .UNSPECIFIED. ) ;
#9219 =( GEOMETRIC_REPRESENTATION_CONTEXT ( 3 ) GLOBAL_UNCERTAINTY_ASSIGNED_CONTEXT ( ( #6544 ) ) GLOBAL_UNIT_ASSIGNED_CONTEXT ( ( #3898, #1275, #11368 ) ) REPRESENTATION_CONTEXT ( 'NONE', 'WORKASPACE' ) );
#9220 = CARTESIAN_POINT ( 'NONE',  ( -1.485933197642125947, -12.69999999999999751, 2.770221049609327579 ) ) ;
#9221 = ORIENTED_EDGE ( 'NONE', *, *, #5391, .F. ) ;
#9222 = CARTESIAN_POINT ( 'NONE',  ( 3.065153340310124541, -12.70999999999999730, 1.656414419019757611 ) ) ;
#9223 = ORIENTED_EDGE ( 'NONE', *, *, #6306, .T. ) ;
#9224 = DIRECTION ( 'NONE',  ( -0.000000000000000000, -0.000000000000000000, 1.000000000000000000 ) ) ;
#9226 = ORIENTED_EDGE ( 'NONE', *, *, #4179, .T. ) ;
#9225 = CARTESIAN_POINT ( 'NONE',  ( 0.9457801208848780616, -12.70999999999999730, 1.580858677103661680 ) ) ;
#9227 = CARTESIAN_POINT ( 'NONE',  ( 1.715374271948743479, -12.69999999999999751, 2.309035804494934396 ) ) ;
#9228 = FILL_AREA_STYLE_COLOUR ( '', #11556 ) ;
#9229 = VECTOR ( 'NONE', #7227, 1000.000000000000000 ) ;
#9230 =( NAMED_UNIT ( * ) SI_UNIT ( $, .STERADIAN. ) SOLID_ANGLE_UNIT ( ) );
#9231 = LINE ( 'NONE', #5281, #584 ) ;
#9232 = EDGE_CURVE ( 'NONE', #10868, #6418, #2463, .T. ) ;
#9233 = EDGE_CURVE ( 'NONE', #1722, #301, #9936, .T. ) ;
#9234 = DIRECTION ( 'NONE',  ( -1.000000000000000000, 0.000000000000000000, -0.000000000000000000 ) ) ;
#9235 = VECTOR ( 'NONE', #665, 1000.000000000000000 ) ;
#9236 =( NAMED_UNIT ( * ) SI_UNIT ( $, .STERADIAN. ) SOLID_ANGLE_UNIT ( ) );
#9237 = MECHANICAL_DESIGN_GEOMETRIC_PRESENTATION_REPRESENTATION (  '', ( #5286 ), #2321 ) ;
#9238 = PLANE ( 'NONE',  #4386 ) ;
#9239 = PRESENTATION_LAYER_ASSIGNMENT (  '', '', ( #2322 ) ) ;
#9240 = PRESENTATION_LAYER_ASSIGNMENT (  '', '', ( #11986 ) ) ;
#9241 = CARTESIAN_POINT ( 'NONE',  ( 1.261346648487901012, -12.69999999999999751, 0.9528448956476549547 ) ) ;
#9242 = CARTESIAN_POINT ( 'NONE',  ( 0.4132507747437730306, -12.70999999999999730, 1.373253679813293271 ) ) ;
#9243 = VERTEX_POINT ( 'NONE', #505 ) ;
#9244 = LINE ( 'NONE', #8247, #7700 ) ;
#9245 = EDGE_CURVE ( 'NONE', #2783, #10364, #2569, .T. ) ;
#9246 = ORIENTED_EDGE ( 'NONE', *, *, #9792, .T. ) ;
#9247 = B_SPLINE_CURVE_WITH_KNOTS ( 'NONE', 3,
 ( #1499, #762, #7172, #8146 ),
 .UNSPECIFIED., .F., .F.,
 ( 4, 4 ),
 ( 15.00000000000000000, 16.00000000000000000 ),
 .UNSPECIFIED. ) ;
#9248 = PRESENTATION_LAYER_ASSIGNMENT (  '', '', ( #10031 ) ) ;
#9249 = ADVANCED_FACE ( 'NONE', ( #7018, #2332, #11650, #5304, #5193, #371, #11894, #8826, #3435, #2222, #1491, #8891, #9875, #6961 ), #9013, .F. ) ;
#9250 = SURFACE_SIDE_STYLE ('',( #4625 ) ) ;
#9251 = ORIENTED_EDGE ( 'NONE', *, *, #9562, .T. ) ;
#9252 = CARTESIAN_POINT ( 'NONE',  ( 1.879829315710288773, -12.70999999999999730, 2.403653774882851035 ) ) ;
#9253 = EDGE_CURVE ( 'NONE', #8059, #9733, #3561, .T. ) ;
#9254 = SURFACE_STYLE_USAGE ( .BOTH. , #1729 ) ;
#9255 = ORIENTED_EDGE ( 'NONE', *, *, #7699, .T. ) ;
#9256 = PRESENTATION_LAYER_ASSIGNMENT (  '', '', ( #2344 ) ) ;
#9257 = UNCERTAINTY_MEASURE_WITH_UNIT (LENGTH_MEASURE( 1.000000000000000082E-05 ), #1245, 'distance_accuracy_value', 'NONE');
#9258 = CARTESIAN_POINT ( 'NONE',  ( 0.7567174731018387890, -12.69999999999999751, 1.102570035597665088 ) ) ;
#9259 = DIRECTION ( 'NONE',  ( 1.000000000000000000, -0.000000000000000000, -0.000000000000000000 ) ) ;
#9260 = SURFACE_SIDE_STYLE ('',( #8266 ) ) ;
#9261 = VERTEX_POINT ( 'NONE', #1734 ) ;
#9262 = SURFACE_STYLE_USAGE ( .BOTH. , #2871 ) ;
#9263 = EDGE_CURVE ( 'NONE', #4080, #5705, #12019, .T. ) ;
#9264 = FACE_OUTER_BOUND ( 'NONE', #5283, .T. ) ;
#9265 =( GEOMETRIC_REPRESENTATION_CONTEXT ( 3 ) GLOBAL_UNCERTAINTY_ASSIGNED_CONTEXT ( ( #2460 ) ) GLOBAL_UNIT_ASSIGNED_CONTEXT ( ( #10808, #11720, #10747 ) ) REPRESENTATION_CONTEXT ( 'NONE', 'WORKASPACE' ) );
#9266 = UNCERTAINTY_MEASURE_WITH_UNIT (LENGTH_MEASURE( 1.000000000000000082E-05 ), #12091, 'distance_accuracy_value', 'NONE');
#9267 = SURFACE_STYLE_USAGE ( .BOTH. , #5318 ) ;
#9268 =( LENGTH_UNIT ( ) NAMED_UNIT ( * ) SI_UNIT ( .MILLI., .METRE. ) );
#9269 = LINE ( 'NONE', #6603, #9499 ) ;
#9270 = DIRECTION ( 'NONE',  ( -0.9910683662997866739, 0.000000000000000000, -0.1333547648937667973 ) ) ;
#9271 = EDGE_CURVE ( 'NONE', #8159, #4350, #8382, .T. ) ;
#9272 = CARTESIAN_POINT ( 'NONE',  ( 0.2664716155579470724, -12.70999999999999730, 1.137575218777406638 ) ) ;
#9273 = DIRECTION ( 'NONE',  ( -0.000000000000000000, 1.000000000000000000, -0.000000000000000000 ) ) ;
#9274 = VECTOR ( 'NONE', #9259, 1000.000000000000000 ) ;
#9275 = DIRECTION ( 'NONE',  ( -0.000000000000000000, 1.000000000000000000, -0.000000000000000000 ) ) ;
#9276 = COLOUR_RGB ( '',1.000000000000000000, 1.000000000000000000, 1.000000000000000000 ) ;
#9277 = EDGE_LOOP ( 'NONE', ( #4746, #12124, #1256, #10362 ) ) ;
#9278 = B_SPLINE_CURVE_WITH_KNOTS ( 'NONE', 3,
 ( #1567, #9092, #463, #11910 ),
 .UNSPECIFIED., .F., .F.,
 ( 4, 4 ),
 ( 24.00000000000000000, 25.00000000000000000 ),
 .UNSPECIFIED. ) ;
#9279 = B_SPLINE_CURVE_WITH_KNOTS ( 'NONE', 3,
 ( #11359, #1940, #9348, #2893 ),
 .UNSPECIFIED., .F., .F.,
 ( 4, 4 ),
 ( 5.000000000000000000, 6.000000000000000000 ),
 .UNSPECIFIED. ) ;
#9280 = AXIS2_PLACEMENT_3D ( 'NONE', #3531, #7325, #2794 ) ;
#9281 = FILL_AREA_STYLE ('',( #7237 ) ) ;
#9282 = SURFACE_STYLE_FILL_AREA ( #10264 ) ;
#9283 = CARTESIAN_POINT ( 'NONE',  ( 0.8705709649381874193, -12.69999999999999751, 1.493865598102612102 ) ) ;
#9284 = VECTOR ( 'NONE', #1301, 1000.000000000000000 ) ;
#9285 = VERTEX_POINT ( 'NONE', #9144 ) ;
#9286 = CARTESIAN_POINT ( 'NONE',  ( 0.2526081766733467848, -12.70999999999999730, 1.215210476532994077 ) ) ;
#9287 = ORIENTED_EDGE ( 'NONE', *, *, #3975, .F. ) ;
#9288 = DIRECTION ( 'NONE',  ( -1.000000000000000000, 0.000000000000000000, 0.000000000000000000 ) ) ;
#9289 = PRESENTATION_LAYER_ASSIGNMENT (  '', '', ( #4942 ) ) ;
#9290 = CARTESIAN_POINT ( 'NONE',  ( -2.782501675538016084, -12.70999999999999730, 1.054316140560536796 ) ) ;
#9291 = COLOUR_RGB ( '',1.000000000000000000, 1.000000000000000000, 1.000000000000000000 ) ;
#9292 = SURFACE_SIDE_STYLE ('',( #10393 ) ) ;
#9293 = EDGE_CURVE ( 'NONE', #301, #6720, #10543, .T. ) ;
#9294 = MECHANICAL_DESIGN_GEOMETRIC_PRESENTATION_REPRESENTATION (  '', ( #5723 ), #4945 ) ;
#9295 = PRESENTATION_STYLE_ASSIGNMENT (( #3653 ) ) ;
#9296 = CARTESIAN_POINT ( 'NONE',  ( 2.636773078785899393, -12.69999999999999751, 1.346219973987518470 ) ) ;
#9297 = CARTESIAN_POINT ( 'NONE',  ( 2.014131379900668151, -12.70999999999999730, 1.390929564389012718 ) ) ;
#9298 = AXIS2_PLACEMENT_3D ( 'NONE', #1585, #1523, #3271 ) ;
#9299 =( GEOMETRIC_REPRESENTATION_CONTEXT ( 3 ) GLOBAL_UNCERTAINTY_ASSIGNED_CONTEXT ( ( #1173 ) ) GLOBAL_UNIT_ASSIGNED_CONTEXT ( ( #3911, #7860, #1462 ) ) REPRESENTATION_CONTEXT ( 'NONE', 'WORKASPACE' ) );
#9300 = ORIENTED_EDGE ( 'NONE', *, *, #7337, .F. ) ;
#9301 = FILL_AREA_STYLE ('',( #10214 ) ) ;
#9302 = VECTOR ( 'NONE', #1211, 1000.000000000000000 ) ;
#9303 = VERTEX_POINT ( 'NONE', #10980 ) ;
#9304 = STYLED_ITEM ( 'NONE', ( #6362 ), #1500 ) ;
#9305 = CARTESIAN_POINT ( 'NONE',  ( 0.9929158130906751145, -12.70999999999999730, 1.086973666852187215 ) ) ;
#9306 = AXIS2_PLACEMENT_3D ( 'NONE', #8219, #2660, #10261 ) ;
#9307 = CARTESIAN_POINT ( 'NONE',  ( 0.5118544838086782622, -12.70999999999999730, 2.149606257327805636 ) ) ;
#9308 =( NAMED_UNIT ( * ) PLANE_ANGLE_UNIT ( ) SI_UNIT ( $, .RADIAN. ) );
#9309 = ORIENTED_EDGE ( 'NONE', *, *, #891, .T. ) ;
#9310 = ORIENTED_EDGE ( 'NONE', *, *, #9989, .F. ) ;
#9311 = CARTESIAN_POINT ( 'NONE',  ( 1.771694492416408639, -12.69999999999999751, 1.468564822140002502 ) ) ;
#9312 =( LENGTH_UNIT ( ) NAMED_UNIT ( * ) SI_UNIT ( .MILLI., .METRE. ) );
#9313 = PRESENTATION_LAYER_ASSIGNMENT (  '', '', ( #2401 ) ) ;
#9314 = SURFACE_STYLE_FILL_AREA ( #4556 ) ;
#9315 = B_SPLINE_CURVE_WITH_KNOTS ( 'NONE', 3,
 ( #7010, #2457, #9005, #433 ),
 .UNSPECIFIED., .F., .F.,
 ( 4, 4 ),
 ( 8.000000000000000000, 9.000000000000000000 ),
 .UNSPECIFIED. ) ;
#9316 = ORIENTED_EDGE ( 'NONE', *, *, #2668, .F. ) ;
#9317 = CARTESIAN_POINT ( 'NONE',  ( -3.235577683231577684, -12.70999999999999730, 1.092876129403349328 ) ) ;
#9318 = UNCERTAINTY_MEASURE_WITH_UNIT (LENGTH_MEASURE( 1.000000000000000082E-05 ), #743, 'distance_accuracy_value', 'NONE');
#9319 = DIRECTION ( 'NONE',  ( 1.000000000000000000, -0.000000000000000000, -0.000000000000000000 ) ) ;
#9320 = VERTEX_POINT ( 'NONE', #11952 ) ;
#9321 = DIRECTION ( 'NONE',  ( -0.000000000000000000, 1.000000000000000000, -0.000000000000000000 ) ) ;
#9322 = COLOUR_RGB ( '',1.000000000000000000, 1.000000000000000000, 1.000000000000000000 ) ;
#9323 = EDGE_CURVE ( 'NONE', #6959, #8159, #536, .T. ) ;
#9324 = EDGE_CURVE ( 'NONE', #6060, #5961, #830, .T. ) ;
#9325 = FILL_AREA_STYLE_COLOUR ( '', #10888 ) ;
#9326 = FILL_AREA_STYLE_COLOUR ( '', #819 ) ;
#9327 = MECHANICAL_DESIGN_GEOMETRIC_PRESENTATION_REPRESENTATION (  '', ( #4961 ), #11470 ) ;
#9328 = ORIENTED_EDGE ( 'NONE', *, *, #9512, .F. ) ;
#9329 = DIRECTION ( 'NONE',  ( -1.000000000000000000, 0.000000000000000000, 0.000000000000000000 ) ) ;
#9330 = B_SPLINE_SURFACE_WITH_KNOTS ( 'NONE', 3, 1, ( 
 ( #4281, #9349 ),
 ( #9222, #7244 ),
 ( #6253, #4533 ),
 ( #10021, #789 ) ),
 .UNSPECIFIED., .F., .F., .F.,
 ( 4, 4 ),
 ( 2, 2 ),
 ( 3.000000000000000000, 4.000000000000000000 ),
 ( 0.000000000000000000, 1.000000000000000000 ),
 .UNSPECIFIED. ) ;
#9331 = EDGE_CURVE ( 'NONE', #6203, #3412, #2694, .T. ) ;
#9332 = CARTESIAN_POINT ( 'NONE',  ( 0.3947084252364709278, -12.70999999999999730, 2.251502533126268801 ) ) ;
#9333 = CARTESIAN_POINT ( 'NONE',  ( -2.946380111214339959, -12.69999999999999751, 2.341245126877084637 ) ) ;
#9334 = LINE ( 'NONE', #8391, #11264 ) ;
#9335 = EDGE_LOOP ( 'NONE', ( #8112, #4816, #1132, #7235 ) ) ;
#9336 = SURFACE_STYLE_FILL_AREA ( #11114 ) ;
#9337 = CARTESIAN_POINT ( 'NONE',  ( 22.05000000000000426, 11.90000000000000036, 21.50000000000000000 ) ) ;
#9338 = COLOUR_RGB ( '',1.000000000000000000, 1.000000000000000000, 1.000000000000000000 ) ;
#9339 = CARTESIAN_POINT ( 'NONE',  ( 0.6995307877048747569, -12.70999999999999730, 2.822676215157017054 ) ) ;
#9340 = CARTESIAN_POINT ( 'NONE',  ( 3.077803728296038432, -12.70999999999999730, 1.638738534444029060 ) ) ;
#9341 = EDGE_CURVE ( 'NONE', #4688, #9845, #11155, .T. ) ;
#9342 = SURFACE_STYLE_FILL_AREA ( #2771 ) ;
#9343 = ORIENTED_EDGE ( 'NONE', *, *, #9746, .T. ) ;
#9344 = FILL_AREA_STYLE_COLOUR ( '', #11395 ) ;
#9345 = ORIENTED_EDGE ( 'NONE', *, *, #7217, .T. ) ;
#9346 = CARTESIAN_POINT ( 'NONE',  ( -3.037959280299975084, -12.70999999999999730, 2.341245126877084637 ) ) ;
#9347 = EDGE_CURVE ( 'NONE', #6917, #2830, #2145, .T. ) ;
#9348 = CARTESIAN_POINT ( 'NONE',  ( 2.558444649096109025, -12.70999999999999730, 1.117126646423376668 ) ) ;
#9349 = CARTESIAN_POINT ( 'NONE',  ( 3.068445907045982857, -12.69999999999999751, 1.676862991373792022 ) ) ;
#9350 = ORIENTED_EDGE ( 'NONE', *, *, #499, .F. ) ;
#9351 = CARTESIAN_POINT ( 'NONE',  ( -0.1932746764407473894, -12.69999999999999751, 1.763509484403121608 ) ) ;
#9352 = PRESENTATION_LAYER_ASSIGNMENT (  '', '', ( #3012 ) ) ;
#9353 = CARTESIAN_POINT ( 'NONE',  ( -2.782501583604617412, -12.69999999999999751, 2.268945768346066316 ) ) ;
#9354 = CARTESIAN_POINT ( 'NONE',  ( 1.777586453940106948, -12.69999999999999751, 2.749199989071176464 ) ) ;
#9355 = B_SPLINE_SURFACE_WITH_KNOTS ( 'NONE', 3, 1, ( 
 ( #7461, #6754 ),
 ( #6944, #10545 ),
 ( #2039, #5888 ),
 ( #4924, #11454 ) ),
 .UNSPECIFIED., .F., .F., .F.,
 ( 4, 4 ),
 ( 2, 2 ),
 ( 7.000000000000000000, 8.000000000000000000 ),
 ( 0.000000000000000000, 1.000000000000000000 ),
 .UNSPECIFIED. ) ;
#9356 = DIRECTION ( 'NONE',  ( -1.000000000000000000, 0.000000000000000000, 0.000000000000000000 ) ) ;
#9357 = VECTOR ( 'NONE', #11200, 1000.000000000000000 ) ;
#9358 = CARTESIAN_POINT ( 'NONE',  ( 1.065525574247239371, -12.69999999999999751, 1.137921804753728727 ) ) ;
#9359 = ORIENTED_EDGE ( 'NONE', *, *, #11592, .F. ) ;
#9360 = CARTESIAN_POINT ( 'NONE',  ( 0.7941487580881896324, -12.69999999999999751, 1.083854393102179570 ) ) ;
#9361 = VECTOR ( 'NONE', #4480, 1000.000000000000000 ) ;
#9362 = EDGE_CURVE ( 'NONE', #7058, #4797, #945, .T. ) ;
#9363 = FACE_OUTER_BOUND ( 'NONE', #925, .T. ) ;
#9364 = FILL_AREA_STYLE_COLOUR ( '', #6510 ) ;
#9365 = VERTEX_POINT ( 'NONE', #10236 ) ;
#9366 = CARTESIAN_POINT ( 'NONE',  ( -22.85000000000000142, 11.89999999999999503, 0.000000000000000000 ) ) ;
#9367 = CARTESIAN_POINT ( 'NONE',  ( 1.160490130604566072, -12.70999999999999730, 0.8599598551229343801 ) ) ;
#9368 = CARTESIAN_POINT ( 'NONE',  ( 0.9747200495550709665, -12.69999999999999751, 1.255067863321315702 ) ) ;
#9369 = EDGE_CURVE ( 'NONE', #9845, #2932, #9783, .T. ) ;
#9370 = AXIS2_PLACEMENT_3D ( 'NONE', #2862, #5411, #4750 ) ;
#9371 = FILL_AREA_STYLE_COLOUR ( '', #2529 ) ;
#9372 = ORIENTED_EDGE ( 'NONE', *, *, #3399, .F. ) ;
#9373 = CARTESIAN_POINT ( 'NONE',  ( 1.713468049099705626, -12.70999999999999730, 2.697212093254503174 ) ) ;
#9374 = FILL_AREA_STYLE ('',( #11269 ) ) ;
#9375 =( NAMED_UNIT ( * ) SI_UNIT ( $, .STERADIAN. ) SOLID_ANGLE_UNIT ( ) );
#9376 =( GEOMETRIC_REPRESENTATION_CONTEXT ( 3 ) GLOBAL_UNCERTAINTY_ASSIGNED_CONTEXT ( ( #6220 ) ) GLOBAL_UNIT_ASSIGNED_CONTEXT ( ( #5043, #9604, #11389 ) ) REPRESENTATION_CONTEXT ( 'NONE', 'WORKASPACE' ) );
#9377 = PRESENTATION_STYLE_ASSIGNMENT (( #9254 ) ) ;
#9378 = ORIENTED_EDGE ( 'NONE', *, *, #10420, .T. ) ;
#9379 = CARTESIAN_POINT ( 'NONE',  ( 0.4146371186329260716, -12.69999999999999751, 2.149606257327805636 ) ) ;
#9380 = CARTESIAN_POINT ( 'NONE',  ( 0.5567373671960460513, -12.69999999999999751, 1.328544089411771933 ) ) ;
#9381 = CARTESIAN_POINT ( 'NONE',  ( -1.789590466688415260, -12.69999999999999751, 1.314593904812450864 ) ) ;
#9382 = B_SPLINE_CURVE_WITH_KNOTS ( 'NONE', 3,
 ( #11483, #1203, #5920, #2891 ),
 .UNSPECIFIED., .F., .F.,
 ( 4, 4 ),
 ( 2.000000000000000000, 3.000000000000000000 ),
 .UNSPECIFIED. ) ;
#9383 =( NAMED_UNIT ( * ) SI_UNIT ( $, .STERADIAN. ) SOLID_ANGLE_UNIT ( ) );
#9384 = FILL_AREA_STYLE ('',( #7585 ) ) ;
#9385 = EDGE_CURVE ( 'NONE', #9814, #5236, #11216, .T. ) ;
#9386 = PRODUCT_RELATED_PRODUCT_CATEGORY ( 'part', '', ( #1 ) ) ;
#9387 =( NAMED_UNIT ( * ) PLANE_ANGLE_UNIT ( ) SI_UNIT ( $, .RADIAN. ) );
#9388 = DIRECTION ( 'NONE',  ( -0.000000000000000000, 0.000000000000000000, 1.000000000000000000 ) ) ;
#9389 = DIRECTION ( 'NONE',  ( 0.000000000000000000, 0.000000000000000000, 1.000000000000000000 ) ) ;
#9390 = UNCERTAINTY_MEASURE_WITH_UNIT (LENGTH_MEASURE( 1.000000000000000082E-05 ), #4474, 'distance_accuracy_value', 'NONE');
#9391 = CARTESIAN_POINT ( 'NONE',  ( -2.594523361750517232, -12.69999999999999751, 1.242294546281410339 ) ) ;
#9392 = CARTESIAN_POINT ( 'NONE',  ( 0.4586535370910264087, -12.69999999999999751, 1.511888068654680728 ) ) ;
#9393 = CARTESIAN_POINT ( 'NONE',  ( -2.295685976389368665, -12.70999999999999730, 1.295314370058009423 ) ) ;
#9394 = CARTESIAN_POINT ( 'NONE',  ( 1.415404113091203397, -12.70999999999999730, 2.760983912123202266 ) ) ;
#9395 = COLOUR_RGB ( '',1.000000000000000000, 1.000000000000000000, 1.000000000000000000 ) ;
#9396 = CARTESIAN_POINT ( 'NONE',  ( 3.118180994046555909, -12.70999999999999730, 1.763509484403121608 ) ) ;
#9397 = PLANE ( 'NONE',  #10443 ) ;
#9398 = VERTEX_POINT ( 'NONE', #10106 ) ;
#9399 = VECTOR ( 'NONE', #8078, 1000.000000000000000 ) ;
#9400 = ORIENTED_EDGE ( 'NONE', *, *, #5985, .F. ) ;
#9401 = CARTESIAN_POINT ( 'NONE',  ( -3.597074337972709479, -12.69999999999999751, 2.399084328707441038 ) ) ;
#9402 = CARTESIAN_POINT ( 'NONE',  ( -3.235577683231577684, -12.70999999999999730, 1.092876129403349328 ) ) ;
#9403 = EDGE_CURVE ( 'NONE', #6219, #10724, #1798, .T. ) ;
#9404 = PLANE ( 'NONE',  #1358 ) ;
#9405 = ORIENTED_EDGE ( 'NONE', *, *, #8615, .T. ) ;
#9406 = CARTESIAN_POINT ( 'NONE',  ( -22.04999999999999716, 12.70000000000000107, 20.69999999999999929 ) ) ;
#9407 = VERTEX_POINT ( 'NONE', #1680 ) ;
#9408 = PLANE ( 'NONE',  #11842 ) ;
#9409 = CARTESIAN_POINT ( 'NONE',  ( -2.782501583604617412, -12.70999999999999730, 2.268945768346066316 ) ) ;
#9410 = CARTESIAN_POINT ( 'NONE',  ( -3.235577683231577684, -12.69999999999999751, 1.092876129403349328 ) ) ;
#9411 = PRESENTATION_STYLE_ASSIGNMENT (( #10335 ) ) ;
#9412 = CARTESIAN_POINT ( 'NONE',  ( 0.6416509303622079941, -12.69999999999999751, 1.085587322965344326 ) ) ;
#9413 = EDGE_CURVE ( 'NONE', #3452, #11938, #10224, .T. ) ;
#9414 = AXIS2_PLACEMENT_3D ( 'NONE', #4691, #7760, #12190 ) ;
#9415 = CARTESIAN_POINT ( 'NONE',  ( 0.9965549657982581966, -12.69999999999999751, 1.208971929032973902 ) ) ;
#9416 = CARTESIAN_POINT ( 'NONE',  ( 2.208392817266298991, -12.70999999999999730, 2.704836984641384667 ) ) ;
#9417 = CARTESIAN_POINT ( 'NONE',  ( 0.8447503100156967815, -12.70999999999999730, 1.446729905899129198 ) ) ;
#9418 =( GEOMETRIC_REPRESENTATION_CONTEXT ( 3 ) GLOBAL_UNCERTAINTY_ASSIGNED_CONTEXT ( ( #5953 ) ) GLOBAL_UNIT_ASSIGNED_CONTEXT ( ( #11280, #9448, #3691 ) ) REPRESENTATION_CONTEXT ( 'NONE', 'WORKASPACE' ) );
#9419 =( GEOMETRIC_REPRESENTATION_CONTEXT ( 3 ) GLOBAL_UNCERTAINTY_ASSIGNED_CONTEXT ( ( #4594 ) ) GLOBAL_UNIT_ASSIGNED_CONTEXT ( ( #4659, #12053, #6670 ) ) REPRESENTATION_CONTEXT ( 'NONE', 'WORKASPACE' ) );
#9420 = CARTESIAN_POINT ( 'NONE',  ( 0.1559106904551700312, -12.69999999999999751, 1.763509484403121608 ) ) ;
#9421 = ORIENTED_EDGE ( 'NONE', *, *, #5603, .F. ) ;
#9422 = DIRECTION ( 'NONE',  ( 2.915501640297156255E-16, -1.000000000000000000, 0.000000000000000000 ) ) ;
#9423 = CARTESIAN_POINT ( 'NONE',  ( 1.178859187126017005, -12.69999999999999751, 0.8575337533163209791 ) ) ;
#9424 = SURFACE_STYLE_USAGE ( .BOTH. , #10349 ) ;
#9425 = PRESENTATION_STYLE_ASSIGNMENT (( #5822 ) ) ;
#9426 = ORIENTED_EDGE ( 'NONE', *, *, #10536, .F. ) ;
#9427 = COLOUR_RGB ( '',1.000000000000000000, 1.000000000000000000, 1.000000000000000000 ) ;
#9428 = ADVANCED_FACE ( 'NONE', ( #5419 ), #3810, .F. ) ;
#9429 = PRESENTATION_LAYER_ASSIGNMENT (  '', '', ( #8240 ) ) ;
#9430 = UNCERTAINTY_MEASURE_WITH_UNIT (LENGTH_MEASURE( 1.000000000000000082E-05 ), #1146, 'distance_accuracy_value', 'NONE');
#9431 = AXIS2_PLACEMENT_3D ( 'NONE', #6949, #5361, #4244 ) ;
#9432 = DIRECTION ( 'NONE',  ( -0.3416038306815477599, 0.000000000000000000, 0.9398440417769814426 ) ) ;
#9433 = B_SPLINE_CURVE_WITH_KNOTS ( 'NONE', 3,
 ( #9286, #3648, #7493, #11007 ),
 .UNSPECIFIED., .F., .F.,
 ( 4, 4 ),
 ( 8.000000000000000000, 9.000000000000000000 ),
 .UNSPECIFIED. ) ;
#9434 = CARTESIAN_POINT ( 'NONE',  ( 0.5870636397553690156, -12.69999999999999751, 2.149606257327805636 ) ) ;
#9435 = B_SPLINE_SURFACE_WITH_KNOTS ( 'NONE', 3, 1, ( 
 ( #195, #3940 ),
 ( #10564, #7719 ),
 ( #2106, #5849 ),
 ( #11291, #8578 ) ),
 .UNSPECIFIED., .F., .F., .F.,
 ( 4, 4 ),
 ( 2, 2 ),
 ( 1.000000000000000000, 2.000000000000000000 ),
 ( 0.000000000000000000, 1.000000000000000000 ),
 .UNSPECIFIED. ) ;
#9436 = CARTESIAN_POINT ( 'NONE',  ( 0.4962581150632007776, -12.69999999999999751, 1.156984033216291285 ) ) ;
#9437 = ORIENTED_EDGE ( 'NONE', *, *, #12118, .T. ) ;
#9438 =( GEOMETRIC_REPRESENTATION_CONTEXT ( 3 ) GLOBAL_UNCERTAINTY_ASSIGNED_CONTEXT ( ( #8133 ) ) GLOBAL_UNIT_ASSIGNED_CONTEXT ( ( #5300, #6031, #365 ) ) REPRESENTATION_CONTEXT ( 'NONE', 'WORKASPACE' ) );
#9439 = CARTESIAN_POINT ( 'NONE',  ( -2.777681607981459244, -12.69999999999999751, 1.733930496851108449 ) ) ;
#9440 = EDGE_CURVE ( 'NONE', #3450, #6367, #5836, .T. ) ;
#9441 = VECTOR ( 'NONE', #8865, 1000.000000000000000 ) ;
#9442 =( GEOMETRIC_REPRESENTATION_CONTEXT ( 3 ) GLOBAL_UNCERTAINTY_ASSIGNED_CONTEXT ( ( #8555 ) ) GLOBAL_UNIT_ASSIGNED_CONTEXT ( ( #4715, #3705, #6725 ) ) REPRESENTATION_CONTEXT ( 'NONE', 'WORKASPACE' ) );
#9443 =( NAMED_UNIT ( * ) SI_UNIT ( $, .STERADIAN. ) SOLID_ANGLE_UNIT ( ) );
#9444 = PRESENTATION_LAYER_ASSIGNMENT (  '', '', ( #2530 ) ) ;
#9445 =( LENGTH_UNIT ( ) NAMED_UNIT ( * ) SI_UNIT ( .MILLI., .METRE. ) );
#9446 = CARTESIAN_POINT ( 'NONE',  ( -0.1057617184844379665, -12.69999999999999751, 2.238332266187401220 ) ) ;
#9447 = VERTEX_POINT ( 'NONE', #8566 ) ;
#9448 =( NAMED_UNIT ( * ) PLANE_ANGLE_UNIT ( ) SI_UNIT ( $, .RADIAN. ) );
#9449 =( LENGTH_UNIT ( ) NAMED_UNIT ( * ) SI_UNIT ( .MILLI., .METRE. ) );
#9450 = MECHANICAL_DESIGN_GEOMETRIC_PRESENTATION_REPRESENTATION (  '', ( #6821 ), #1349 ) ;
#9451 =( LENGTH_UNIT ( ) NAMED_UNIT ( * ) SI_UNIT ( .MILLI., .METRE. ) );
#9452 = ORIENTED_EDGE ( 'NONE', *, *, #12084, .T. ) ;
#9453 = EDGE_CURVE ( 'NONE', #10364, #1661, #6412, .T. ) ;
#9454 = SURFACE_STYLE_FILL_AREA ( #11231 ) ;
#9455 = AXIS2_PLACEMENT_3D ( 'NONE', #5932, #5869, #4215 ) ;
#9456 = ORIENTED_EDGE ( 'NONE', *, *, #8809, .T. ) ;
#9457 = LINE ( 'NONE', #2772, #3725 ) ;
#9458 = ORIENTED_EDGE ( 'NONE', *, *, #8014, .F. ) ;
#9459 = B_SPLINE_CURVE_WITH_KNOTS ( 'NONE', 3,
 ( #11887, #7940, #2512, #1607 ),
 .UNSPECIFIED., .F., .F.,
 ( 4, 4 ),
 ( 5.000000000000000000, 6.000000000000000000 ),
 .UNSPECIFIED. ) ;
#9460 = CARTESIAN_POINT ( 'NONE',  ( 0.4586535370910264087, -12.70999999999999730, 1.511888068654680728 ) ) ;
#9461 = EDGE_LOOP ( 'NONE', ( #2677, #4168, #2974, #4197 ) ) ;
#9462 = ORIENTED_EDGE ( 'NONE', *, *, #6654, .F. ) ;
#9463 = DIRECTION ( 'NONE',  ( 1.000000000000000000, -0.000000000000000000, -0.000000000000000000 ) ) ;
#9464 = DIRECTION ( 'NONE',  ( 1.000000000000000000, -0.000000000000000000, -0.000000000000000000 ) ) ;
#9465 = DIRECTION ( 'NONE',  ( 1.000000000000000000, 0.000000000000000000, -0.000000000000000000 ) ) ;
#9466 = CARTESIAN_POINT ( 'NONE',  ( 1.771694492416407085, -12.69999999999999751, 1.162875994744638097 ) ) ;
#9467 = ORIENTED_EDGE ( 'NONE', *, *, #3767, .F. ) ;
#9468 = CARTESIAN_POINT ( 'NONE',  ( 0.8632926595230211442, -12.69999999999999751, 1.401673729525910739 ) ) ;
#9469 = SURFACE_SIDE_STYLE ('',( #10453 ) ) ;
#9470 = EDGE_CURVE ( 'NONE', #7472, #10099, #6756, .T. ) ;
#9471 = ADVANCED_FACE ( 'NONE', ( #7703 ), #2632, .F. ) ;
#9472 =( NAMED_UNIT ( * ) PLANE_ANGLE_UNIT ( ) SI_UNIT ( $, .RADIAN. ) );
#9473 = CARTESIAN_POINT ( 'NONE',  ( 0.1919556315546779024, -12.70999999999999730, 2.487180994157543790 ) ) ;
#9474 =( NAMED_UNIT ( * ) PLANE_ANGLE_UNIT ( ) SI_UNIT ( $, .RADIAN. ) );
#9475 = VECTOR ( 'NONE', #4828, 1000.000000000000000 ) ;
#9476 = STYLED_ITEM ( 'NONE', ( #10113 ), #4764 ) ;
#9477 = FACE_OUTER_BOUND ( 'NONE', #11713, .T. ) ;
#9478 = CARTESIAN_POINT ( 'NONE',  ( 1.684181534457815488, -12.70999999999999730, 1.085587322965344104 ) ) ;
#9479 = PRESENTATION_LAYER_ASSIGNMENT (  '', '', ( #1025 ) ) ;
#9480 = VERTEX_POINT ( 'NONE', #10424 ) ;
#9481 = CARTESIAN_POINT ( 'NONE',  ( 0.2898661686738288057, -12.69999999999999751, 2.750586332958024460 ) ) ;
#9482 = LINE ( 'NONE', #1052, #9118 ) ;
#9483 = PRESENTATION_LAYER_ASSIGNMENT (  '', '', ( #9673 ) ) ;
#9484 = VECTOR ( 'NONE', #11322, 1000.000000000000000 ) ;
#9485 = DIRECTION ( 'NONE',  ( 0.000000000000000000, 0.000000000000000000, 1.000000000000000000 ) ) ;
#9486 = CARTESIAN_POINT ( 'NONE',  ( 0.3219253710940298552, -12.69999999999999751, 1.086973666852187215 ) ) ;
#9487 = CARTESIAN_POINT ( 'NONE',  ( 1.777586453940106948, -12.70999999999999730, 2.256008150763128217 ) ) ;
#9488 = ORIENTED_EDGE ( 'NONE', *, *, #8923, .F. ) ;
#9489 = AXIS2_PLACEMENT_3D ( 'NONE', #6262, #8939, #4232 ) ;
#9490 =( NAMED_UNIT ( * ) SI_UNIT ( $, .STERADIAN. ) SOLID_ANGLE_UNIT ( ) );
#9491 = LINE ( 'NONE', #929, #6230 ) ;
#9492 = FACE_OUTER_BOUND ( 'NONE', #7810, .T. ) ;
#9493 = STYLED_ITEM ( 'NONE', ( #11302 ), #40 ) ;
#9494 = ADVANCED_FACE ( 'NONE', ( #1976 ), #9503, .F. ) ;
#9495 = COLOUR_RGB ( '',0.2509803921568627416, 0.2509803921568627416, 0.2509803921568627416 ) ;
#9496 = CARTESIAN_POINT ( 'NONE',  ( 0.5567373671960460513, -12.69999999999999751, 1.393355666195626119 ) ) ;
#9497 = CARTESIAN_POINT ( 'NONE',  ( 0.2664716155579470724, -12.69999999999999751, 1.137575218777406638 ) ) ;
#9498 = ORIENTED_EDGE ( 'NONE', *, *, #11082, .T. ) ;
#9499 = VECTOR ( 'NONE', #7420, 1000.000000000000000 ) ;
#9500 =( GEOMETRIC_REPRESENTATION_CONTEXT ( 3 ) GLOBAL_UNCERTAINTY_ASSIGNED_CONTEXT ( ( #170 ) ) GLOBAL_UNIT_ASSIGNED_CONTEXT ( ( #3402, #9963, #7049 ) ) REPRESENTATION_CONTEXT ( 'NONE', 'WORKASPACE' ) );
#9501 = SURFACE_SIDE_STYLE ('',( #7576 ) ) ;
#9502 = ADVANCED_FACE ( 'NONE', ( #11561 ), #4240, .F. ) ;
#9503 = PLANE ( 'NONE',  #10223 ) ;
#9504 = PRESENTATION_LAYER_ASSIGNMENT (  '', '', ( #8511 ) ) ;
#9505 = SURFACE_SIDE_STYLE ('',( #8512 ) ) ;
#9506 = SURFACE_STYLE_FILL_AREA ( #4112 ) ;
#9507 = ORIENTED_EDGE ( 'NONE', *, *, #920, .T. ) ;
#9508 = VERTEX_POINT ( 'NONE', #9860 ) ;
#9509 = ORIENTED_EDGE ( 'NONE', *, *, #7020, .T. ) ;
#9510 = MECHANICAL_DESIGN_GEOMETRIC_PRESENTATION_REPRESENTATION (  '', ( #6919 ), #1637 ) ;
#9511 = SURFACE_STYLE_FILL_AREA ( #9384 ) ;
#9512 = EDGE_CURVE ( 'NONE', #468, #11858, #6078, .T. ) ;
#9513 = SURFACE_STYLE_USAGE ( .BOTH. , #1985 ) ;
#9514 =( NAMED_UNIT ( * ) SI_UNIT ( $, .STERADIAN. ) SOLID_ANGLE_UNIT ( ) );
#9515 = UNCERTAINTY_MEASURE_WITH_UNIT (LENGTH_MEASURE( 1.000000000000000082E-05 ), #10735, 'distance_accuracy_value', 'NONE');
#9516 = CARTESIAN_POINT ( 'NONE',  ( 1.777586453940106948, -12.70999999999999730, 2.749199989071176464 ) ) ;
#9517 = CARTESIAN_POINT ( 'NONE',  ( 1.083721337782844074, -12.70999999999999730, 1.217289992363262963 ) ) ;
#9518 = CARTESIAN_POINT ( 'NONE',  ( 3.057355155937389046, -12.70999999999999730, 1.629380713198598452 ) ) ;
#9519 = ORIENTED_EDGE ( 'NONE', *, *, #8475, .F. ) ;
#9520 = CARTESIAN_POINT ( 'NONE',  ( 0.7813250771210221712, -12.69999999999999751, 1.362509514676395028 ) ) ;
#9521 = ADVANCED_FACE ( 'NONE', ( #8873 ), #10472, .F. ) ;
#9522 = CARTESIAN_POINT ( 'NONE',  ( 1.879829315710288773, -12.70999999999999730, 2.403653774882851035 ) ) ;
#9523 = LINE ( 'NONE', #7373, #9839 ) ;
#9524 = DIRECTION ( 'NONE',  ( -0.000000000000000000, 1.000000000000000000, -0.000000000000000000 ) ) ;
#9525 = ORIENTED_EDGE ( 'NONE', *, *, #8787, .F. ) ;
#9526 = CARTESIAN_POINT ( 'NONE',  ( 0.6416509303622062177, -12.70999999999999730, 1.085587322965344104 ) ) ;
#9527 = B_SPLINE_CURVE_WITH_KNOTS ( 'NONE', 3,
 ( #6556, #10323, #3770, #384 ),
 .UNSPECIFIED., .F., .F.,
 ( 4, 4 ),
 ( 3.000000000000000000, 4.000000000000000000 ),
 .UNSPECIFIED. ) ;
#9528 = LINE ( 'NONE', #4958, #9137 ) ;
#9529 = CARTESIAN_POINT ( 'NONE',  ( 2.728791654385999799, -12.69999999999999751, 1.533722984895554031 ) ) ;
#9530 = SURFACE_STYLE_FILL_AREA ( #11484 ) ;
#9531 = DIRECTION ( 'NONE',  ( 2.915501640297156255E-16, -1.000000000000000000, 0.000000000000000000 ) ) ;
#9532 =( NAMED_UNIT ( * ) SI_UNIT ( $, .STERADIAN. ) SOLID_ANGLE_UNIT ( ) );
#9533 = CARTESIAN_POINT ( 'NONE',  ( 0.2999171618649956184, -12.70999999999999730, 1.453315039366249062 ) ) ;
#9534 = CARTESIAN_POINT ( 'NONE',  ( 2.366782606518294862, -12.69999999999999751, 1.685527640680426043 ) ) ;
#9535 = DIRECTION ( 'NONE',  ( -0.000000000000000000, 1.000000000000000000, -0.000000000000000000 ) ) ;
#9536 = SURFACE_STYLE_USAGE ( .BOTH. , #215 ) ;
#9537 = CARTESIAN_POINT ( 'NONE',  ( 0.5388881896321431331, -12.69999999999999751, 2.850403092926218296 ) ) ;
#9538 = EDGE_CURVE ( 'NONE', #8280, #10631, #5955, .T. ) ;
#9539 =( NAMED_UNIT ( * ) SI_UNIT ( $, .STERADIAN. ) SOLID_ANGLE_UNIT ( ) );
#9540 = FACE_OUTER_BOUND ( 'NONE', #1580, .T. ) ;
#9541 = CARTESIAN_POINT ( 'NONE',  ( -2.719842176319917648, -12.70999999999999730, 2.832880502860726679 ) ) ;
#9542 = ORIENTED_EDGE ( 'NONE', *, *, #7746, .T. ) ;
#9543 = B_SPLINE_CURVE_WITH_KNOTS ( 'NONE', 3,
 ( #1929, #9340, #6495, #1694 ),
 .UNSPECIFIED., .F., .F.,
 ( 4, 4 ),
 ( 1.000000000000000000, 2.000000000000000000 ),
 .UNSPECIFIED. ) ;
#9544 = CARTESIAN_POINT ( 'NONE',  ( 0.2526081766733467848, -12.69999999999999751, 1.305669415251155208 ) ) ;
#9545 = CARTESIAN_POINT ( 'NONE',  ( 0.9601634387270491233, -12.69999999999999751, 1.267198372345056390 ) ) ;
#9546 = PRESENTATION_STYLE_ASSIGNMENT (( #2740 ) ) ;
#9547 = VERTEX_POINT ( 'NONE', #8499 ) ;
#9548 = DIRECTION ( 'NONE',  ( 0.000000000000000000, 1.000000000000000000, 0.000000000000000000 ) ) ;
#9549 = UNCERTAINTY_MEASURE_WITH_UNIT (LENGTH_MEASURE( 1.000000000000000082E-05 ), #7738, 'distance_accuracy_value', 'NONE');
#9550 =( LENGTH_UNIT ( ) NAMED_UNIT ( * ) SI_UNIT ( .MILLI., .METRE. ) );
#9551 = CARTESIAN_POINT ( 'NONE',  ( 0.5567373671960460513, -12.70999999999999730, 1.160449892938023142 ) ) ;
#9552 = ADVANCED_FACE ( 'NONE', ( #5645 ), #10542, .F. ) ;
#9553 = PRESENTATION_LAYER_ASSIGNMENT (  '', '', ( #8758 ) ) ;
#9554 = CARTESIAN_POINT ( 'NONE',  ( 2.636773078785899393, -12.69999999999999751, 1.430786951181954203 ) ) ;
#9555 = FILL_AREA_STYLE_COLOUR ( '', #2508 ) ;
#9556 =( LENGTH_UNIT ( ) NAMED_UNIT ( * ) SI_UNIT ( .MILLI., .METRE. ) );
#9557 = ORIENTED_EDGE ( 'NONE', *, *, #9930, .T. ) ;
#9558 = DIRECTION ( 'NONE',  ( 1.000000000000000000, 0.000000000000000000, -0.000000000000000000 ) ) ;
#9559 = ORIENTED_EDGE ( 'NONE', *, *, #1993, .T. ) ;
#9560 = ORIENTED_EDGE ( 'NONE', *, *, #10006, .T. ) ;
#9561 = SURFACE_STYLE_FILL_AREA ( #5002 ) ;
#9562 = EDGE_CURVE ( 'NONE', #12082, #5584, #12115, .T. ) ;
#9563 = CIRCLE ( 'NONE', #3428, 0.6500000000000012434 ) ;
#9564 = ORIENTED_EDGE ( 'NONE', *, *, #9323, .F. ) ;
#9565 = ORIENTED_EDGE ( 'NONE', *, *, #7935, .T. ) ;
#9566 =( NAMED_UNIT ( * ) SI_UNIT ( $, .STERADIAN. ) SOLID_ANGLE_UNIT ( ) );
#9567 = DIRECTION ( 'NONE',  ( -0.000000000000000000, 1.000000000000000000, -0.000000000000000000 ) ) ;
#9568 =( LENGTH_UNIT ( ) NAMED_UNIT ( * ) SI_UNIT ( .MILLI., .METRE. ) );
#9569 =( NAMED_UNIT ( * ) SI_UNIT ( $, .STERADIAN. ) SOLID_ANGLE_UNIT ( ) );
#9570 =( LENGTH_UNIT ( ) NAMED_UNIT ( * ) SI_UNIT ( .MILLI., .METRE. ) );
#9571 = ORIENTED_EDGE ( 'NONE', *, *, #8287, .F. ) ;
#9572 = CARTESIAN_POINT ( 'NONE',  ( 0.3387347907427868399, -12.70999999999999730, 1.222142195971842815 ) ) ;
#9573 = SURFACE_STYLE_USAGE ( .BOTH. , #11480 ) ;
#9574 = EDGE_LOOP ( 'NONE', ( #788, #6138, #6458, #4362 ) ) ;
#9575 = ORIENTED_EDGE ( 'NONE', *, *, #9562, .F. ) ;
#9576 = CARTESIAN_POINT ( 'NONE',  ( 2.033366901353705902, -12.70999999999999730, 1.685527640680425820 ) ) ;
#9577 = B_SPLINE_CURVE_WITH_KNOTS ( 'NONE', 3,
 ( #11920, #7241, #11002, #2545 ),
 .UNSPECIFIED., .F., .F.,
 ( 4, 4 ),
 ( 3.000000000000000000, 4.000000000000000000 ),
 .UNSPECIFIED. ) ;
#9578 = CARTESIAN_POINT ( 'NONE',  ( 2.363316746801205070, -12.69999999999999751, 1.085587322965344104 ) ) ;
#9579 = ORIENTED_EDGE ( 'NONE', *, *, #8118, .T. ) ;
#9580 = CARTESIAN_POINT ( 'NONE',  ( -3.597074337972709479, -12.70999999999999730, 2.399084328707441038 ) ) ;
#9581 = SURFACE_STYLE_USAGE ( .BOTH. , #2838 ) ;
#9582 = SURFACE_STYLE_USAGE ( .BOTH. , #2898 ) ;
#9583 = CARTESIAN_POINT ( 'NONE',  ( 0.9227321537406988350, -12.69999999999999751, 2.760983912123202266 ) ) ;
#9584 = DIRECTION ( 'NONE',  ( -0.000000000000000000, -0.000000000000000000, 1.000000000000000000 ) ) ;
#9585 = ORIENTED_EDGE ( 'NONE', *, *, #1356, .T. ) ;
#9586 = PRESENTATION_STYLE_ASSIGNMENT (( #11491 ) ) ;
#9587 = CARTESIAN_POINT ( 'NONE',  ( 0.3633423947619750516, -12.69999999999999751, 1.165648682518300117 ) ) ;
#9588 = FILL_AREA_STYLE_COLOUR ( '', #7648 ) ;
#9589 = LINE ( 'NONE', #978, #10549 ) ;
#9590 = PRESENTATION_STYLE_ASSIGNMENT (( #5812 ) ) ;
#9591 = FACE_OUTER_BOUND ( 'NONE', #10427, .T. ) ;
#9592 =( GEOMETRIC_REPRESENTATION_CONTEXT ( 3 ) GLOBAL_UNCERTAINTY_ASSIGNED_CONTEXT ( ( #3809 ) ) GLOBAL_UNIT_ASSIGNED_CONTEXT ( ( #900, #10321, #10127 ) ) REPRESENTATION_CONTEXT ( 'NONE', 'WORKASPACE' ) );
#9593 = DIRECTION ( 'NONE',  ( 0.000000000000000000, 0.000000000000000000, -1.000000000000000000 ) ) ;
#9594 = CARTESIAN_POINT ( 'NONE',  ( 3.376387543262116431, -12.70999999999999730, 1.085587322965344104 ) ) ;
#9595 = CARTESIAN_POINT ( 'NONE',  ( -2.353525408053224854, -12.70999999999999730, 3.020858839633884685 ) ) ;
#9596 = CARTESIAN_POINT ( 'NONE',  ( 0.8632926595230211442, -12.69999999999999751, 1.401673729525910739 ) ) ;
#9597 = ORIENTED_EDGE ( 'NONE', *, *, #70, .T. ) ;
#9598 = CARTESIAN_POINT ( 'NONE',  ( -2.970479989325513603, -12.70999999999999730, 1.136255450333256478 ) ) ;
#9599 = CARTESIAN_POINT ( 'NONE',  ( 0.9457801208848780616, -12.70999999999999730, 1.580858677103661680 ) ) ;
#9600 = EDGE_CURVE ( 'NONE', #9018, #6462, #5703, .T. ) ;
#9601 = PLANE ( 'NONE',  #6485 ) ;
#9602 = ADVANCED_FACE ( 'NONE', ( #9492 ), #4806, .F. ) ;
#9603 = PRESENTATION_LAYER_ASSIGNMENT (  '', '', ( #10191 ) ) ;
#9604 =( NAMED_UNIT ( * ) PLANE_ANGLE_UNIT ( ) SI_UNIT ( $, .RADIAN. ) );
#9605 = CIRCLE ( 'NONE', #4286, 0.8000000000000003775 ) ;
#9606 = PRESENTATION_STYLE_ASSIGNMENT (( #5833 ) ) ;
#9607 = COLOUR_RGB ( '',1.000000000000000000, 1.000000000000000000, 1.000000000000000000 ) ;
#9608 = PLANE ( 'NONE',  #3046 ) ;
#9609 = AXIS2_PLACEMENT_3D ( 'NONE', #2781, #1093, #9465 ) ;
#9610 = SURFACE_STYLE_USAGE ( .BOTH. , #5893 ) ;
#9611 = EDGE_CURVE ( 'NONE', #5028, #8612, #7689, .T. ) ;
#9612 = VECTOR ( 'NONE', #4845, 1000.000000000000000 ) ;
#9613 =( NAMED_UNIT ( * ) SI_UNIT ( $, .STERADIAN. ) SOLID_ANGLE_UNIT ( ) );
#9614 = ORIENTED_EDGE ( 'NONE', *, *, #7225, .T. ) ;
#9615 = B_SPLINE_SURFACE_WITH_KNOTS ( 'NONE', 3, 1, ( 
 ( #10400, #4978 ),
 ( #7793, #8600 ),
 ( #3972, #8786 ),
 ( #3906, #9481 ) ),
 .UNSPECIFIED., .F., .F., .F.,
 ( 4, 4 ),
 ( 2, 2 ),
 ( 4.000000000000000000, 5.000000000000000000 ),
 ( 0.000000000000000000, 1.000000000000000000 ),
 .UNSPECIFIED. ) ;
#9616 = EDGE_CURVE ( 'NONE', #11631, #2782, #2087, .T. ) ;
#9617 = PRESENTATION_STYLE_ASSIGNMENT (( #10662 ) ) ;
#9618 = STYLED_ITEM ( 'NONE', ( #4042 ), #2363 ) ;
#9619 = ORIENTED_EDGE ( 'NONE', *, *, #1225, .T. ) ;
#9620 = FACE_OUTER_BOUND ( 'NONE', #7156, .T. ) ;
#9621 = MECHANICAL_DESIGN_GEOMETRIC_PRESENTATION_REPRESENTATION (  '', ( #11779 ), #5664 ) ;
#9622 = PRESENTATION_LAYER_ASSIGNMENT (  '', '', ( #2323 ) ) ;
#9623 = CARTESIAN_POINT ( 'NONE',  ( -19.90000000000000568, -9.249999999999996447, 0.000000000000000000 ) ) ;
#9624 = CARTESIAN_POINT ( 'NONE',  ( 0.5239849928324241679, -12.69999999999999751, 1.511888068654680728 ) ) ;
#9625 = CARTESIAN_POINT ( 'NONE',  ( 2.014131379900668151, -12.70999999999999730, 1.468564822140002502 ) ) ;
#9626 = CARTESIAN_POINT ( 'NONE',  ( 2.564336610619806667, -12.70999999999999730, 1.233579533052162169 ) ) ;
#9627 = COLOUR_RGB ( '',1.000000000000000000, 1.000000000000000000, 1.000000000000000000 ) ;
#9628 = SURFACE_STYLE_USAGE ( .BOTH. , #4834 ) ;
#9629 = EDGE_LOOP ( 'NONE', ( #4166, #9128, #7462, #859 ) ) ;
#9630 = PRESENTATION_STYLE_ASSIGNMENT (( #2392 ) ) ;
#9631 =( GEOMETRIC_REPRESENTATION_CONTEXT ( 3 ) GLOBAL_UNCERTAINTY_ASSIGNED_CONTEXT ( ( #3861 ) ) GLOBAL_UNIT_ASSIGNED_CONTEXT ( ( #4036, #8991, #11809 ) ) REPRESENTATION_CONTEXT ( 'NONE', 'WORKASPACE' ) );
#9632 = AXIS2_PLACEMENT_3D ( 'NONE', #2829, #4835, #8471 ) ;
#9633 = MECHANICAL_DESIGN_GEOMETRIC_PRESENTATION_REPRESENTATION (  '', ( #8050 ), #5303 ) ;
#9634 =( LENGTH_UNIT ( ) NAMED_UNIT ( * ) SI_UNIT ( .MILLI., .METRE. ) );
#9635 = EDGE_CURVE ( 'NONE', #12072, #4836, #369, .T. ) ;
#9636 = SURFACE_STYLE_USAGE ( .BOTH. , #8715 ) ;
#9637 = LINE ( 'NONE', #11528, #7745 ) ;
#9638 =( GEOMETRIC_REPRESENTATION_CONTEXT ( 3 ) GLOBAL_UNCERTAINTY_ASSIGNED_CONTEXT ( ( #10103 ) ) GLOBAL_UNIT_ASSIGNED_CONTEXT ( ( #3267, #7917, #5219 ) ) REPRESENTATION_CONTEXT ( 'NONE', 'WORKASPACE' ) );
#9639 = CARTESIAN_POINT ( 'NONE',  ( 2.728791654385999799, -12.69999999999999751, 1.433213052983943303 ) ) ;
#9640 = MECHANICAL_DESIGN_GEOMETRIC_PRESENTATION_REPRESENTATION (  '', ( #854 ), #4483 ) ;
#9641 =( GEOMETRIC_REPRESENTATION_CONTEXT ( 3 ) GLOBAL_UNCERTAINTY_ASSIGNED_CONTEXT ( ( #4065 ) ) GLOBAL_UNIT_ASSIGNED_CONTEXT ( ( #8356, #7676, #2790 ) ) REPRESENTATION_CONTEXT ( 'NONE', 'WORKASPACE' ) );
#9642 = DIRECTION ( 'NONE',  ( -1.000000000000000000, 0.000000000000000000, -0.000000000000000000 ) ) ;
#9643 = CARTESIAN_POINT ( 'NONE',  ( 0.4146371186329260716, -12.70999999999999730, 2.149606257327805636 ) ) ;
#9644 = EDGE_CURVE ( 'NONE', #884, #2679, #437, .T. ) ;
#9645 = CARTESIAN_POINT ( 'NONE',  ( 1.359777064566932925, -12.69999999999999751, 1.165995268490024550 ) ) ;
#9646 = LINE ( 'NONE', #1213, #5077 ) ;
#9647 = ORIENTED_EDGE ( 'NONE', *, *, #3432, .F. ) ;
#9648 = SURFACE_STYLE_FILL_AREA ( #5871 ) ;
#9649 = DIRECTION ( 'NONE',  ( 0.000000000000000000, 0.000000000000000000, 1.000000000000000000 ) ) ;
#9650 = DIRECTION ( 'NONE',  ( 1.000000000000000000, 0.000000000000000000, -0.000000000000000000 ) ) ;
#9651 = ORIENTED_EDGE ( 'NONE', *, *, #4976, .T. ) ;
#9652 = CARTESIAN_POINT ( 'NONE',  ( -2.946380111214339959, -12.70999999999999730, 2.341245126877084637 ) ) ;
#9653 = DIRECTION ( 'NONE',  ( -0.000000000000000000, -0.000000000000000000, 1.000000000000000000 ) ) ;
#9654 = VECTOR ( 'NONE', #7717, 1000.000000000000114 ) ;
#9655 = CARTESIAN_POINT ( 'NONE',  ( 1.513834529167924270, -12.69999999999999751, 2.238332266187399888 ) ) ;
#9656 = VERTEX_POINT ( 'NONE', #5095 ) ;
#9657 = ADVANCED_FACE ( 'NONE', ( #3212 ), #7802, .F. ) ;
#9658 = SURFACE_STYLE_FILL_AREA ( #2134 ) ;
#9659 = B_SPLINE_CURVE_WITH_KNOTS ( 'NONE', 3,
 ( #125, #10498, #2053, #8702 ),
 .UNSPECIFIED., .F., .F.,
 ( 4, 4 ),
 ( 1.000000000000000000, 2.000000000000000000 ),
 .UNSPECIFIED. ) ;
#9660 = PRESENTATION_LAYER_ASSIGNMENT (  '', '', ( #8484 ) ) ;
#9661 = CARTESIAN_POINT ( 'NONE',  ( -2.782501675538016084, -12.69999999999999751, 1.430272952002306752 ) ) ;
#9662 = CARTESIAN_POINT ( 'NONE',  ( 0.6995307877048738687, -12.69999999999999751, 2.731177518523739245 ) ) ;
#9663 = DIRECTION ( 'NONE',  ( -0.000000000000000000, 1.000000000000000000, -0.000000000000000000 ) ) ;
#9664 =( NAMED_UNIT ( * ) PLANE_ANGLE_UNIT ( ) SI_UNIT ( $, .RADIAN. ) );
#9665 = PRESENTATION_LAYER_ASSIGNMENT (  '', '', ( #7505 ) ) ;
#9666 = CARTESIAN_POINT ( 'NONE',  ( 0.5239849928324241679, -12.69999999999999751, 1.511888068654680728 ) ) ;
#9667 = CARTESIAN_POINT ( 'NONE',  ( 2.033366901353705902, -12.69999999999999751, 1.685527640680425820 ) ) ;
#9668 =( GEOMETRIC_REPRESENTATION_CONTEXT ( 3 ) GLOBAL_UNCERTAINTY_ASSIGNED_CONTEXT ( ( #1065 ) ) GLOBAL_UNIT_ASSIGNED_CONTEXT ( ( #8419, #5455, #4612 ) ) REPRESENTATION_CONTEXT ( 'NONE', 'WORKASPACE' ) );
#9669 = B_SPLINE_CURVE_WITH_KNOTS ( 'NONE', 3,
 ( #317, #2282, #2114, #6899 ),
 .UNSPECIFIED., .F., .F.,
 ( 4, 4 ),
 ( 5.000000000000000000, 6.000000000000000000 ),
 .UNSPECIFIED. ) ;
#9670 =( NAMED_UNIT ( * ) PLANE_ANGLE_UNIT ( ) SI_UNIT ( $, .RADIAN. ) );
#9671 =( LENGTH_UNIT ( ) NAMED_UNIT ( * ) SI_UNIT ( .MILLI., .METRE. ) );
#9672 = CARTESIAN_POINT ( 'NONE',  ( 0.8705709649381874193, -12.69999999999999751, 1.493865598102612102 ) ) ;
#9673 = STYLED_ITEM ( 'NONE', ( #5405 ), #7629 ) ;
#9674 = VECTOR ( 'NONE', #766, 1000.000000000000000 ) ;
#9675 = CARTESIAN_POINT ( 'NONE',  ( 19.89999999999999858, -1.249999999999995115, -4.000000000000000000 ) ) ;
#9676 = ORIENTED_EDGE ( 'NONE', *, *, #27, .T. ) ;
#9677 = ORIENTED_EDGE ( 'NONE', *, *, #1884, .T. ) ;
#9678 = STYLED_ITEM ( 'NONE', ( #1936 ), #6398 ) ;
#9679 = CARTESIAN_POINT ( 'NONE',  ( -2.931920276282881765, -12.69999999999999751, 2.620802379916723268 ) ) ;
#9680 = DIRECTION ( 'NONE',  ( 1.000000000000000000, -0.000000000000000000, -0.000000000000000000 ) ) ;
#9681 = UNCERTAINTY_MEASURE_WITH_UNIT (LENGTH_MEASURE( 1.000000000000000082E-05 ), #6789, 'distance_accuracy_value', 'NONE');
#9682 = FILL_AREA_STYLE_COLOUR ( '', #717 ) ;
#9683 = PRESENTATION_LAYER_ASSIGNMENT (  '', '', ( #8106 ) ) ;
#9684 = VECTOR ( 'NONE', #2611, 1000.000000000000000 ) ;
#9685 = VECTOR ( 'NONE', #10516, 1000.000000000000000 ) ;
#9686 = EDGE_CURVE ( 'NONE', #6935, #9480, #9605, .T. ) ;
#9687 = VECTOR ( 'NONE', #11840, 1000.000000000000000 ) ;
#9688 = EDGE_CURVE ( 'NONE', #11938, #3490, #8960, .T. ) ;
#9689 =( LENGTH_UNIT ( ) NAMED_UNIT ( * ) SI_UNIT ( .MILLI., .METRE. ) );
#9690 = CARTESIAN_POINT ( 'NONE',  ( 0.3219253710940298552, -12.69999999999999751, 1.086973666852187215 ) ) ;
#9691 = CARTESIAN_POINT ( 'NONE',  ( 0.5397546545637254001, -12.69999999999999751, 2.771381491283765097 ) ) ;
#9692 = CARTESIAN_POINT ( 'NONE',  ( 2.512868593760694935, -12.69999999999999751, 1.664385896378344887 ) ) ;
#9693 =( GEOMETRIC_REPRESENTATION_CONTEXT ( 3 ) GLOBAL_UNCERTAINTY_ASSIGNED_CONTEXT ( ( #5064 ) ) GLOBAL_UNIT_ASSIGNED_CONTEXT ( ( #2287, #6234, #1562 ) ) REPRESENTATION_CONTEXT ( 'NONE', 'WORKASPACE' ) );
#9694 = VERTEX_POINT ( 'NONE', #4090 ) ;
#9695 = SURFACE_STYLE_USAGE ( .BOTH. , #4949 ) ;
#9696 = CARTESIAN_POINT ( 'NONE',  ( 0.7813250771210221712, -12.70999999999999730, 1.362509514676395028 ) ) ;
#9697 = ORIENTED_EDGE ( 'NONE', *, *, #9171, .T. ) ;
#9698 = EDGE_CURVE ( 'NONE', #446, #9447, #6013, .T. ) ;
#9699 = CARTESIAN_POINT ( 'NONE',  ( 1.713468049099705626, -12.69999999999999751, 2.697212093254503174 ) ) ;
#9700 = MECHANICAL_DESIGN_GEOMETRIC_PRESENTATION_REPRESENTATION (  '', ( #8522 ), #4187 ) ;
#9701 = ORIENTED_EDGE ( 'NONE', *, *, #7972, .F. ) ;
#9702 = CARTESIAN_POINT ( 'NONE',  ( -3.823612456736237952, -12.70999999999999730, 2.056867392582908849 ) ) ;
#9703 = CARTESIAN_POINT ( 'NONE',  ( 0.5118544838086782622, -12.69999999999999751, 2.149606257327805636 ) ) ;
#9704 = VECTOR ( 'NONE', #10677, 1000.000000000000000 ) ;
#9705 = EDGE_CURVE ( 'NONE', #2026, #6935, #5884, .T. ) ;
#9706 = CARTESIAN_POINT ( 'NONE',  ( -3.519955003823156847, -12.69999999999999751, 1.859249403353907093 ) ) ;
#9707 = DIRECTION ( 'NONE',  ( 1.000000000000000000, -0.000000000000000000, -0.000000000000000000 ) ) ;
#9708 = ORIENTED_EDGE ( 'NONE', *, *, #10190, .T. ) ;
#9709 = CARTESIAN_POINT ( 'NONE',  ( 22.84999999999999787, -11.89999999999999680, 0.000000000000000000 ) ) ;
#9710 =( NAMED_UNIT ( * ) SI_UNIT ( $, .STERADIAN. ) SOLID_ANGLE_UNIT ( ) );
#9711 =( GEOMETRIC_REPRESENTATION_CONTEXT ( 3 ) GLOBAL_UNCERTAINTY_ASSIGNED_CONTEXT ( ( #2861 ) ) GLOBAL_UNIT_ASSIGNED_CONTEXT ( ( #12013, #6904, #695 ) ) REPRESENTATION_CONTEXT ( 'NONE', 'WORKASPACE' ) );
#9712 = EDGE_CURVE ( 'NONE', #12112, #2377, #10080, .T. ) ;
#9713 = EDGE_LOOP ( 'NONE', ( #402, #1525, #5642, #6503, #7938, #3881, #6723, #11243, #11479, #5464, #9614, #9585, #5726, #4481, #9896, #11011, #12050, #4406, #6442, #6053, #6855, #2857, #7037, #4935, #3662, #8781, #11261, #11371, #866, #6275, #7339, #2541, #5867 ) ) ;
#9714 =( NAMED_UNIT ( * ) PLANE_ANGLE_UNIT ( ) SI_UNIT ( $, .RADIAN. ) );
#9715 = CARTESIAN_POINT ( 'NONE',  ( -0.9268182319027946647, -12.70999999999999730, 1.300134253745478308 ) ) ;
#9716 = SURFACE_STYLE_FILL_AREA ( #6745 ) ;
#9717 = ORIENTED_EDGE ( 'NONE', *, *, #3246, .T. ) ;
#9718 = LINE ( 'NONE', #1287, #1221 ) ;
#9719 = ORIENTED_EDGE ( 'NONE', *, *, #6128, .T. ) ;
#9720 = FILL_AREA_STYLE_COLOUR ( '', #2755 ) ;
#9721 = SURFACE_STYLE_USAGE ( .BOTH. , #5883 ) ;
#9722 = CARTESIAN_POINT ( 'NONE',  ( 2.728791654385999799, -12.70999999999999730, 1.533722984895554031 ) ) ;
#9723 = COLOUR_RGB ( '',1.000000000000000000, 1.000000000000000000, 1.000000000000000000 ) ;
#9724 = CARTESIAN_POINT ( 'NONE',  ( -22.04999999999999005, -12.69999999999999751, 21.50000000000000000 ) ) ;
#9725 =( NAMED_UNIT ( * ) SI_UNIT ( $, .STERADIAN. ) SOLID_ANGLE_UNIT ( ) );
#9726 = CARTESIAN_POINT ( 'NONE',  ( 0.8705709649381874193, -12.70999999999999730, 1.493865598102612102 ) ) ;
#9727 = CARTESIAN_POINT ( 'NONE',  ( 1.280582169938624615, -12.70999999999999730, 0.9985942439642949697 ) ) ;
#9728 = B_SPLINE_SURFACE_WITH_KNOTS ( 'NONE', 3, 1, ( 
 ( #11710, #4505 ),
 ( #6424, #5545 ),
 ( #8201, #2698 ),
 ( #11217, #5422 ) ),
 .UNSPECIFIED., .F., .F., .F.,
 ( 4, 4 ),
 ( 2, 2 ),
 ( 23.00000000000000000, 24.00000000000000000 ),
 ( 0.000000000000000000, 1.000000000000000000 ),
 .UNSPECIFIED. ) ;
#9729 = ORIENTED_EDGE ( 'NONE', *, *, #7680, .F. ) ;
#9730 = CARTESIAN_POINT ( 'NONE',  ( -0.7532996611133518927, -12.70999999999999730, 2.047227441341211929 ) ) ;
#9731 = SURFACE_STYLE_USAGE ( .BOTH. , #9926 ) ;
#9732 = VECTOR ( 'NONE', #4541, 1000.000000000000000 ) ;
#9733 = VERTEX_POINT ( 'NONE', #4475 ) ;
#9734 = SURFACE_STYLE_USAGE ( .BOTH. , #1251 ) ;
#9735 = VERTEX_POINT ( 'NONE', #2614 ) ;
#9736 =( LENGTH_UNIT ( ) NAMED_UNIT ( * ) SI_UNIT ( .MILLI., .METRE. ) );
#9737 = FILL_AREA_STYLE ('',( #11405 ) ) ;
#9738 = PRESENTATION_LAYER_ASSIGNMENT (  '', '', ( #11313 ) ) ;
#9739 = SURFACE_STYLE_FILL_AREA ( #7823 ) ;
#9740 = DIRECTION ( 'NONE',  ( -0.000000000000000000, -0.000000000000000000, 1.000000000000000000 ) ) ;
#9741 =( NAMED_UNIT ( * ) PLANE_ANGLE_UNIT ( ) SI_UNIT ( $, .RADIAN. ) );
#9742 = CARTESIAN_POINT ( 'NONE',  ( -0.1057617184844371061, -12.70999999999999730, 1.685527640680425820 ) ) ;
#9743 = DIRECTION ( 'NONE',  ( -0.3559357243643079816, -0.000000000000000000, -0.9345104387438671889 ) ) ;
#9744 = SURFACE_STYLE_FILL_AREA ( #11835 ) ;
#9745 = ORIENTED_EDGE ( 'NONE', *, *, #9140, .T. ) ;
#9746 = EDGE_CURVE ( 'NONE', #3994, #10227, #11455, .T. ) ;
#9747 = MECHANICAL_DESIGN_GEOMETRIC_PRESENTATION_REPRESENTATION (  '', ( #5795 ), #508 ) ;
#9748 = LINE ( 'NONE', #8829, #7468 ) ;
#9749 = CARTESIAN_POINT ( 'NONE',  ( 2.363316746801205070, -12.70999999999999730, 1.085587322965344104 ) ) ;
#9750 = EDGE_LOOP ( 'NONE', ( #9019, #9053, #11641, #8756 ) ) ;
#9751 = B_SPLINE_CURVE_WITH_KNOTS ( 'NONE', 3,
 ( #10353, #4497, #5650, #8505 ),
 .UNSPECIFIED., .F., .F.,
 ( 4, 4 ),
 ( 2.000000000000000000, 3.000000000000000000 ),
 .UNSPECIFIED. ) ;
#9752 = ORIENTED_EDGE ( 'NONE', *, *, #4319, .F. ) ;
#9753 = CARTESIAN_POINT ( 'NONE',  ( 1.663906255085007002, -12.70999999999999730, 2.739842167825746522 ) ) ;
#9754 = EDGE_CURVE ( 'NONE', #10807, #5329, #2497, .T. ) ;
#9755 = ADVANCED_FACE ( 'NONE', ( #1657 ), #6325, .F. ) ;
#9756 = FILL_AREA_STYLE_COLOUR ( '', #11450 ) ;
#9757 = CARTESIAN_POINT ( 'NONE',  ( 0.2999171618649956184, -12.70999999999999730, 1.535802500730442999 ) ) ;
#9758 = SURFACE_STYLE_USAGE ( .BOTH. , #10809 ) ;
#9759 = CARTESIAN_POINT ( 'NONE',  ( 0.3612628789294233811, -12.69999999999999751, 1.283487913033960037 ) ) ;
#9760 = SURFACE_SIDE_STYLE ('',( #391 ) ) ;
#9761 = CARTESIAN_POINT ( 'NONE',  ( -1.394354120492199423, -12.70999999999999730, 1.377253495963937757 ) ) ;
#9762 =( NAMED_UNIT ( * ) SI_UNIT ( $, .STERADIAN. ) SOLID_ANGLE_UNIT ( ) );
#9763 = VERTEX_POINT ( 'NONE', #540 ) ;
#9764 = CARTESIAN_POINT ( 'NONE',  ( 1.036239059605349011, -12.70999999999999730, 1.318839682190019680 ) ) ;
#9765 = ORIENTED_EDGE ( 'NONE', *, *, #4265, .T. ) ;
#9766 = EDGE_CURVE ( 'NONE', #3403, #9285, #4229, .T. ) ;
#9767 = DIRECTION ( 'NONE',  ( -1.000000000000000000, -0.000000000000000000, -0.000000000000000000 ) ) ;
#9768 = VERTEX_POINT ( 'NONE', #7192 ) ;
#9769 = CARTESIAN_POINT ( 'NONE',  ( 0.6995307877048746459, -12.69999999999999751, 2.822676215157017054 ) ) ;
#9770 = CARTESIAN_POINT ( 'NONE',  ( -2.676462671523232473, -12.70999999999999730, 1.054316140560536796 ) ) ;
#9771 = CARTESIAN_POINT ( 'NONE',  ( 1.771694492416408639, -12.70999999999999730, 1.468564822140002502 ) ) ;
#9772 = CARTESIAN_POINT ( 'NONE',  ( 1.713468049099705626, -12.70999999999999730, 2.697212093254503174 ) ) ;
#9773 =( NAMED_UNIT ( * ) PLANE_ANGLE_UNIT ( ) SI_UNIT ( $, .RADIAN. ) );
#9774 = ORIENTED_EDGE ( 'NONE', *, *, #3005, .T. ) ;
#9775 = CARTESIAN_POINT ( 'NONE',  ( -3.235577683231577684, -12.70999999999999730, 1.092876129403349328 ) ) ;
#9776 = CARTESIAN_POINT ( 'NONE',  ( 0.4061457623167640252, -12.69999999999999751, 1.074149985885020087 ) ) ;
#9777 = CARTESIAN_POINT ( 'NONE',  ( 1.662433264707546821, -12.70999999999999730, 2.816567637399262747 ) ) ;
#9778 =( NAMED_UNIT ( * ) PLANE_ANGLE_UNIT ( ) SI_UNIT ( $, .RADIAN. ) );
#9779 = CARTESIAN_POINT ( 'NONE',  ( 0.8480428767515778565, -12.70999999999999730, 1.568034996136494330 ) ) ;
#9780 = VERTEX_POINT ( 'NONE', #11012 ) ;
#9781 = UNCERTAINTY_MEASURE_WITH_UNIT (LENGTH_MEASURE( 1.000000000000000082E-05 ), #6788, 'distance_accuracy_value', 'NONE');
#9782 = CARTESIAN_POINT ( 'NONE',  ( 0.8880735565303700119, -12.69999999999999751, 1.074149985885020087 ) ) ;
#9783 = B_SPLINE_CURVE_WITH_KNOTS ( 'NONE', 3,
 ( #1621, #7467, #8265, #11037 ),
 .UNSPECIFIED., .F., .F.,
 ( 4, 4 ),
 ( 23.00000000000000000, 24.00000000000000000 ),
 .UNSPECIFIED. ) ;
#9784 = SURFACE_STYLE_USAGE ( .BOTH. , #9972 ) ;
#9785 = CARTESIAN_POINT ( 'NONE',  ( -0.1932746764407473894, -12.70999999999999730, 2.838965755845903161 ) ) ;
#9786 =( LENGTH_UNIT ( ) NAMED_UNIT ( * ) SI_UNIT ( .MILLI., .METRE. ) );
#9787 = CARTESIAN_POINT ( 'NONE',  ( 19.24999999999999645, -1.249999999999995115, -4.000000000000000000 ) ) ;
#9788 = FACE_OUTER_BOUND ( 'NONE', #9061, .T. ) ;
#9789 = ORIENTED_EDGE ( 'NONE', *, *, #11889, .T. ) ;
#9790 = EDGE_LOOP ( 'NONE', ( #11997, #1020, #5520, #3149, #7253, #181, #9752 ) ) ;
#9791 = DIRECTION ( 'NONE',  ( 0.000000000000000000, 0.000000000000000000, -1.000000000000000000 ) ) ;
#9792 = EDGE_CURVE ( 'NONE', #3956, #7188, #2553, .T. ) ;
#9793 = CARTESIAN_POINT ( 'NONE',  ( 2.516161160496580340, -12.69999999999999751, 1.186443840844054742 ) ) ;
#9794 = ORIENTED_EDGE ( 'NONE', *, *, #8993, .F. ) ;
#9795 = CARTESIAN_POINT ( 'NONE',  ( 0.4586535370910264087, -12.70999999999999730, 1.511888068654680728 ) ) ;
#9796 = PRESENTATION_STYLE_ASSIGNMENT (( #6278 ) ) ;
#9797 = ORIENTED_EDGE ( 'NONE', *, *, #698, .T. ) ;
#9798 = UNCERTAINTY_MEASURE_WITH_UNIT (LENGTH_MEASURE( 1.000000000000000082E-05 ), #414, 'distance_accuracy_value', 'NONE');
#9799 = CARTESIAN_POINT ( 'NONE',  ( 0.2941984933271434288, -12.69999999999999751, 1.112274442814796815 ) ) ;
#9800 = LINE ( 'NONE', #2516, #8637 ) ;
#9801 = FILL_AREA_STYLE_COLOUR ( '', #10602 ) ;
#9802 = CARTESIAN_POINT ( 'NONE',  ( 0.3633423947619750516, -12.70999999999999730, 1.165648682518300117 ) ) ;
#9803 = AXIS2_PLACEMENT_3D ( 'NONE', #12194, #2815, #1919 ) ;
#9804 = VECTOR ( 'NONE', #1155, 1000.000000000000000 ) ;
#9805 =( NAMED_UNIT ( * ) PLANE_ANGLE_UNIT ( ) SI_UNIT ( $, .RADIAN. ) );
#9806 = PRESENTATION_STYLE_ASSIGNMENT (( #7163 ) ) ;
#9807 = DIRECTION ( 'NONE',  ( 0.000000000000000000, 0.000000000000000000, 1.000000000000000000 ) ) ;
#9808 = ORIENTED_EDGE ( 'NONE', *, *, #961, .F. ) ;
#9809 = ORIENTED_EDGE ( 'NONE', *, *, #1044, .T. ) ;
#9810 =( LENGTH_UNIT ( ) NAMED_UNIT ( * ) SI_UNIT ( .MILLI., .METRE. ) );
#9811 = VERTEX_POINT ( 'NONE', #5449 ) ;
#9812 = FILL_AREA_STYLE ('',( #2281 ) ) ;
#9813 = ORIENTED_EDGE ( 'NONE', *, *, #1460, .F. ) ;
#9814 = VERTEX_POINT ( 'NONE', #5396 ) ;
#9815 = MECHANICAL_DESIGN_GEOMETRIC_PRESENTATION_REPRESENTATION (  '', ( #2894 ), #12156 ) ;
#9816 = EDGE_CURVE ( 'NONE', #8159, #2567, #11989, .T. ) ;
#9817 = DIRECTION ( 'NONE',  ( -0.000000000000000000, -0.000000000000000000, -1.000000000000000000 ) ) ;
#9818 = COLOUR_RGB ( '',1.000000000000000000, 1.000000000000000000, 1.000000000000000000 ) ;
#9819 = AXIS2_PLACEMENT_3D ( 'NONE', #9004, #4377, #5115 ) ;
#9820 = MECHANICAL_DESIGN_GEOMETRIC_PRESENTATION_REPRESENTATION (  '', ( #8243 ), #778 ) ;
#9821 = LINE ( 'NONE', #577, #2589 ) ;
#9822 = FILL_AREA_STYLE_COLOUR ( '', #57 ) ;
#9823 = B_SPLINE_SURFACE_WITH_KNOTS ( 'NONE', 3, 1, ( 
 ( #7044, #3397 ),
 ( #5214, #1457 ),
 ( #11860, #7854 ),
 ( #9836, #6246 ) ),
 .UNSPECIFIED., .F., .F., .F.,
 ( 4, 4 ),
 ( 2, 2 ),
 ( 12.00000000000000000, 13.00000000000000000 ),
 ( 0.000000000000000000, 1.000000000000000000 ),
 .UNSPECIFIED. ) ;
#9824 = CARTESIAN_POINT ( 'NONE',  ( 2.107016420425419589, -12.69999999999999751, 2.423062589321753002 ) ) ;
#9825 = EDGE_CURVE ( 'NONE', #11791, #5453, #10139, .T. ) ;
#9826 = VERTEX_POINT ( 'NONE', #10835 ) ;
#9827 =( GEOMETRIC_REPRESENTATION_CONTEXT ( 3 ) GLOBAL_UNCERTAINTY_ASSIGNED_CONTEXT ( ( #7273 ) ) GLOBAL_UNIT_ASSIGNED_CONTEXT ( ( #10415, #9670, #6633 ) ) REPRESENTATION_CONTEXT ( 'NONE', 'WORKASPACE' ) );
#9828 = DIRECTION ( 'NONE',  ( -0.000000000000000000, 1.000000000000000000, -0.000000000000000000 ) ) ;
#9829 = CARTESIAN_POINT ( 'NONE',  ( 1.178859187126017005, -12.70999999999999730, 0.8575337533163209791 ) ) ;
#9830 = CARTESIAN_POINT ( 'NONE',  ( 2.626548792611196781, -12.70999999999999730, 1.673743717628395355 ) ) ;
#9831 =( NAMED_UNIT ( * ) SI_UNIT ( $, .STERADIAN. ) SOLID_ANGLE_UNIT ( ) );
#9832 = COLOUR_RGB ( '',1.000000000000000000, 1.000000000000000000, 1.000000000000000000 ) ;
#9833 =( NAMED_UNIT ( * ) SI_UNIT ( $, .STERADIAN. ) SOLID_ANGLE_UNIT ( ) );
#9834 = CARTESIAN_POINT ( 'NONE',  ( 2.107016420425415593, -12.70999999999999730, 2.423062589321753890 ) ) ;
#9835 = ORIENTED_EDGE ( 'NONE', *, *, #960, .T. ) ;
#9836 = CARTESIAN_POINT ( 'NONE',  ( 0.4586535370910264087, -12.70999999999999730, 1.511888068654680728 ) ) ;
#9837 = ORIENTED_EDGE ( 'NONE', *, *, #1356, .F. ) ;
#9838 = CYLINDRICAL_SURFACE ( 'NONE', #11092, 0.7999999999999986011 ) ;
#9839 = VECTOR ( 'NONE', #10445, 1000.000000000000000 ) ;
#9840 = CARTESIAN_POINT ( 'NONE',  ( -2.681282555210688034, -12.70999999999999730, 1.430272952002306752 ) ) ;
#9841 = ADVANCED_FACE ( 'NONE', ( #8990 ), #6280, .F. ) ;
#9842 = EDGE_CURVE ( 'NONE', #12150, #774, #6616, .T. ) ;
#9843 = SURFACE_STYLE_FILL_AREA ( #5159 ) ;
#9844 = CARTESIAN_POINT ( 'NONE',  ( -22.85000000000000142, 11.89999999999999503, 20.69999999999999929 ) ) ;
#9845 = VERTEX_POINT ( 'NONE', #2672 ) ;
#9846 = CARTESIAN_POINT ( 'NONE',  ( 0.8378185905745648698, -12.69999999999999751, 1.074149985885020087 ) ) ;
#9847 = ORIENTED_EDGE ( 'NONE', *, *, #10938, .F. ) ;
#9848 =( NAMED_UNIT ( * ) PLANE_ANGLE_UNIT ( ) SI_UNIT ( $, .RADIAN. ) );
#9849 = CARTESIAN_POINT ( 'NONE',  ( 3.070525422880872934, -12.70999999999999730, 1.676862991373792244 ) ) ;
#9850 = LINE ( 'NONE', #5341, #3673 ) ;
#9851 = DIRECTION ( 'NONE',  ( -0.000000000000000000, -0.000000000000000000, 1.000000000000000000 ) ) ;
#9852 =( LENGTH_UNIT ( ) NAMED_UNIT ( * ) SI_UNIT ( .MILLI., .METRE. ) );
#9853 = ORIENTED_EDGE ( 'NONE', *, *, #364, .T. ) ;
#9854 = CARTESIAN_POINT ( 'NONE',  ( 0.2941984933271434288, -12.70999999999999730, 1.112274442814796815 ) ) ;
#9855 = SURFACE_STYLE_FILL_AREA ( #8122 ) ;
#9856 =( NAMED_UNIT ( * ) PLANE_ANGLE_UNIT ( ) SI_UNIT ( $, .RADIAN. ) );
#9857 = B_SPLINE_CURVE_WITH_KNOTS ( 'NONE', 3,
 ( #8550, #3089, #162, #99 ),
 .UNSPECIFIED., .F., .F.,
 ( 4, 4 ),
 ( 3.000000000000000000, 4.000000000000000000 ),
 .UNSPECIFIED. ) ;
#9858 = PRESENTATION_STYLE_ASSIGNMENT (( #6083 ) ) ;
#9859 = EDGE_LOOP ( 'NONE', ( #3251, #3580, #2052, #2046 ) ) ;
#9860 = CARTESIAN_POINT ( 'NONE',  ( 3.070525422880872490, -12.69999999999999751, 1.676862991373792022 ) ) ;
#9861 = EDGE_CURVE ( 'NONE', #9508, #7052, #11366, .T. ) ;
#9862 = AXIS2_PLACEMENT_3D ( 'NONE', #2647, #6303, #1749 ) ;
#9863 = SURFACE_STYLE_FILL_AREA ( #8751 ) ;
#9864 = MECHANICAL_DESIGN_GEOMETRIC_PRESENTATION_REPRESENTATION (  '', ( #11226 ), #5326 ) ;
#9865 =( LENGTH_UNIT ( ) NAMED_UNIT ( * ) SI_UNIT ( .MILLI., .METRE. ) );
#9866 = SURFACE_SIDE_STYLE ('',( #6091 ) ) ;
#9867 = ORIENTED_EDGE ( 'NONE', *, *, #2219, .T. ) ;
#9868 = B_SPLINE_CURVE_WITH_KNOTS ( 'NONE', 3,
 ( #2900, #7675, #11433, #2958 ),
 .UNSPECIFIED., .F., .F.,
 ( 4, 4 ),
 ( 3.000000000000000000, 4.000000000000000000 ),
 .UNSPECIFIED. ) ;
#9869 = SURFACE_STYLE_USAGE ( .BOTH. , #11702 ) ;
#9870 = ADVANCED_FACE ( 'NONE', ( #1043 ), #4423, .F. ) ;
#9871 = FACE_OUTER_BOUND ( 'NONE', #1998, .T. ) ;
#9872 = AXIS2_PLACEMENT_3D ( 'NONE', #6809, #110, #10419 ) ;
#9873 = UNCERTAINTY_MEASURE_WITH_UNIT (LENGTH_MEASURE( 1.000000000000000082E-05 ), #9451, 'distance_accuracy_value', 'NONE');
#9874 = FILL_AREA_STYLE_COLOUR ( '', #6144 ) ;
#9875 = FACE_BOUND ( 'NONE', #4175, .T. ) ;
#9876 = PRESENTATION_LAYER_ASSIGNMENT (  '', '', ( #10060 ) ) ;
#9877 =( NAMED_UNIT ( * ) SI_UNIT ( $, .STERADIAN. ) SOLID_ANGLE_UNIT ( ) );
#9878 = ORIENTED_EDGE ( 'NONE', *, *, #2897, .F. ) ;
#9879 = SURFACE_SIDE_STYLE ('',( #377 ) ) ;
#9881 = PRESENTATION_LAYER_ASSIGNMENT (  '', '', ( #2949 ) ) ;
#9880 = UNCERTAINTY_MEASURE_WITH_UNIT (LENGTH_MEASURE( 1.000000000000000082E-05 ), #477, 'distance_accuracy_value', 'NONE');
#9882 = ORIENTED_EDGE ( 'NONE', *, *, #6542, .F. ) ;
#9883 = CARTESIAN_POINT ( 'NONE',  ( -1.611252196078322374, -12.69999999999999751, 1.377253495963937757 ) ) ;
#9884 = AXIS2_PLACEMENT_3D ( 'NONE', #4468, #7379, #10201 ) ;
#9885 = AXIS2_PLACEMENT_3D ( 'NONE', #6667, #6841, #8480 ) ;
#9886 = SURFACE_STYLE_USAGE ( .BOTH. , #7221 ) ;
#9887 = MECHANICAL_DESIGN_GEOMETRIC_PRESENTATION_REPRESENTATION (  '', ( #8096 ), #232 ) ;
#9888 = AXIS2_PLACEMENT_3D ( 'NONE', #4315, #9807, #10671 ) ;
#9889 =( GEOMETRIC_REPRESENTATION_CONTEXT ( 3 ) GLOBAL_UNCERTAINTY_ASSIGNED_CONTEXT ( ( #11507 ) ) GLOBAL_UNIT_ASSIGNED_CONTEXT ( ( #3328, #8104, #11677 ) ) REPRESENTATION_CONTEXT ( 'NONE', 'WORKASPACE' ) );
#9890 = ORIENTED_EDGE ( 'NONE', *, *, #11929, .T. ) ;
#9891 = ORIENTED_EDGE ( 'NONE', *, *, #8703, .T. ) ;
#9892 = CARTESIAN_POINT ( 'NONE',  ( -1.394354120492199200, -12.69999999999999751, 1.377253495963937757 ) ) ;
#9893 = CARTESIAN_POINT ( 'NONE',  ( 0.5567373671960460513, -12.69999999999999751, 1.282101569147112707 ) ) ;
#9894 = LINE ( 'NONE', #8022, #4955 ) ;
#9895 = CARTESIAN_POINT ( 'NONE',  ( 0.1366751690044200052, -12.70999999999999730, 1.468564822140002502 ) ) ;
#9896 = ORIENTED_EDGE ( 'NONE', *, *, #2607, .T. ) ;
#9897 =( GEOMETRIC_REPRESENTATION_CONTEXT ( 3 ) GLOBAL_UNCERTAINTY_ASSIGNED_CONTEXT ( ( #6469 ) ) GLOBAL_UNIT_ASSIGNED_CONTEXT ( ( #5316, #10117, #5552 ) ) REPRESENTATION_CONTEXT ( 'NONE', 'WORKASPACE' ) );
#9898 = ORIENTED_EDGE ( 'NONE', *, *, #4397, .F. ) ;
#9899 =( NAMED_UNIT ( * ) PLANE_ANGLE_UNIT ( ) SI_UNIT ( $, .RADIAN. ) );
#9900 = LINE ( 'NONE', #10819, #5992 ) ;
#9901 = DIRECTION ( 'NONE',  ( -0.000000000000000000, 1.000000000000000000, -0.000000000000000000 ) ) ;
#9902 = ORIENTED_EDGE ( 'NONE', *, *, #9512, .T. ) ;
#9903 = SURFACE_STYLE_USAGE ( .BOTH. , #4341 ) ;
#9904 =( NAMED_UNIT ( * ) SI_UNIT ( $, .STERADIAN. ) SOLID_ANGLE_UNIT ( ) );
#9905 =( GEOMETRIC_REPRESENTATION_CONTEXT ( 3 ) GLOBAL_UNCERTAINTY_ASSIGNED_CONTEXT ( ( #9318 ) ) GLOBAL_UNIT_ASSIGNED_CONTEXT ( ( #743, #6572, #4614 ) ) REPRESENTATION_CONTEXT ( 'NONE', 'WORKASPACE' ) );
#9906 = DIRECTION ( 'NONE',  ( -0.000000000000000000, 1.000000000000000000, -0.000000000000000000 ) ) ;
#9907 = ORIENTED_EDGE ( 'NONE', *, *, #2707, .T. ) ;
#9908 = CARTESIAN_POINT ( 'NONE',  ( 0.8378185905745648698, -12.70999999999999730, 1.074149985885020087 ) ) ;
#9909 = ORIENTED_EDGE ( 'NONE', *, *, #7643, .F. ) ;
#9911 = ORIENTED_EDGE ( 'NONE', *, *, #8222, .F. ) ;
#9910 = CARTESIAN_POINT ( 'NONE',  ( 1.684181534457815488, -12.70999999999999730, 1.763509484403121608 ) ) ;
#9912 = PRESENTATION_STYLE_ASSIGNMENT (( #2373 ) ) ;
#9913 = CARTESIAN_POINT ( 'NONE',  ( 0.5203458401248410858, -12.69999999999999751, 1.183324567098666957 ) ) ;
#9914 = STYLED_ITEM ( 'NONE', ( #6305 ), #8864 ) ;
#9915 = CARTESIAN_POINT ( 'NONE',  ( 1.763723015057820698, -12.69999999999999751, 2.355824910731326494 ) ) ;
#9916 = STYLED_ITEM ( 'NONE', ( #8769 ), #7036 ) ;
#9917 = ADVANCED_FACE ( 'NONE', ( #10272 ), #691, .F. ) ;
#9918 = ORIENTED_EDGE ( 'NONE', *, *, #10018, .F. ) ;
#9919 = SURFACE_SIDE_STYLE ('',( #5101 ) ) ;
#9920 = DIRECTION ( 'NONE',  ( 1.000000000000000000, -0.000000000000000000, -0.000000000000000000 ) ) ;
#9921 = CARTESIAN_POINT ( 'NONE',  ( -2.782501583604617412, -12.69999999999999751, 2.268945768346066316 ) ) ;
#9922 = CARTESIAN_POINT ( 'NONE',  ( 0.9100817657594046928, -12.70999999999999730, 1.511888068654680728 ) ) ;
#9923 = PLANE ( 'NONE',  #413 ) ;
#9924 = VERTEX_POINT ( 'NONE', #6977 ) ;
#9925 = CARTESIAN_POINT ( 'NONE',  ( 2.728791654385999799, -12.69999999999999751, 1.433213052983943303 ) ) ;
#9926 = SURFACE_SIDE_STYLE ('',( #11759 ) ) ;
#9927 = ORIENTED_EDGE ( 'NONE', *, *, #11638, .T. ) ;
#9928 = UNCERTAINTY_MEASURE_WITH_UNIT (LENGTH_MEASURE( 1.000000000000000082E-05 ), #5998, 'distance_accuracy_value', 'NONE');
#9929 = CARTESIAN_POINT ( 'NONE',  ( 2.370248466240027607, -12.70999999999999730, 1.763509484403121608 ) ) ;
#9930 = EDGE_CURVE ( 'NONE', #7304, #6367, #10751, .T. ) ;
#9931 = SURFACE_STYLE_FILL_AREA ( #4309 ) ;
#9932 = COLOUR_RGB ( '',1.000000000000000000, 1.000000000000000000, 1.000000000000000000 ) ;
#9933 = COLOUR_RGB ( '',0.2509803921568627416, 0.2509803921568627416, 0.2509803921568627416 ) ;
#9934 = FACE_OUTER_BOUND ( 'NONE', #9750, .T. ) ;
#9935 = FILL_AREA_STYLE_COLOUR ( '', #5146 ) ;
#9936 = LINE ( 'NONE', #1315, #1605 ) ;
#9937 =( NAMED_UNIT ( * ) PLANE_ANGLE_UNIT ( ) SI_UNIT ( $, .RADIAN. ) );
#9938 = PRESENTATION_LAYER_ASSIGNMENT (  '', '', ( #7573 ) ) ;
#9939 = ORIENTED_EDGE ( 'NONE', *, *, #2309, .F. ) ;
#9940 = EDGE_CURVE ( 'NONE', #10086, #11212, #3963, .T. ) ;
#9941 = LINE ( 'NONE', #3378, #2292 ) ;
#9942 = DIRECTION ( 'NONE',  ( -0.000000000000000000, 1.000000000000000000, -0.000000000000000000 ) ) ;
#9943 =( GEOMETRIC_REPRESENTATION_CONTEXT ( 3 ) GLOBAL_UNCERTAINTY_ASSIGNED_CONTEXT ( ( #8760 ) ) GLOBAL_UNIT_ASSIGNED_CONTEXT ( ( #835, #6376, #10121 ) ) REPRESENTATION_CONTEXT ( 'NONE', 'WORKASPACE' ) );
#9944 = ORIENTED_EDGE ( 'NONE', *, *, #698, .F. ) ;
#9945 = CARTESIAN_POINT ( 'NONE',  ( -1.630532098566337185, -12.69999999999999751, 1.382073379651379552 ) ) ;
#9946 = VECTOR ( 'NONE', #482, 1000.000000000000000 ) ;
#9947 = CARTESIAN_POINT ( 'NONE',  ( 0.8705709649381874193, -12.69999999999999751, 1.493865598102612102 ) ) ;
#9948 = DIRECTION ( 'NONE',  ( -1.000000000000000000, 0.000000000000000000, 0.000000000000000000 ) ) ;
#9949 = FACE_OUTER_BOUND ( 'NONE', #4841, .T. ) ;
#9950 = FILL_AREA_STYLE ('',( #6112 ) ) ;
#9951 = EDGE_CURVE ( 'NONE', #853, #7865, #11489, .T. ) ;
#9952 = VERTEX_POINT ( 'NONE', #3015 ) ;
#9953 =( NAMED_UNIT ( * ) PLANE_ANGLE_UNIT ( ) SI_UNIT ( $, .RADIAN. ) );
#9954 = ORIENTED_EDGE ( 'NONE', *, *, #10570, .F. ) ;
#9955 = DIRECTION ( 'NONE',  ( 0.000000000000000000, 1.000000000000000000, 0.000000000000000000 ) ) ;
#9956 = ORIENTED_EDGE ( 'NONE', *, *, #11098, .F. ) ;
#9957 = FILL_AREA_STYLE_COLOUR ( '', #4769 ) ;
#9958 = AXIS2_PLACEMENT_3D ( 'NONE', #5005, #1254, #5972 ) ;
#9959 = EDGE_CURVE ( 'NONE', #8813, #1652, #10287, .T. ) ;
#9960 = DIRECTION ( 'NONE',  ( -1.000000000000000000, 0.000000000000000000, 0.000000000000000000 ) ) ;
#9961 = EDGE_CURVE ( 'NONE', #7094, #11938, #8778, .T. ) ;
#9962 = CARTESIAN_POINT ( 'NONE',  ( 2.370248466240027607, -12.70999999999999730, 1.763509484403121608 ) ) ;
#9963 =( NAMED_UNIT ( * ) PLANE_ANGLE_UNIT ( ) SI_UNIT ( $, .RADIAN. ) );
#9964 = VERTEX_POINT ( 'NONE', #146 ) ;
#9965 = PRESENTATION_STYLE_ASSIGNMENT (( #6201 ) ) ;
#9967 = ORIENTED_EDGE ( 'NONE', *, *, #11889, .F. ) ;
#9966 = LINE ( 'NONE', #11687, #5539 ) ;
#9968 = SURFACE_STYLE_FILL_AREA ( #7247 ) ;
#9969 = PRESENTATION_STYLE_ASSIGNMENT (( #6205 ) ) ;
#9970 = FACE_OUTER_BOUND ( 'NONE', #8707, .T. ) ;
#9971 = ORIENTED_EDGE ( 'NONE', *, *, #4976, .F. ) ;
#9972 = SURFACE_SIDE_STYLE ('',( #5171 ) ) ;
#9973 = SURFACE_SIDE_STYLE ('',( #1716 ) ) ;
#9974 = PLANE ( 'NONE',  #6332 ) ;
#9975 = DIRECTION ( 'NONE',  ( -0.000000000000000000, 1.000000000000000000, -0.000000000000000000 ) ) ;
#9976 = VERTEX_POINT ( 'NONE', #4023 ) ;
#9977 = EDGE_CURVE ( 'NONE', #885, #2559, #3131, .T. ) ;
#9978 = EDGE_CURVE ( 'NONE', #4282, #11339, #8220, .T. ) ;
#9979 = CARTESIAN_POINT ( 'NONE',  ( 2.361583816938017666, -12.69999999999999751, 2.346467089485896551 ) ) ;
#9980 = PRESENTATION_LAYER_ASSIGNMENT (  '', '', ( #3854 ) ) ;
#9981 = PLANE ( 'NONE',  #8643 ) ;
#9982 = VERTEX_POINT ( 'NONE', #4896 ) ;
#9983 = ORIENTED_EDGE ( 'NONE', *, *, #1884, .F. ) ;
#9984 = DIRECTION ( 'NONE',  ( -1.000000000000000000, 0.000000000000000000, -0.000000000000000000 ) ) ;
#9985 = EDGE_CURVE ( 'NONE', #1584, #1674, #325, .T. ) ;
#9986 =( NAMED_UNIT ( * ) PLANE_ANGLE_UNIT ( ) SI_UNIT ( $, .RADIAN. ) );
#9987 =( GEOMETRIC_REPRESENTATION_CONTEXT ( 3 ) GLOBAL_UNCERTAINTY_ASSIGNED_CONTEXT ( ( #7649 ) ) GLOBAL_UNIT_ASSIGNED_CONTEXT ( ( #4056, #3808, #1258 ) ) REPRESENTATION_CONTEXT ( 'NONE', 'WORKASPACE' ) );
#9988 = PRESENTATION_STYLE_ASSIGNMENT (( #7015 ) ) ;
#9989 = EDGE_CURVE ( 'NONE', #1536, #6411, #4967, .T. ) ;
#9990 = CARTESIAN_POINT ( 'NONE',  ( 1.055301288070226162, -12.70999999999999730, 1.297351351920866147 ) ) ;
#9991 = CARTESIAN_POINT ( 'NONE',  ( 2.219483568374898574, -12.70999999999999730, 2.752319262821193213 ) ) ;
#9992 = ORIENTED_EDGE ( 'NONE', *, *, #5287, .T. ) ;
#9993 = PLANE ( 'NONE',  #3099 ) ;
#9994 = UNCERTAINTY_MEASURE_WITH_UNIT (LENGTH_MEASURE( 1.000000000000000082E-05 ), #9568, 'distance_accuracy_value', 'NONE');
#9995 = CARTESIAN_POINT ( 'NONE',  ( 2.955978759101097531, -12.69999999999999751, 1.347606317874361803 ) ) ;
#9996 = ORIENTED_EDGE ( 'NONE', *, *, #3371, .F. ) ;
#9997 = FACE_OUTER_BOUND ( 'NONE', #3504, .T. ) ;
#9998 = MECHANICAL_DESIGN_GEOMETRIC_PRESENTATION_REPRESENTATION (  '', ( #3677 ), #3469 ) ;
#9999 = DIRECTION ( 'NONE',  ( -1.000000000000000000, 0.000000000000000000, 0.000000000000000000 ) ) ;
#10000 =( GEOMETRIC_REPRESENTATION_CONTEXT ( 3 ) GLOBAL_UNCERTAINTY_ASSIGNED_CONTEXT ( ( #5595 ) ) GLOBAL_UNIT_ASSIGNED_CONTEXT ( ( #7288, #11045, #11845 ) ) REPRESENTATION_CONTEXT ( 'NONE', 'WORKASPACE' ) );
#10001 = MECHANICAL_DESIGN_GEOMETRIC_PRESENTATION_REPRESENTATION (  '', ( #3717 ), #5280 ) ;
#10002 = SURFACE_STYLE_FILL_AREA ( #10988 ) ;
#10003 =( NAMED_UNIT ( * ) SI_UNIT ( $, .STERADIAN. ) SOLID_ANGLE_UNIT ( ) );
#10004 = DIRECTION ( 'NONE',  ( -0.000000000000000000, 1.000000000000000000, -0.000000000000000000 ) ) ;
#10005 = VECTOR ( 'NONE', #9321, 1000.000000000000000 ) ;
#10006 = EDGE_CURVE ( 'NONE', #5628, #12009, #8658, .T. ) ;
#10007 = CARTESIAN_POINT ( 'NONE',  ( -2.782501583604617412, -12.70999999999999730, 2.268945768346066316 ) ) ;
#10008 = FACE_OUTER_BOUND ( 'NONE', #4837, .T. ) ;
#10009 = ORIENTED_EDGE ( 'NONE', *, *, #6085, .F. ) ;
#10010 = STYLED_ITEM ( 'NONE', ( #4790 ), #9870 ) ;
#10011 = CARTESIAN_POINT ( 'NONE',  ( 0.7652088294180016126, -12.69999999999999751, 1.383651258973846776 ) ) ;
#10012 = ORIENTED_EDGE ( 'NONE', *, *, #2607, .F. ) ;
#10013 = B_SPLINE_CURVE_WITH_KNOTS ( 'NONE', 3,
 ( #441, #3372, #7161, #1548 ),
 .UNSPECIFIED., .F., .F.,
 ( 4, 4 ),
 ( 13.00000000000000000, 14.00000000000000000 ),
 .UNSPECIFIED. ) ;
#10014 = VERTEX_POINT ( 'NONE', #6784 ) ;
#10015 = VERTEX_POINT ( 'NONE', #10580 ) ;
#10016 = DIRECTION ( 'NONE',  ( -1.000000000000000000, -0.000000000000000000, -0.000000000000000000 ) ) ;
#10017 = CARTESIAN_POINT ( 'NONE',  ( 0.4132507747437730306, -12.69999999999999751, 1.373253679813293271 ) ) ;
#10018 = EDGE_CURVE ( 'NONE', #4695, #11101, #9646, .T. ) ;
#10019 = CARTESIAN_POINT ( 'NONE',  ( -1.461833411466662014, -12.69999999999999751, 2.129166751113926281 ) ) ;
#10020 = LINE ( 'NONE', #4156, #4370 ) ;
#10021 = CARTESIAN_POINT ( 'NONE',  ( 3.057355155937388602, -12.70999999999999730, 1.629380713198598674 ) ) ;
#10022 = ORIENTED_EDGE ( 'NONE', *, *, #5673, .T. ) ;
#10023 =( GEOMETRIC_REPRESENTATION_CONTEXT ( 3 ) GLOBAL_UNCERTAINTY_ASSIGNED_CONTEXT ( ( #10411 ) ) GLOBAL_UNIT_ASSIGNED_CONTEXT ( ( #9556, #3997, #10492 ) ) REPRESENTATION_CONTEXT ( 'NONE', 'WORKASPACE' ) );
#10024 = PRESENTATION_STYLE_ASSIGNMENT (( #535 ) ) ;
#10025 = DIRECTION ( 'NONE',  ( -0.000000000000000000, -0.000000000000000000, 1.000000000000000000 ) ) ;
#10026 = SURFACE_STYLE_FILL_AREA ( #10082 ) ;
#10027 = AXIS2_PLACEMENT_3D ( 'NONE', #5697, #9485, #1054 ) ;
#10028 = CARTESIAN_POINT ( 'NONE',  ( 2.558444649096109025, -12.69999999999999751, 1.733703090799036284 ) ) ;
#10029 = COLOUR_RGB ( '',1.000000000000000000, 1.000000000000000000, 1.000000000000000000 ) ;
#10030 = VECTOR ( 'NONE', #11627, 1000.000000000000000 ) ;
#10031 = STYLED_ITEM ( 'NONE', ( #2686 ), #9602 ) ;
#10032 = ORIENTED_EDGE ( 'NONE', *, *, #6419, .F. ) ;
#10033 = CARTESIAN_POINT ( 'NONE',  ( 0.6995307877048746459, -12.69999999999999751, 2.272990863400055961 ) ) ;
#10034 = CARTESIAN_POINT ( 'NONE',  ( -3.042779255920823545, -12.69999999999999751, 2.630442285191726182 ) ) ;
#10035 = CARTESIAN_POINT ( 'NONE',  ( 1.280582169938624615, -12.70999999999999730, 0.9985942439642949697 ) ) ;
#10036 = CARTESIAN_POINT ( 'NONE',  ( -2.551143673084730779, -12.70999999999999730, 2.953379439490250391 ) ) ;
#10037 = ORIENTED_EDGE ( 'NONE', *, *, #9193, .T. ) ;
#10038 = CARTESIAN_POINT ( 'NONE',  ( 2.079289542656220124, -12.69999999999999751, 2.346467089485895663 ) ) ;
#10039 = EDGE_CURVE ( 'NONE', #11644, #1860, #11533, .T. ) ;
#10040 = CARTESIAN_POINT ( 'NONE',  ( 0.6496224077207936043, -12.70999999999999730, 2.162776524266674549 ) ) ;
#10041 = ORIENTED_EDGE ( 'NONE', *, *, #3215, .T. ) ;
#10042 = UNCERTAINTY_MEASURE_WITH_UNIT (LENGTH_MEASURE( 1.000000000000000082E-05 ), #2870, 'distance_accuracy_value', 'NONE');
#10043 = CARTESIAN_POINT ( 'NONE',  ( 0.4037196605124874216, -12.70999999999999730, 1.307748931081419652 ) ) ;
#10044 = SURFACE_SIDE_STYLE ('',( #11154 ) ) ;
#10045 = CIRCLE ( 'NONE', #11429, 0.6500000000000012434 ) ;
#10046 =( LENGTH_UNIT ( ) NAMED_UNIT ( * ) SI_UNIT ( .MILLI., .METRE. ) );
#10047 = CARTESIAN_POINT ( 'NONE',  ( -1.789590466688415260, -12.69999999999999751, 1.232654778906526971 ) ) ;
#10048 =( NAMED_UNIT ( * ) SI_UNIT ( $, .STERADIAN. ) SOLID_ANGLE_UNIT ( ) );
#10049 = ORIENTED_EDGE ( 'NONE', *, *, #12151, .T. ) ;
#10050 = FACE_OUTER_BOUND ( 'NONE', #7603, .T. ) ;
#10051 = FACE_BOUND ( 'NONE', #5370, .T. ) ;
#10052 = ORIENTED_EDGE ( 'NONE', *, *, #8692, .T. ) ;
#10053 = CARTESIAN_POINT ( 'NONE',  ( -1.047317162782429367, -12.69999999999999751, 1.555591858505118497 ) ) ;
#10054 = ORIENTED_EDGE ( 'NONE', *, *, #7173, .F. ) ;
#10055 = EDGE_CURVE ( 'NONE', #10600, #150, #6845, .T. ) ;
#10056 = COLOUR_RGB ( '',1.000000000000000000, 1.000000000000000000, 1.000000000000000000 ) ;
#10057 = STYLED_ITEM ( 'NONE', ( #9806 ), #9249 ) ;
#10058 = SURFACE_SIDE_STYLE ('',( #6301 ) ) ;
#10059 =( GEOMETRIC_REPRESENTATION_CONTEXT ( 3 ) GLOBAL_UNCERTAINTY_ASSIGNED_CONTEXT ( ( #6353 ) ) GLOBAL_UNIT_ASSIGNED_CONTEXT ( ( #6577, #10347, #1906 ) ) REPRESENTATION_CONTEXT ( 'NONE', 'WORKASPACE' ) );
#10060 = STYLED_ITEM ( 'NONE', ( #8180 ), #5921 ) ;
#10061 = COLOUR_RGB ( '',1.000000000000000000, 1.000000000000000000, 1.000000000000000000 ) ;
#10062 = FACE_OUTER_BOUND ( 'NONE', #10145, .T. ) ;
#10063 = CARTESIAN_POINT ( 'NONE',  ( 3.118180994046555909, -12.69999999999999751, 1.763509484403121608 ) ) ;
#10064 = PRESENTATION_LAYER_ASSIGNMENT (  '', '', ( #4154 ) ) ;
#10065 = ORIENTED_EDGE ( 'NONE', *, *, #2626, .T. ) ;
#10066 = CARTESIAN_POINT ( 'NONE',  ( 0.5567373671960460513, -12.70999999999999730, 1.160449892938023142 ) ) ;
#10067 = ORIENTED_EDGE ( 'NONE', *, *, #8474, .F. ) ;
#10068 = VERTEX_POINT ( 'NONE', #1274 ) ;
#10069 = SPHERICAL_SURFACE ( 'NONE', #847, 0.8000000000000000444 ) ;
#10070 = VECTOR ( 'NONE', #5490, 1000.000000000000000 ) ;
#10071 = AXIS2_PLACEMENT_3D ( 'NONE', #4014, #7666, #11595 ) ;
#10072 = EDGE_CURVE ( 'NONE', #10629, #10807, #7845, .T. ) ;
#10073 = CARTESIAN_POINT ( 'NONE',  ( -1.461833411466662014, -12.69999999999999751, 2.129166751113926281 ) ) ;
#10074 =( NAMED_UNIT ( * ) SI_UNIT ( $, .STERADIAN. ) SOLID_ANGLE_UNIT ( ) );
#10075 = ORIENTED_EDGE ( 'NONE', *, *, #961, .T. ) ;
#10076 = VERTEX_POINT ( 'NONE', #1568 ) ;
#10078 = ORIENTED_EDGE ( 'NONE', *, *, #2155, .T. ) ;
#10077 = CARTESIAN_POINT ( 'NONE',  ( -2.295685976389368665, -12.70999999999999730, 1.261574632636248694 ) ) ;
#10079 = FILL_AREA_STYLE_COLOUR ( '', #5940 ) ;
#10080 = LINE ( 'NONE', #4422, #7450 ) ;
#10081 = CARTESIAN_POINT ( 'NONE',  ( 0.8757697545207784318, -12.69999999999999751, 1.390582978417315596 ) ) ;
#10082 = FILL_AREA_STYLE ('',( #3410 ) ) ;
#10083 = PRESENTATION_LAYER_ASSIGNMENT (  '', '', ( #7721 ) ) ;
#10084 = EDGE_CURVE ( 'NONE', #10114, #4695, #4213, .T. ) ;
#10085 = CARTESIAN_POINT ( 'NONE',  ( -1.669091535808775895, -12.69999999999999751, 2.929279653314780241 ) ) ;
#10086 = VERTEX_POINT ( 'NONE', #1642 ) ;
#10087 = B_SPLINE_CURVE_WITH_KNOTS ( 'NONE', 3,
 ( #6781, #4843, #1209, #81 ),
 .UNSPECIFIED., .F., .F.,
 ( 4, 4 ),
 ( 3.000000000000000000, 4.000000000000000000 ),
 .UNSPECIFIED. ) ;
#10088 = CARTESIAN_POINT ( 'NONE',  ( 0.9457801208848780616, -12.69999999999999751, 1.580858677103661680 ) ) ;
#10089 = COLOUR_RGB ( '',1.000000000000000000, 1.000000000000000000, 1.000000000000000000 ) ;
#10090 = ORIENTED_EDGE ( 'NONE', *, *, #7789, .T. ) ;
#10091 = CARTESIAN_POINT ( 'NONE',  ( 0.6995307877048747569, -12.70999999999999730, 2.272990863400055961 ) ) ;
#10092 = VERTEX_POINT ( 'NONE', #5383 ) ;
#10093 = LINE ( 'NONE', #7003, #6803 ) ;
#10094 = B_SPLINE_SURFACE_WITH_KNOTS ( 'NONE', 3, 1, ( 
 ( #8043, #793 ),
 ( #10137, #1840 ),
 ( #3651, #2725 ),
 ( #9225, #1654 ) ),
 .UNSPECIFIED., .F., .F., .F.,
 ( 4, 4 ),
 ( 2, 2 ),
 ( 8.000000000000000000, 9.000000000000000000 ),
 ( 0.000000000000000000, 1.000000000000000000 ),
 .UNSPECIFIED. ) ;
#10095 = ADVANCED_FACE ( 'NONE', ( #9093 ), #2477, .F. ) ;
#10096 = EDGE_LOOP ( 'NONE', ( #3772, #1117, #3971, #639 ) ) ;
#10097 = ORIENTED_EDGE ( 'NONE', *, *, #8145, .T. ) ;
#10098 = CARTESIAN_POINT ( 'NONE',  ( 1.787810740119434083, -12.70999999999999730, 2.506243222624735978 ) ) ;
#10099 = VERTEX_POINT ( 'NONE', #7964 ) ;
#10100 = PRESENTATION_STYLE_ASSIGNMENT (( #1611 ) ) ;
#10101 = VECTOR ( 'NONE', #10016, 1000.000000000000000 ) ;
#10102 = PLANE ( 'NONE',  #3294 ) ;
#10103 = UNCERTAINTY_MEASURE_WITH_UNIT (LENGTH_MEASURE( 1.000000000000000082E-05 ), #3267, 'distance_accuracy_value', 'NONE');
#10104 = FILL_AREA_STYLE_COLOUR ( '', #4345 ) ;
#10105 = CARTESIAN_POINT ( 'NONE',  ( 0.5567373671960460513, -12.69999999999999751, 1.393355666195625675 ) ) ;
#10106 = CARTESIAN_POINT ( 'NONE',  ( -18.60000000000000142, 1.500000000000003109, -4.000000000000000000 ) ) ;
#10107 = VERTEX_POINT ( 'NONE', #1388 ) ;
#10108 = VERTEX_POINT ( 'NONE', #3323 ) ;
#10109 = MECHANICAL_DESIGN_GEOMETRIC_PRESENTATION_REPRESENTATION (  '', ( #1671 ), #3186 ) ;
#10110 = FILL_AREA_STYLE_COLOUR ( '', #3457 ) ;
#10111 = CARTESIAN_POINT ( 'NONE',  ( -1.649811633320760862, -12.70999999999999730, 1.083236178157049645 ) ) ;
#10112 = ORIENTED_EDGE ( 'NONE', *, *, #411, .F. ) ;
#10113 = PRESENTATION_STYLE_ASSIGNMENT (( #12193 ) ) ;
#10114 = VERTEX_POINT ( 'NONE', #5144 ) ;
#10115 = LINE ( 'NONE', #8012, #156 ) ;
#10116 = CARTESIAN_POINT ( 'NONE',  ( -2.136627424400495467, -12.69999999999999751, 2.731661405519053787 ) ) ;
#10117 =( NAMED_UNIT ( * ) PLANE_ANGLE_UNIT ( ) SI_UNIT ( $, .RADIAN. ) );
#10118 = SURFACE_STYLE_FILL_AREA ( #2819 ) ;
#10119 =( NAMED_UNIT ( * ) PLANE_ANGLE_UNIT ( ) SI_UNIT ( $, .RADIAN. ) );
#10120 = DIRECTION ( 'NONE',  ( -1.000000000000000000, -0.000000000000000000, -0.000000000000000000 ) ) ;
#10121 =( NAMED_UNIT ( * ) SI_UNIT ( $, .STERADIAN. ) SOLID_ANGLE_UNIT ( ) );
#10122 = EDGE_CURVE ( 'NONE', #11006, #10014, #652, .T. ) ;
#10123 = B_SPLINE_CURVE_WITH_KNOTS ( 'NONE', 3,
 ( #11417, #378, #2109, #6964 ),
 .UNSPECIFIED., .F., .F.,
 ( 4, 4 ),
 ( 1.000000000000000000, 2.000000000000000000 ),
 .UNSPECIFIED. ) ;
#10124 = EDGE_CURVE ( 'NONE', #9064, #11444, #6113, .T. ) ;
#10125 =( NAMED_UNIT ( * ) SI_UNIT ( $, .STERADIAN. ) SOLID_ANGLE_UNIT ( ) );
#10126 = ORIENTED_EDGE ( 'NONE', *, *, #8251, .T. ) ;
#10127 =( NAMED_UNIT ( * ) SI_UNIT ( $, .STERADIAN. ) SOLID_ANGLE_UNIT ( ) );
#10128 = ORIENTED_EDGE ( 'NONE', *, *, #877, .T. ) ;
#10129 = EDGE_CURVE ( 'NONE', #6597, #5781, #1316, .T. ) ;
#10130 = FACE_OUTER_BOUND ( 'NONE', #10450, .T. ) ;
#10131 = EDGE_CURVE ( 'NONE', #5444, #10491, #7034, .T. ) ;
#10132 = CARTESIAN_POINT ( 'NONE',  ( -18.60000000000000142, 1.500000000000003109, 0.000000000000000000 ) ) ;
#10133 =( LENGTH_UNIT ( ) NAMED_UNIT ( * ) SI_UNIT ( .MILLI., .METRE. ) );
#10134 = SURFACE_SIDE_STYLE ('',( #6386 ) ) ;
#10135 = ORIENTED_EDGE ( 'NONE', *, *, #3830, .T. ) ;
#10136 = ORIENTED_EDGE ( 'NONE', *, *, #51, .F. ) ;
#10138 = ORIENTED_EDGE ( 'NONE', *, *, #12067, .F. ) ;
#10137 = CARTESIAN_POINT ( 'NONE',  ( 1.025148308496749650, -12.70999999999999730, 1.573926957660192638 ) ) ;
#10139 = LINE ( 'NONE', #732, #8026 ) ;
#10140 = CARTESIAN_POINT ( 'NONE',  ( 0.8352191957844155024, -12.70999999999999730, 2.161043594408120772 ) ) ;
#10141 = CARTESIAN_POINT ( 'NONE',  ( -3.515135212069099513, -12.70999999999999730, 1.208554992726440958 ) ) ;
#10142 = ADVANCED_FACE ( 'NONE', ( #5207 ), #6309, .F. ) ;
#10143 = VECTOR ( 'NONE', #7087, 1000.000000000000000 ) ;
#10144 = CARTESIAN_POINT ( 'NONE',  ( 1.029134047176034183, -12.69999999999999751, 1.112621028786494159 ) ) ;
#10145 = EDGE_LOOP ( 'NONE', ( #6951, #4275, #7201, #1970 ) ) ;
#10146 = VERTEX_POINT ( 'NONE', #2767 ) ;
#10147 =( LENGTH_UNIT ( ) NAMED_UNIT ( * ) SI_UNIT ( .MILLI., .METRE. ) );
#10148 = ORIENTED_EDGE ( 'NONE', *, *, #8557, .F. ) ;
#10149 = DIRECTION ( 'NONE',  ( 0.000000000000000000, 0.000000000000000000, 1.000000000000000000 ) ) ;
#10150 = CARTESIAN_POINT ( 'NONE',  ( -2.141447308090255852, -12.69999999999999751, 3.020858839633884685 ) ) ;
#10151 = SURFACE_STYLE_FILL_AREA ( #12171 ) ;
#10152 = CARTESIAN_POINT ( 'NONE',  ( 0.2941984933271434288, -12.69999999999999751, 1.112274442814796815 ) ) ;
#10153 = VERTEX_POINT ( 'NONE', #3765 ) ;
#10154 = CARTESIAN_POINT ( 'NONE',  ( 1.317840161941413291, -12.69999999999999751, 1.086627080880489427 ) ) ;
#10155 = ORIENTED_EDGE ( 'NONE', *, *, #9978, .F. ) ;
#10156 = CARTESIAN_POINT ( 'NONE',  ( 3.024602781573761945, -12.70999999999999730, 1.763509484403121608 ) ) ;
#10157 =( NAMED_UNIT ( * ) SI_UNIT ( $, .STERADIAN. ) SOLID_ANGLE_UNIT ( ) );
#10158 = EDGE_CURVE ( 'NONE', #6427, #6060, #1748, .T. ) ;
#10159 =( NAMED_UNIT ( * ) PLANE_ANGLE_UNIT ( ) SI_UNIT ( $, .RADIAN. ) );
#10160 = UNCERTAINTY_MEASURE_WITH_UNIT (LENGTH_MEASURE( 1.000000000000000082E-05 ), #723, 'distance_accuracy_value', 'NONE');
#10161 = ORIENTED_EDGE ( 'NONE', *, *, #5358, .F. ) ;
#10162 = DIRECTION ( 'NONE',  ( -0.000000000000000000, 1.000000000000000000, -0.000000000000000000 ) ) ;
#10163 = B_SPLINE_CURVE_WITH_KNOTS ( 'NONE', 3,
 ( #12100, #3646, #11866, #10019 ),
 .UNSPECIFIED., .F., .F.,
 ( 4, 4 ),
 ( 21.00000000000000000, 22.00000000000000000 ),
 .UNSPECIFIED. ) ;
#10164 =( LENGTH_UNIT ( ) NAMED_UNIT ( * ) SI_UNIT ( .MILLI., .METRE. ) );
#10165 = FILL_AREA_STYLE ('',( #1001 ) ) ;
#10166 = EDGE_LOOP ( 'NONE', ( #3044, #8773 ) ) ;
#10167 = SURFACE_SIDE_STYLE ('',( #3676 ) ) ;
#10168 =( GEOMETRIC_REPRESENTATION_CONTEXT ( 3 ) GLOBAL_UNCERTAINTY_ASSIGNED_CONTEXT ( ( #11467 ) ) GLOBAL_UNIT_ASSIGNED_CONTEXT ( ( #11262, #7452, #2739 ) ) REPRESENTATION_CONTEXT ( 'NONE', 'WORKASPACE' ) );
#10169 = ADVANCED_FACE ( 'NONE', ( #7594 ), #3502, .F. ) ;
#10170 = DIRECTION ( 'NONE',  ( -0.000000000000000000, 1.000000000000000000, -0.000000000000000000 ) ) ;
#10171 = VECTOR ( 'NONE', #2072, 1000.000000000000000 ) ;
#10172 = CARTESIAN_POINT ( 'NONE',  ( 1.165169041227267943, -12.69999999999999751, 2.466385835831798712 ) ) ;
#10173 = PLANE ( 'NONE',  #6820 ) ;
#10174 = EDGE_LOOP ( 'NONE', ( #7638, #3977, #9400, #550, #7915, #259, #6082, #8727, #4808, #3649, #8951, #8979, #6344, #9647, #5880, #11348, #349, #8066, #2995, #12173, #5909 ) ) ;
#10175 = FILL_AREA_STYLE_COLOUR ( '', #6067 ) ;
#10176 = EDGE_LOOP ( 'NONE', ( #9300, #10551, #11173, #11609 ) ) ;
#10177 = CARTESIAN_POINT ( 'NONE',  ( 0.3059824163768771754, -12.69999999999999751, 2.346813675457607218 ) ) ;
#10178 = ORIENTED_EDGE ( 'NONE', *, *, #2101, .T. ) ;
#10179 = CARTESIAN_POINT ( 'NONE',  ( -0.1057617184844344971, -12.69999999999999751, 1.685527640680424488 ) ) ;
#10180 = EDGE_CURVE ( 'NONE', #10099, #11426, #9543, .T. ) ;
#10181 = CARTESIAN_POINT ( 'NONE',  ( 0.9965549657982581966, -12.70999999999999730, 1.208971929032973902 ) ) ;
#10182 =( NAMED_UNIT ( * ) SI_UNIT ( $, .STERADIAN. ) SOLID_ANGLE_UNIT ( ) );
#10183 = EDGE_CURVE ( 'NONE', #9150, #10324, #5432, .T. ) ;
#10184 =( LENGTH_UNIT ( ) NAMED_UNIT ( * ) SI_UNIT ( .MILLI., .METRE. ) );
#10185 = SURFACE_STYLE_USAGE ( .BOTH. , #2708 ) ;
#10186 = CARTESIAN_POINT ( 'NONE',  ( 0.1919556315546779024, -12.69999999999999751, 2.385631304330791735 ) ) ;
#10187 = CARTESIAN_POINT ( 'NONE',  ( 2.370248466240027163, -12.69999999999999751, 1.763509484403121608 ) ) ;
#10188 = CARTESIAN_POINT ( 'NONE',  ( 1.592682837819911379, -12.69999999999999751, 1.569767925995061653 ) ) ;
#10189 = SURFACE_SIDE_STYLE ('',( #8396 ) ) ;
#10190 = EDGE_CURVE ( 'NONE', #10469, #4347, #4540, .T. ) ;
#10191 = STYLED_ITEM ( 'NONE', ( #6534 ), #1529 ) ;
#10192 = SURFACE_SIDE_STYLE ('',( #775 ) ) ;
#10193 = DIRECTION ( 'NONE',  ( -0.000000000000000000, 1.000000000000000000, -0.000000000000000000 ) ) ;
#10194 = VERTEX_POINT ( 'NONE', #8279 ) ;
#10195 = ORIENTED_EDGE ( 'NONE', *, *, #4833, .F. ) ;
#10196 = ORIENTED_EDGE ( 'NONE', *, *, #573, .F. ) ;
#10197 = CARTESIAN_POINT ( 'NONE',  ( 2.728791654385999799, -12.70999999999999730, 1.328197503435454507 ) ) ;
#10198 = EDGE_CURVE ( 'NONE', #8570, #919, #12035, .T. ) ;
#10199 = CARTESIAN_POINT ( 'NONE',  ( 0.5203458401248410858, -12.70999999999999730, 1.183324567098666957 ) ) ;
#10200 = PRESENTATION_LAYER_ASSIGNMENT (  '', '', ( #11180 ) ) ;
#10201 = DIRECTION ( 'NONE',  ( 0.3493954794691467303, 0.000000000000000000, -0.9369753459544840624 ) ) ;
#10202 = MECHANICAL_DESIGN_GEOMETRIC_PRESENTATION_REPRESENTATION (  '', ( #7252 ), #4883 ) ;
#10203 = PRESENTATION_STYLE_ASSIGNMENT (( #3458 ) ) ;
#10204 = VERTEX_POINT ( 'NONE', #9394 ) ;
#10205 = LINE ( 'NONE', #5631, #3387 ) ;
#10206 = VERTEX_POINT ( 'NONE', #958 ) ;
#10207 = VECTOR ( 'NONE', #5900, 1000.000000000000000 ) ;
#10208 = CARTESIAN_POINT ( 'NONE',  ( -0.7484797774236003898, -12.69999999999999751, 1.589331687860300324 ) ) ;
#10209 =( GEOMETRIC_REPRESENTATION_CONTEXT ( 3 ) GLOBAL_UNCERTAINTY_ASSIGNED_CONTEXT ( ( #6555 ) ) GLOBAL_UNIT_ASSIGNED_CONTEXT ( ( #8023, #11911, #9831 ) ) REPRESENTATION_CONTEXT ( 'NONE', 'WORKASPACE' ) );
#10210 = CARTESIAN_POINT ( 'NONE',  ( 3.210546155609103725, -12.69999999999999751, 1.271010818038487145 ) ) ;
#10211 = FILL_AREA_STYLE_COLOUR ( '', #3204 ) ;
#10212 = EDGE_LOOP ( 'NONE', ( #1676, #8248, #801, #10664 ) ) ;
#10213 = ADVANCED_FACE ( 'NONE', ( #3577 ), #4648, .T. ) ;
#10214 = FILL_AREA_STYLE_COLOUR ( '', #9086 ) ;
#10215 = EDGE_CURVE ( 'NONE', #2720, #1766, #11728, .T. ) ;
#10216 = AXIS2_PLACEMENT_3D ( 'NONE', #4589, #11117, #10376 ) ;
#10217 = DIRECTION ( 'NONE',  ( 0.9409537876760564190, 0.000000000000000000, -0.3385350343141504958 ) ) ;
#10218 = PRESENTATION_LAYER_ASSIGNMENT (  '', '', ( #3290 ) ) ;
#10219 = PLANE ( 'NONE',  #11054 ) ;
#10220 = ORIENTED_EDGE ( 'NONE', *, *, #5484, .F. ) ;
#10221 = CARTESIAN_POINT ( 'NONE',  ( -1.042497095225886072, -12.70999999999999730, 1.174815439176064569 ) ) ;
#10222 =( GEOMETRIC_REPRESENTATION_CONTEXT ( 3 ) GLOBAL_UNCERTAINTY_ASSIGNED_CONTEXT ( ( #9166 ) ) GLOBAL_UNIT_ASSIGNED_CONTEXT ( ( #10475, #1908, #2914 ) ) REPRESENTATION_CONTEXT ( 'NONE', 'WORKASPACE' ) );
#10223 = AXIS2_PLACEMENT_3D ( 'NONE', #1474, #7875, #6025 ) ;
#10224 = B_SPLINE_CURVE_WITH_KNOTS ( 'NONE', 3,
 ( #820, #1864, #755, #4502 ),
 .UNSPECIFIED., .F., .F.,
 ( 4, 4 ),
 ( 2.000000000000000000, 3.000000000000000000 ),
 .UNSPECIFIED. ) ;
#10225 = CARTESIAN_POINT ( 'NONE',  ( 0.7754331155950139332, -12.69999999999999751, 1.516393686291531706 ) ) ;
#10226 = CARTESIAN_POINT ( 'NONE',  ( 2.636773078785899393, -12.70999999999999730, 1.515353928376412807 ) ) ;
#10227 = VERTEX_POINT ( 'NONE', #3876 ) ;
#10228 =( LENGTH_UNIT ( ) NAMED_UNIT ( * ) SI_UNIT ( .MILLI., .METRE. ) );
#10229 = PRESENTATION_LAYER_ASSIGNMENT (  '', '', ( #992 ) ) ;
#10230 = ORIENTED_EDGE ( 'NONE', *, *, #4003, .F. ) ;
#10231 = VECTOR ( 'NONE', #4075, 1000.000000000000000 ) ;
#10232 = UNCERTAINTY_MEASURE_WITH_UNIT (LENGTH_MEASURE( 1.000000000000000082E-05 ), #5443, 'distance_accuracy_value', 'NONE');
#10233 = PRESENTATION_STYLE_ASSIGNMENT (( #2636 ) ) ;
#10234 = ADVANCED_FACE ( 'NONE', ( #6892 ), #11990, .T. ) ;
#10235 = CARTESIAN_POINT ( 'NONE',  ( 1.349379485401759116, -12.70999999999999730, 1.205852655282966035 ) ) ;
#10236 = CARTESIAN_POINT ( 'NONE',  ( -3.230757569708321508, -12.70999999999999730, 1.415813300939981367 ) ) ;
#10237 = ORIENTED_EDGE ( 'NONE', *, *, #8713, .T. ) ;
#10238 = LINE ( 'NONE', #3565, #10379 ) ;
#10239 = CARTESIAN_POINT ( 'NONE',  ( 0.5210390120705497008, -12.70999999999999730, 1.102916621569366429 ) ) ;
#10240 = ORIENTED_EDGE ( 'NONE', *, *, #11182, .T. ) ;
#10241 = FILL_AREA_STYLE_COLOUR ( '', #613 ) ;
#10242 = ORIENTED_EDGE ( 'NONE', *, *, #10726, .F. ) ;
#10243 = CARTESIAN_POINT ( 'NONE',  ( 0.9833846988593942795, -12.70999999999999730, 1.511888068654680728 ) ) ;
#10244 =( NAMED_UNIT ( * ) PLANE_ANGLE_UNIT ( ) SI_UNIT ( $, .RADIAN. ) );
#10245 = DIRECTION ( 'NONE',  ( 0.3658589216693572399, -0.000000000000000000, -0.9306703226357523340 ) ) ;
#10246 = UNCERTAINTY_MEASURE_WITH_UNIT (LENGTH_MEASURE( 1.000000000000000082E-05 ), #2409, 'distance_accuracy_value', 'NONE');
#10247 = FILL_AREA_STYLE ('',( #11965 ) ) ;
#10248 = DIRECTION ( 'NONE',  ( -1.000000000000000000, -0.000000000000000000, -0.000000000000000000 ) ) ;
#10249 = SURFACE_SIDE_STYLE ('',( #10002 ) ) ;
#10250 = CYLINDRICAL_SURFACE ( 'NONE', #8492, 0.6500000000000012434 ) ;
#10251 = DIRECTION ( 'NONE',  ( -0.000000000000000000, 1.000000000000000000, -0.000000000000000000 ) ) ;
#10252 = VERTEX_POINT ( 'NONE', #9626 ) ;
#10253 = EDGE_CURVE ( 'NONE', #9814, #7171, #5789, .T. ) ;
#10254 = DIRECTION ( 'NONE',  ( -0.000000000000000000, 1.000000000000000000, -0.000000000000000000 ) ) ;
#10255 = PRESENTATION_LAYER_ASSIGNMENT (  '', '', ( #7310 ) ) ;
#10256 = EDGE_LOOP ( 'NONE', ( #8768, #2084, #38, #1899 ) ) ;
#10257 = SURFACE_STYLE_USAGE ( .BOTH. , #5621 ) ;
#10258 = VECTOR ( 'NONE', #3753, 1000.000000000000000 ) ;
#10259 = ORIENTED_EDGE ( 'NONE', *, *, #4321, .F. ) ;
#10260 = STYLED_ITEM ( 'NONE', ( #7792 ), #6050 ) ;
#10261 = DIRECTION ( 'NONE',  ( 1.000000000000000000, 0.000000000000000000, -0.000000000000000000 ) ) ;
#10262 = LINE ( 'NONE', #2006, #1859 ) ;
#10263 = EDGE_CURVE ( 'NONE', #9924, #4350, #7490, .T. ) ;
#10264 = FILL_AREA_STYLE ('',( #785 ) ) ;
#10265 = PRESENTATION_LAYER_ASSIGNMENT (  '', '', ( #829 ) ) ;
#10266 = VERTEX_POINT ( 'NONE', #2056 ) ;
#10267 = CARTESIAN_POINT ( 'NONE',  ( 2.176853493808292406, -12.69999999999999751, 1.763509484403121608 ) ) ;
#10268 =( GEOMETRIC_REPRESENTATION_CONTEXT ( 3 ) GLOBAL_UNCERTAINTY_ASSIGNED_CONTEXT ( ( #3481 ) ) GLOBAL_UNIT_ASSIGNED_CONTEXT ( ( #10046, #4388, #10930 ) ) REPRESENTATION_CONTEXT ( 'NONE', 'WORKASPACE' ) );
#10269 = CARTESIAN_POINT ( 'NONE',  ( -2.854800942131015429, -12.70999999999999730, 2.312325365080770023 ) ) ;
#10270 = FACE_OUTER_BOUND ( 'NONE', #5006, .T. ) ;
#10271 = VECTOR ( 'NONE', #8843, 1000.000000000000000 ) ;
#10272 = FACE_OUTER_BOUND ( 'NONE', #3258, .T. ) ;
#10273 = CARTESIAN_POINT ( 'NONE',  ( 2.612685353728910975, -12.69999999999999751, 1.280368639288545607 ) ) ;
#10274 = COLOUR_RGB ( '',1.000000000000000000, 1.000000000000000000, 1.000000000000000000 ) ;
#10275 = FACE_OUTER_BOUND ( 'NONE', #4526, .T. ) ;
#10276 = PRESENTATION_LAYER_ASSIGNMENT (  '', '', ( #640 ) ) ;
#10277 = MECHANICAL_DESIGN_GEOMETRIC_PRESENTATION_REPRESENTATION (  '', ( #25 ), #11843 ) ;
#10278 = ORIENTED_EDGE ( 'NONE', *, *, #1644, .T. ) ;
#10279 =( NAMED_UNIT ( * ) SI_UNIT ( $, .STERADIAN. ) SOLID_ANGLE_UNIT ( ) );
#10280 = VECTOR ( 'NONE', #6011, 1000.000000000000000 ) ;
#10281 = PRESENTATION_LAYER_ASSIGNMENT (  '', '', ( #9304 ) ) ;
#10282 = CARTESIAN_POINT ( 'NONE',  ( -0.9268182319027946647, -12.69999999999999751, 1.300134253745478308 ) ) ;
#10283 = MECHANICAL_DESIGN_GEOMETRIC_PRESENTATION_REPRESENTATION (  '', ( #1831 ), #12049 ) ;
#10284 = CARTESIAN_POINT ( 'NONE',  ( -1.620891963455533880, -12.70999999999999730, 1.651991187078393652 ) ) ;
#10285 =( NAMED_UNIT ( * ) SI_UNIT ( $, .STERADIAN. ) SOLID_ANGLE_UNIT ( ) );
#10286 = ORIENTED_EDGE ( 'NONE', *, *, #9245, .T. ) ;
#10287 = B_SPLINE_CURVE_WITH_KNOTS ( 'NONE', 3,
 ( #8595, #10522, #11431, #3893 ),
 .UNSPECIFIED., .F., .F.,
 ( 4, 4 ),
 ( 1.000000000000000000, 2.000000000000000000 ),
 .UNSPECIFIED. ) ;
#10288 = VECTOR ( 'NONE', #9567, 1000.000000000000000 ) ;
#10289 = EDGE_CURVE ( 'NONE', #6310, #12095, #7031, .T. ) ;
#10290 = B_SPLINE_CURVE_WITH_KNOTS ( 'NONE', 3,
 ( #8385, #12024, #10239, #8452 ),
 .UNSPECIFIED., .F., .F.,
 ( 4, 4 ),
 ( 6.000000000000000000, 7.000000000000000000 ),
 .UNSPECIFIED. ) ;
#10291 = DIRECTION ( 'NONE',  ( -1.000000000000000000, 0.000000000000000000, -0.000000000000000000 ) ) ;
#10292 = ORIENTED_EDGE ( 'NONE', *, *, #6216, .T. ) ;
#10293 =( GEOMETRIC_REPRESENTATION_CONTEXT ( 3 ) GLOBAL_UNCERTAINTY_ASSIGNED_CONTEXT ( ( #1790 ) ) GLOBAL_UNIT_ASSIGNED_CONTEXT ( ( #10646, #10368, #5661 ) ) REPRESENTATION_CONTEXT ( 'NONE', 'WORKASPACE' ) );
#10294 = FACE_OUTER_BOUND ( 'NONE', #5386, .T. ) ;
#10295 = UNCERTAINTY_MEASURE_WITH_UNIT (LENGTH_MEASURE( 1.000000000000000082E-05 ), #5471, 'distance_accuracy_value', 'NONE');
#10296 = CARTESIAN_POINT ( 'NONE',  ( 2.221563084205162575, -12.70999999999999730, 2.752319262821193657 ) ) ;
#10297 =( NAMED_UNIT ( * ) PLANE_ANGLE_UNIT ( ) SI_UNIT ( $, .RADIAN. ) );
#10298 = SURFACE_STYLE_USAGE ( .BOTH. , #8320 ) ;
#10299 = ORIENTED_EDGE ( 'NONE', *, *, #5053, .F. ) ;
#10300 = COLOUR_RGB ( '',1.000000000000000000, 1.000000000000000000, 1.000000000000000000 ) ;
#10301 = SURFACE_STYLE_USAGE ( .BOTH. , #6593 ) ;
#10302 = SURFACE_STYLE_FILL_AREA ( #6533 ) ;
#10303 = B_SPLINE_CURVE_WITH_KNOTS ( 'NONE', 3,
 ( #7149, #7076, #10036, #5230 ),
 .UNSPECIFIED., .F., .F.,
 ( 4, 4 ),
 ( 2.000000000000000000, 3.000000000000000000 ),
 .UNSPECIFIED. ) ;
#10304 = STYLED_ITEM ( 'NONE', ( #9090 ), #8885 ) ;
#10305 = ORIENTED_EDGE ( 'NONE', *, *, #9385, .T. ) ;
#10306 = DIRECTION ( 'NONE',  ( -0.000000000000000000, 0.000000000000000000, -1.000000000000000000 ) ) ;
#10307 = ORIENTED_EDGE ( 'NONE', *, *, #3886, .T. ) ;
#10308 = LINE ( 'NONE', #948, #10258 ) ;
#10309 = ORIENTED_EDGE ( 'NONE', *, *, #8556, .T. ) ;
#10310 = COLOUR_RGB ( '',1.000000000000000000, 1.000000000000000000, 1.000000000000000000 ) ;
#10311 = ADVANCED_FACE ( 'NONE', ( #11475 ), #1487, .F. ) ;
#10312 = FILL_AREA_STYLE ('',( #827 ) ) ;
#10313 = CYLINDRICAL_SURFACE ( 'NONE', #6733, 0.7999999999999986011 ) ;
#10314 = LINE ( 'NONE', #12197, #4361 ) ;
#10315 = CARTESIAN_POINT ( 'NONE',  ( -2.594523361750517232, -12.69999999999999751, 1.141075517887485180 ) ) ;
#10316 =( NAMED_UNIT ( * ) PLANE_ANGLE_UNIT ( ) SI_UNIT ( $, .RADIAN. ) );
#10317 = SURFACE_STYLE_FILL_AREA ( #11229 ) ;
#10318 = PRESENTATION_LAYER_ASSIGNMENT (  '', '', ( #6377 ) ) ;
#10319 = ADVANCED_FACE ( 'NONE', ( #10917 ), #2509, .F. ) ;
#10320 = DIRECTION ( 'NONE',  ( -1.000000000000000000, 0.000000000000000000, 0.000000000000000000 ) ) ;
#10321 =( NAMED_UNIT ( * ) PLANE_ANGLE_UNIT ( ) SI_UNIT ( $, .RADIAN. ) );
#10322 = CARTESIAN_POINT ( 'NONE',  ( 1.771694492416408639, -12.70999999999999730, 1.390929564389012718 ) ) ;
#10323 = CARTESIAN_POINT ( 'NONE',  ( 0.2245347129324268276, -12.69999999999999751, 2.684041826315634260 ) ) ;
#10324 = VERTEX_POINT ( 'NONE', #5408 ) ;
#10325 = CARTESIAN_POINT ( 'NONE',  ( 0.5567373671960460513, -12.70999999999999730, 1.282101569147112707 ) ) ;
#10326 = FILL_AREA_STYLE ('',( #367 ) ) ;
#10327 = ORIENTED_EDGE ( 'NONE', *, *, #28, .F. ) ;
#10328 = ORIENTED_EDGE ( 'NONE', *, *, #6347, .T. ) ;
#10329 = CARTESIAN_POINT ( 'NONE',  ( 0.8447503100156967815, -12.70999999999999730, 1.427321091460217684 ) ) ;
#10330 = EDGE_LOOP ( 'NONE', ( #4720, #34, #5423, #8986 ) ) ;
#10331 = ADVANCED_FACE ( 'NONE', ( #2453 ), #9981, .T. ) ;
#10332 = STYLED_ITEM ( 'NONE', ( #2499 ), #5131 ) ;
#10333 = CARTESIAN_POINT ( 'NONE',  ( -2.946380111214339959, -12.70999999999999730, 2.341245126877084637 ) ) ;
#10334 = DIRECTION ( 'NONE',  ( 0.000000000000000000, -0.000000000000000000, 1.000000000000000000 ) ) ;
#10335 = SURFACE_STYLE_USAGE ( .BOTH. , #5578 ) ;
#10336 = B_SPLINE_SURFACE_WITH_KNOTS ( 'NONE', 3, 1, ( 
 ( #11111, #11346 ),
 ( #5905, #9690 ),
 ( #7767, #5786 ),
 ( #1194, #12201 ) ),
 .UNSPECIFIED., .F., .F., .F.,
 ( 4, 4 ),
 ( 2, 2 ),
 ( 7.000000000000000000, 8.000000000000000000 ),
 ( 0.000000000000000000, 1.000000000000000000 ),
 .UNSPECIFIED. ) ;
#10337 = FACE_OUTER_BOUND ( 'NONE', #5069, .T. ) ;
#10338 = AXIS2_PLACEMENT_3D ( 'NONE', #9777, #4805, #8740 ) ;
#10339 = VECTOR ( 'NONE', #11051, 1000.000000000000000 ) ;
#10340 = CARTESIAN_POINT ( 'NONE',  ( 0.9747200495550709665, -12.69999999999999751, 1.255067863321315702 ) ) ;
#10341 = EDGE_CURVE ( 'NONE', #1446, #2539, #5848, .T. ) ;
#10342 = FACE_OUTER_BOUND ( 'NONE', #5692, .T. ) ;
#10343 =( LENGTH_UNIT ( ) NAMED_UNIT ( * ) SI_UNIT ( .MILLI., .METRE. ) );
#10344 = CARTESIAN_POINT ( 'NONE',  ( 3.024602781573761945, -12.70999999999999730, 1.763509484403121608 ) ) ;
#10345 = CARTESIAN_POINT ( 'NONE',  ( 2.527425204591026375, -12.70999999999999730, 2.161043594408120772 ) ) ;
#10346 = ORIENTED_EDGE ( 'NONE', *, *, #10741, .T. ) ;
#10347 =( NAMED_UNIT ( * ) PLANE_ANGLE_UNIT ( ) SI_UNIT ( $, .RADIAN. ) );
#10348 = DIRECTION ( 'NONE',  ( -1.000000000000000000, -0.000000000000000000, -0.000000000000000000 ) ) ;
#10349 = SURFACE_SIDE_STYLE ('',( #930 ) ) ;
#10350 = COLOUR_RGB ( '',1.000000000000000000, 1.000000000000000000, 1.000000000000000000 ) ;
#10351 = LINE ( 'NONE', #3852, #11004 ) ;
#10352 = CARTESIAN_POINT ( 'NONE',  ( -3.230757569708321508, -12.69999999999999751, 1.415813300939981367 ) ) ;
#10353 = CARTESIAN_POINT ( 'NONE',  ( 0.1919556315546779024, -12.69999999999999751, 2.487180994157543790 ) ) ;
#10354 = VECTOR ( 'NONE', #11625, 1000.000000000000000 ) ;
#10355 = CARTESIAN_POINT ( 'NONE',  ( 1.029134047176034183, -12.69999999999999751, 1.112621028786494159 ) ) ;
#10356 = CARTESIAN_POINT ( 'NONE',  ( 0.4281539715458249074, -12.69999999999999751, 1.143813766277427035 ) ) ;
#10357 = EDGE_CURVE ( 'NONE', #11737, #7708, #10351, .T. ) ;
#10358 = DIRECTION ( 'NONE',  ( -0.000000000000000000, 1.000000000000000000, -0.000000000000000000 ) ) ;
#10359 = PRESENTATION_STYLE_ASSIGNMENT (( #10301 ) ) ;
#10361 = ADVANCED_FACE ( 'NONE', ( #994 ), #9601, .F. ) ;
#10360 = PLANE ( 'NONE',  #9414 ) ;
#10362 = ORIENTED_EDGE ( 'NONE', *, *, #6590, .T. ) ;
#10363 = DIRECTION ( 'NONE',  ( -1.000000000000000000, 0.000000000000000000, 0.000000000000000000 ) ) ;
#10364 = VERTEX_POINT ( 'NONE', #8431 ) ;
#10365 = EDGE_LOOP ( 'NONE', ( #2628, #534, #1855, #2305 ) ) ;
#10366 = SURFACE_SIDE_STYLE ('',( #9511 ) ) ;
#10367 = CARTESIAN_POINT ( 'NONE',  ( 0.3387347907427868399, -12.70999999999999730, 1.198920935844121960 ) ) ;
#10368 =( NAMED_UNIT ( * ) PLANE_ANGLE_UNIT ( ) SI_UNIT ( $, .RADIAN. ) );
#10369 = EDGE_CURVE ( 'NONE', #7360, #6595, #3666, .T. ) ;
#10370 = CARTESIAN_POINT ( 'NONE',  ( 0.4666250144496134067, -12.69999999999999751, 1.580858677103661680 ) ) ;
#10371 = UNCERTAINTY_MEASURE_WITH_UNIT (LENGTH_MEASURE( 1.000000000000000082E-05 ), #3921, 'distance_accuracy_value', 'NONE');
#10372 = LINE ( 'NONE', #11409, #2960 ) ;
#10373 = ORIENTED_EDGE ( 'NONE', *, *, #8128, .T. ) ;
#10374 = DIRECTION ( 'NONE',  ( 1.000000000000000000, 0.000000000000000000, -0.000000000000000000 ) ) ;
#10375 = DIRECTION ( 'NONE',  ( -6.505213034913037648E-15, -1.000000000000000000, 0.000000000000000000 ) ) ;
#10376 = DIRECTION ( 'NONE',  ( -1.000000000000000000, 0.000000000000000000, -0.000000000000000000 ) ) ;
#10377 = PLANE ( 'NONE',  #1520 ) ;
#10378 =( LENGTH_UNIT ( ) NAMED_UNIT ( * ) SI_UNIT ( .MILLI., .METRE. ) );
#10379 = VECTOR ( 'NONE', #1737, 1000.000000000000000 ) ;
#10380 = LINE ( 'NONE', #3880, #9052 ) ;
#10381 = B_SPLINE_CURVE_WITH_KNOTS ( 'NONE', 3,
 ( #5847, #9624, #10861, #10931 ),
 .UNSPECIFIED., .F., .F.,
 ( 4, 4 ),
 ( 11.00000000000000000, 12.00000000000000000 ),
 .UNSPECIFIED. ) ;
#10382 = ORIENTED_EDGE ( 'NONE', *, *, #1701, .F. ) ;
#10383 =( NAMED_UNIT ( * ) SI_UNIT ( $, .STERADIAN. ) SOLID_ANGLE_UNIT ( ) );
#10384 = CARTESIAN_POINT ( 'NONE',  ( 19.24999999999999645, -1.249999999999995115, -4.000000000000000000 ) ) ;
#10385 =( NAMED_UNIT ( * ) PLANE_ANGLE_UNIT ( ) SI_UNIT ( $, .RADIAN. ) );
#10386 =( LENGTH_UNIT ( ) NAMED_UNIT ( * ) SI_UNIT ( .MILLI., .METRE. ) );
#10387 = SURFACE_STYLE_USAGE ( .BOTH. , #9469 ) ;
#10388 = FACE_OUTER_BOUND ( 'NONE', #4227, .T. ) ;
#10389 = MECHANICAL_DESIGN_GEOMETRIC_PRESENTATION_REPRESENTATION (  '', ( #10780 ), #11171 ) ;
#10390 = EDGE_CURVE ( 'NONE', #9733, #8285, #5593, .T. ) ;
#10391 =( LENGTH_UNIT ( ) NAMED_UNIT ( * ) SI_UNIT ( .MILLI., .METRE. ) );
#10392 = PRESENTATION_STYLE_ASSIGNMENT (( #7844 ) ) ;
#10393 = SURFACE_STYLE_FILL_AREA ( #85 ) ;
#10394 = PLANE ( 'NONE',  #11949 ) ;
#10395 = FILL_AREA_STYLE_COLOUR ( '', #4439 ) ;
#10396 = ORIENTED_EDGE ( 'NONE', *, *, #11404, .F. ) ;
#10397 = AXIS2_PLACEMENT_3D ( 'NONE', #3641, #2656, #3510 ) ;
#10398 = CARTESIAN_POINT ( 'NONE',  ( -2.353525408053224854, -12.69999999999999751, 3.020858839633884685 ) ) ;
#10399 = VERTEX_POINT ( 'NONE', #2088 ) ;
#10400 = CARTESIAN_POINT ( 'NONE',  ( 0.5388881896321431331, -12.70999999999999730, 2.850403092926218296 ) ) ;
#10401 = PRESENTATION_STYLE_ASSIGNMENT (( #4669 ) ) ;
#10402 = CARTESIAN_POINT ( 'NONE',  ( -1.394354120492199423, -12.70999999999999730, 1.377253495963937757 ) ) ;
#10403 = CARTESIAN_POINT ( 'NONE',  ( -3.519955003823156847, -12.69999999999999751, 1.859249403353907093 ) ) ;
#10404 = VECTOR ( 'NONE', #7412, 1000.000000000000000 ) ;
#10405 = STYLED_ITEM ( 'NONE', ( #7113 ), #10095 ) ;
#10406 = CARTESIAN_POINT ( 'NONE',  ( 2.175640442902672334, -12.69999999999999751, 2.838965755845903161 ) ) ;
#10407 = EDGE_LOOP ( 'NONE', ( #11810, #5870, #392, #6314 ) ) ;
#10408 = CARTESIAN_POINT ( 'NONE',  ( 0.9747200495550709665, -12.70999999999999730, 1.255067863321315702 ) ) ;
#10409 = ADVANCED_FACE ( 'NONE', ( #5646 ), #8372, .T. ) ;
#10410 = VECTOR ( 'NONE', #7944, 1000.000000000000000 ) ;
#10411 = UNCERTAINTY_MEASURE_WITH_UNIT (LENGTH_MEASURE( 1.000000000000000082E-05 ), #9556, 'distance_accuracy_value', 'NONE');
#10412 = FILL_AREA_STYLE ('',( #1121 ) ) ;
#10413 = UNCERTAINTY_MEASURE_WITH_UNIT (LENGTH_MEASURE( 1.000000000000000082E-05 ), #8587, 'distance_accuracy_value', 'NONE');
#10414 = VECTOR ( 'NONE', #9133, 1000.000000000000000 ) ;
#10415 =( LENGTH_UNIT ( ) NAMED_UNIT ( * ) SI_UNIT ( .MILLI., .METRE. ) );
#10416 = B_SPLINE_SURFACE_WITH_KNOTS ( 'NONE', 3, 1, ( 
 ( #7590, #11574 ),
 ( #247, #1192 ),
 ( #10436, #4940 ),
 ( #11522, #4004 ) ),
 .UNSPECIFIED., .F., .F., .F.,
 ( 4, 4 ),
 ( 2, 2 ),
 ( 9.000000000000000000, 10.00000000000000000 ),
 ( 0.000000000000000000, 1.000000000000000000 ),
 .UNSPECIFIED. ) ;
#10417 = SURFACE_STYLE_FILL_AREA ( #939 ) ;
#10418 = COLOUR_RGB ( '',1.000000000000000000, 1.000000000000000000, 1.000000000000000000 ) ;
#10419 = DIRECTION ( 'NONE',  ( -1.457750820148578128E-16, -1.000000000000000000, 0.000000000000000000 ) ) ;
#10420 = EDGE_CURVE ( 'NONE', #4493, #5741, #6873, .T. ) ;
#10421 = LINE ( 'NONE', #4087, #1435 ) ;
#10422 = MECHANICAL_DESIGN_GEOMETRIC_PRESENTATION_REPRESENTATION (  '', ( #3498 ), #1366 ) ;
#10423 = MECHANICAL_DESIGN_GEOMETRIC_PRESENTATION_REPRESENTATION (  '', ( #2907 ), #4713 ) ;
#10424 = CARTESIAN_POINT ( 'NONE',  ( 22.04999999999999361, -12.69999999999999751, 20.69999999999999929 ) ) ;
#10425 = CARTESIAN_POINT ( 'NONE',  ( 0.2898661686738288057, -12.70999999999999730, 2.750586332958024460 ) ) ;
#10426 = ORIENTED_EDGE ( 'NONE', *, *, #6049, .F. ) ;
#10427 = EDGE_LOOP ( 'NONE', ( #8514, #5714, #5061, #423 ) ) ;
#10428 = CARTESIAN_POINT ( 'NONE',  ( -2.869260868998182001, -12.69999999999999751, 2.702741643722739617 ) ) ;
#10429 = ORIENTED_EDGE ( 'NONE', *, *, #7754, .F. ) ;
#10430 = FILL_AREA_STYLE_COLOUR ( '', #9276 ) ;
#10431 = ORIENTED_EDGE ( 'NONE', *, *, #1506, .T. ) ;
#10432 = COLOUR_RGB ( '',1.000000000000000000, 1.000000000000000000, 1.000000000000000000 ) ;
#10433 = FILL_AREA_STYLE ('',( #8516 ) ) ;
#10434 = MECHANICAL_DESIGN_GEOMETRIC_PRESENTATION_REPRESENTATION (  '', ( #3907 ), #9641 ) ;
#10435 = MECHANICAL_DESIGN_GEOMETRIC_PRESENTATION_REPRESENTATION (  '', ( #7272 ), #10994 ) ;
#10436 = CARTESIAN_POINT ( 'NONE',  ( -2.989759891813533965, -12.70999999999999730, 0.7651190741792978089 ) ) ;
#10437 = DIRECTION ( 'NONE',  ( 1.000000000000000000, -0.000000000000000000, -0.000000000000000000 ) ) ;
#10438 = CARTESIAN_POINT ( 'NONE',  ( 0.2999171618649952853, -12.69999999999999751, 1.453315039366249062 ) ) ;
#10439 = DIRECTION ( 'NONE',  ( 1.000000000000000000, 0.000000000000000000, 0.000000000000000000 ) ) ;
#10440 = ORIENTED_EDGE ( 'NONE', *, *, #2897, .T. ) ;
#10441 = FACE_OUTER_BOUND ( 'NONE', #4114, .T. ) ;
#10442 =( NAMED_UNIT ( * ) SI_UNIT ( $, .STERADIAN. ) SOLID_ANGLE_UNIT ( ) );
#10443 = AXIS2_PLACEMENT_3D ( 'NONE', #6554, #4778, #5495 ) ;
#10444 = EDGE_CURVE ( 'NONE', #11654, #10919, #8797, .T. ) ;
#10445 = DIRECTION ( 'NONE',  ( -1.000000000000000000, 0.000000000000000000, 0.000000000000000000 ) ) ;
#10446 = ORIENTED_EDGE ( 'NONE', *, *, #208, .T. ) ;
#10447 = CARTESIAN_POINT ( 'NONE',  ( 1.621622766490103729, -12.69999999999999751, 2.161043594408120772 ) ) ;
#10448 = SURFACE_SIDE_STYLE ('',( #11357 ) ) ;
#10449 = DIRECTION ( 'NONE',  ( -0.000000000000000000, 1.000000000000000000, -0.000000000000000000 ) ) ;
#10450 = EDGE_LOOP ( 'NONE', ( #11018, #1609, #1124 ) ) ;
#10451 = ORIENTED_EDGE ( 'NONE', *, *, #8062, .F. ) ;
#10452 = DIRECTION ( 'NONE',  ( 1.000000000000000000, -0.000000000000000000, -0.000000000000000000 ) ) ;
#10453 = SURFACE_STYLE_FILL_AREA ( #5924 ) ;
#10454 = DIRECTION ( 'NONE',  ( -0.000000000000000000, 0.000000000000000000, -1.000000000000000000 ) ) ;
#10455 = VECTOR ( 'NONE', #8840, 1000.000000000000000 ) ;
#10456 = PRESENTATION_STYLE_ASSIGNMENT (( #9582 ) ) ;
#10457 = CARTESIAN_POINT ( 'NONE',  ( 2.562430387770791018, -12.69999999999999751, 1.621755821811721843 ) ) ;
#10458 = FILL_AREA_STYLE_COLOUR ( '', #768 ) ;
#10459 = VECTOR ( 'NONE', #5368, 1000.000000000000000 ) ;
#10460 = LINE ( 'NONE', #10523, #10171 ) ;
#10461 = CARTESIAN_POINT ( 'NONE',  ( -1.611252196078322152, -12.70999999999999730, 1.377253495963937757 ) ) ;
#10462 =( GEOMETRIC_REPRESENTATION_CONTEXT ( 3 ) GLOBAL_UNCERTAINTY_ASSIGNED_CONTEXT ( ( #6166 ) ) GLOBAL_UNIT_ASSIGNED_CONTEXT ( ( #7753, #8681, #4925 ) ) REPRESENTATION_CONTEXT ( 'NONE', 'WORKASPACE' ) );
#10463 = CARTESIAN_POINT ( 'NONE',  ( 1.771694492416408639, -12.70999999999999730, 1.390929564389012718 ) ) ;
#10464 = FILL_AREA_STYLE_COLOUR ( '', #41 ) ;
#10465 = STYLED_ITEM ( 'NONE', ( #7017 ), #4037 ) ;
#10466 = CARTESIAN_POINT ( 'NONE',  ( 2.048789977113333549, -12.70999999999999730, 1.162875994744636765 ) ) ;
#10467 = STYLED_ITEM ( 'NONE', ( #3875 ), #1450 ) ;
#10468 = CARTESIAN_POINT ( 'NONE',  ( 2.221563084205163019, -12.70999999999999730, 2.752319262821193213 ) ) ;
#10469 = VERTEX_POINT ( 'NONE', #4163 ) ;
#10470 = COLOUR_RGB ( '',1.000000000000000000, 1.000000000000000000, 1.000000000000000000 ) ;
#10471 = CARTESIAN_POINT ( 'NONE',  ( 0.4061457623167640252, -12.70999999999999730, 1.074149985885020087 ) ) ;
#10472 = PLANE ( 'NONE',  #7660 ) ;
#10473 = ADVANCED_FACE ( 'NONE', ( #11620 ), #11743, .F. ) ;
#10474 = PRESENTATION_LAYER_ASSIGNMENT (  '', '', ( #8092 ) ) ;
#10475 =( LENGTH_UNIT ( ) NAMED_UNIT ( * ) SI_UNIT ( .MILLI., .METRE. ) );
#10476 = PRESENTATION_LAYER_ASSIGNMENT (  '', '', ( #9493 ) ) ;
#10477 = PRESENTATION_LAYER_ASSIGNMENT (  '', '', ( #842 ) ) ;
#10478 = CARTESIAN_POINT ( 'NONE',  ( -2.782501675538016084, -12.70999999999999730, 1.430272952002306752 ) ) ;
#10479 = MECHANICAL_DESIGN_GEOMETRIC_PRESENTATION_REPRESENTATION (  '', ( #7132 ), #5541 ) ;
#10480 = COLOUR_RGB ( '',1.000000000000000000, 1.000000000000000000, 1.000000000000000000 ) ;
#10481 = FILL_AREA_STYLE ('',( #5956 ) ) ;
#10482 = LINE ( 'NONE', #2038, #5482 ) ;
#10483 = SURFACE_STYLE_USAGE ( .BOTH. , #2922 ) ;
#10484 = B_SPLINE_CURVE_WITH_KNOTS ( 'NONE', 3,
 ( #4638, #8384, #12131, #11954 ),
 .UNSPECIFIED., .F., .F.,
 ( 4, 4 ),
 ( 0.000000000000000000, 1.000000000000000000 ),
 .UNSPECIFIED. ) ;
#10485 = VECTOR ( 'NONE', #7538, 1000.000000000000000 ) ;
#10486 = DIRECTION ( 'NONE',  ( -0.000000000000000000, -0.000000000000000000, 1.000000000000000000 ) ) ;
#10487 = EDGE_CURVE ( 'NONE', #7575, #5628, #6864, .T. ) ;
#10488 = CARTESIAN_POINT ( 'NONE',  ( 1.363762803241615362, -12.70999999999999730, 1.175006503768355248 ) ) ;
#10489 = DIRECTION ( 'NONE',  ( -0.000000000000000000, -0.000000000000000000, -1.000000000000000000 ) ) ;
#10490 =( NAMED_UNIT ( * ) PLANE_ANGLE_UNIT ( ) SI_UNIT ( $, .RADIAN. ) );
#10491 = VERTEX_POINT ( 'NONE', #1406 ) ;
#10492 =( NAMED_UNIT ( * ) SI_UNIT ( $, .STERADIAN. ) SOLID_ANGLE_UNIT ( ) );
#10493 = SURFACE_STYLE_FILL_AREA ( #2930 ) ;
#10494 = ORIENTED_EDGE ( 'NONE', *, *, #1045, .T. ) ;
#10495 = SURFACE_STYLE_USAGE ( .BOTH. , #7819 ) ;
#10496 = SURFACE_SIDE_STYLE ('',( #4936 ) ) ;
#10497 = AXIS2_PLACEMENT_3D ( 'NONE', #3973, #11498, #7857 ) ;
#10498 = CARTESIAN_POINT ( 'NONE',  ( 0.6416509303622058846, -12.70999999999999730, 1.519859546013268226 ) ) ;
#10499 = VECTOR ( 'NONE', #6842, 1000.000000000000000 ) ;
#10500 = SURFACE_STYLE_FILL_AREA ( #8394 ) ;
#10501 = SURFACE_STYLE_FILL_AREA ( #2938 ) ;
#10502 = CARTESIAN_POINT ( 'NONE',  ( 2.447537138019319602, -12.69999999999999751, 1.685527640680426043 ) ) ;
#10503 = LINE ( 'NONE', #3119, #8402 ) ;
#10504 = DIRECTION ( 'NONE',  ( 0.000000000000000000, 0.000000000000000000, -1.000000000000000000 ) ) ;
#10505 = UNCERTAINTY_MEASURE_WITH_UNIT (LENGTH_MEASURE( 1.000000000000000082E-05 ), #4775, 'distance_accuracy_value', 'NONE');
#10506 = FACE_OUTER_BOUND ( 'NONE', #8585, .T. ) ;
#10507 = ORIENTED_EDGE ( 'NONE', *, *, #2181, .T. ) ;
#10508 = SURFACE_STYLE_FILL_AREA ( #4012 ) ;
#10509 = ORIENTED_EDGE ( 'NONE', *, *, #5809, .T. ) ;
#10510 = B_SPLINE_CURVE_WITH_KNOTS ( 'NONE', 3,
 ( #6336, #9360, #5585, #921 ),
 .UNSPECIFIED., .F., .F.,
 ( 4, 4 ),
 ( 19.00000000000000000, 20.00000000000000000 ),
 .UNSPECIFIED. ) ;
#10511 = DIRECTION ( 'NONE',  ( -0.000000000000000000, 1.000000000000000000, -0.000000000000000000 ) ) ;
#10512 = CARTESIAN_POINT ( 'NONE',  ( 1.222875605584116787, -12.70999999999999730, 1.569767925995061653 ) ) ;
#10513 = CIRCLE ( 'NONE', #5195, 0.6500000000000012434 ) ;
#10514 = B_SPLINE_SURFACE_WITH_KNOTS ( 'NONE', 3, 1, ( 
 ( #4041, #8574 ),
 ( #2263, #2762 ),
 ( #61, #6541 ),
 ( #5958, #7808 ) ),
 .UNSPECIFIED., .F., .F., .F.,
 ( 4, 4 ),
 ( 2, 2 ),
 ( 0.000000000000000000, 1.000000000000000000 ),
 ( 0.000000000000000000, 1.000000000000000000 ),
 .UNSPECIFIED. ) ;
#10515 = EDGE_CURVE ( 'NONE', #11321, #10783, #8458, .T. ) ;
#10516 = DIRECTION ( 'NONE',  ( -0.000000000000000000, 1.000000000000000000, -0.000000000000000000 ) ) ;
#10517 = EDGE_CURVE ( 'NONE', #9768, #6790, #10768, .T. ) ;
#10518 =( NAMED_UNIT ( * ) SI_UNIT ( $, .STERADIAN. ) SOLID_ANGLE_UNIT ( ) );
#10519 = CARTESIAN_POINT ( 'NONE',  ( 0.3370018608819365658, -12.69999999999999751, 2.180452408847023182 ) ) ;
#10520 = PLANE ( 'NONE',  #6337 ) ;
#10521 = LINE ( 'NONE', #5260, #6522 ) ;
#10522 = CARTESIAN_POINT ( 'NONE',  ( 0.3463596821273666748, -12.69999999999999751, 1.268931302208248679 ) ) ;
#10523 = CARTESIAN_POINT ( 'NONE',  ( -2.136627424400495467, -12.70999999999999730, 2.731661405519053787 ) ) ;
#10524 = CARTESIAN_POINT ( 'NONE',  ( 0.3468795610872523194, -12.69999999999999751, 1.180205293348632001 ) ) ;
#10525 = CARTESIAN_POINT ( 'NONE',  ( 0.7572373520594096741, -12.69999999999999751, 1.482081675050595404 ) ) ;
#10526 = B_SPLINE_SURFACE_WITH_KNOTS ( 'NONE', 3, 1, ( 
 ( #913, #1709 ),
 ( #5448, #4658 ),
 ( #8411, #2787 ),
 ( #11988, #9227 ) ),
 .UNSPECIFIED., .F., .F., .F.,
 ( 4, 4 ),
 ( 2, 2 ),
 ( 2.000000000000000000, 3.000000000000000000 ),
 ( 0.000000000000000000, 1.000000000000000000 ),
 .UNSPECIFIED. ) ;
#10527 = LINE ( 'NONE', #2076, #5352 ) ;
#10528 = DIRECTION ( 'NONE',  ( 1.000000000000000000, -0.000000000000000000, -0.000000000000000000 ) ) ;
#10529 = EDGE_CURVE ( 'NONE', #11444, #8612, #5885, .T. ) ;
#10530 =( NAMED_UNIT ( * ) SI_UNIT ( $, .STERADIAN. ) SOLID_ANGLE_UNIT ( ) );
#10531 = PLANE ( 'NONE',  #4557 ) ;
#10532 = ORIENTED_EDGE ( 'NONE', *, *, #5456, .T. ) ;
#10533 = CARTESIAN_POINT ( 'NONE',  ( 1.060500077652813733, -12.70999999999999730, 1.559370346829860754 ) ) ;
#10534 = DIRECTION ( 'NONE',  ( -0.000000000000000000, -0.000000000000000000, 1.000000000000000000 ) ) ;
#10535 = VECTOR ( 'NONE', #7335, 1000.000000000000000 ) ;
#10536 = EDGE_CURVE ( 'NONE', #10099, #2821, #1237, .T. ) ;
#10537 = AXIS2_PLACEMENT_3D ( 'NONE', #4106, #2266, #10652 ) ;
#10538 = UNCERTAINTY_MEASURE_WITH_UNIT (LENGTH_MEASURE( 1.000000000000000082E-05 ), #2049, 'distance_accuracy_value', 'NONE');
#10539 = MECHANICAL_DESIGN_GEOMETRIC_PRESENTATION_REPRESENTATION (  '', ( #10332 ), #5014 ) ;
#10540 = FACE_OUTER_BOUND ( 'NONE', #2398, .T. ) ;
#10541 = UNCERTAINTY_MEASURE_WITH_UNIT (LENGTH_MEASURE( 1.000000000000000082E-05 ), #6210, 'distance_accuracy_value', 'NONE');
#10542 = B_SPLINE_SURFACE_WITH_KNOTS ( 'NONE', 3, 1, ( 
 ( #4620, #1965 ),
 ( #7564, #2856 ),
 ( #8370, #9545 ),
 ( #10408, #9368 ) ),
 .UNSPECIFIED., .F., .F., .F.,
 ( 4, 4 ),
 ( 2, 2 ),
 ( 3.000000000000000000, 4.000000000000000000 ),
 ( 0.000000000000000000, 1.000000000000000000 ),
 .UNSPECIFIED. ) ;
#10543 = B_SPLINE_CURVE_WITH_KNOTS ( 'NONE', 3,
 ( #4449, #8326, #3620, #6478 ),
 .UNSPECIFIED., .F., .F.,
 ( 4, 4 ),
 ( 33.00000000000000000, 34.00000000000000000 ),
 .UNSPECIFIED. ) ;
#10544 = FILL_AREA_STYLE ('',( #5831 ) ) ;
#10545 = CARTESIAN_POINT ( 'NONE',  ( 0.5978078048899569952, -12.69999999999999751, 2.771381491283765097 ) ) ;
#10546 = EDGE_LOOP ( 'NONE', ( #2241, #270, #9853, #11044 ) ) ;
#10547 = SURFACE_STYLE_USAGE ( .BOTH. , #9501 ) ;
#10548 = UNCERTAINTY_MEASURE_WITH_UNIT (LENGTH_MEASURE( 1.000000000000000082E-05 ), #4477, 'distance_accuracy_value', 'NONE');
#10549 = VECTOR ( 'NONE', #8487, 1000.000000000000000 ) ;
#10550 = PLANE ( 'NONE',  #10537 ) ;
#10551 = ORIENTED_EDGE ( 'NONE', *, *, #9263, .T. ) ;
#10552 = FACE_OUTER_BOUND ( 'NONE', #2646, .T. ) ;
#10553 = EDGE_LOOP ( 'NONE', ( #8579, #9525, #3421, #3354 ) ) ;
#10554 = CARTESIAN_POINT ( 'NONE',  ( -2.869260868998182001, -12.70999999999999730, 2.702741643722739617 ) ) ;
#10555 =( NAMED_UNIT ( * ) PLANE_ANGLE_UNIT ( ) SI_UNIT ( $, .RADIAN. ) );
#10556 = ORIENTED_EDGE ( 'NONE', *, *, #8528, .T. ) ;
#10557 = UNCERTAINTY_MEASURE_WITH_UNIT (LENGTH_MEASURE( 1.000000000000000082E-05 ), #4193, 'distance_accuracy_value', 'NONE');
#10558 =( NAMED_UNIT ( * ) SI_UNIT ( $, .STERADIAN. ) SOLID_ANGLE_UNIT ( ) );
#10559 = CARTESIAN_POINT ( 'NONE',  ( -1.365434266760181314, -12.70999999999999730, 1.083236178157049645 ) ) ;
#10560 = ADVANCED_FACE ( 'NONE', ( #3273 ), #6766, .T. ) ;
#10561 = CARTESIAN_POINT ( 'NONE',  ( 0.6416509303622062177, -12.70999999999999730, 1.397168111884435238 ) ) ;
#10562 = CARTESIAN_POINT ( 'NONE',  ( 0.1366751690044200052, -12.70999999999999730, 1.390929564389012718 ) ) ;
#10563 = B_SPLINE_CURVE_WITH_KNOTS ( 'NONE', 3,
 ( #11999, #11198, #7393, #1055 ),
 .UNSPECIFIED., .F., .F.,
 ( 4, 4 ),
 ( 7.000000000000000000, 8.000000000000000000 ),
 .UNSPECIFIED. ) ;
#10564 = CARTESIAN_POINT ( 'NONE',  ( 2.228841389620328517, -12.70999999999999730, 2.714194805886810169 ) ) ;
#10565 = CARTESIAN_POINT ( 'NONE',  ( -3.823612456736237952, -12.70999999999999730, 1.656810978832446324 ) ) ;
#10566 = CARTESIAN_POINT ( 'NONE',  ( 1.879829315710288773, -12.69999999999999751, 2.403653774882851035 ) ) ;
#10567 = CARTESIAN_POINT ( 'NONE',  ( 1.074190223549252643, -12.70999999999999730, 1.275863021651690410 ) ) ;
#10568 = CARTESIAN_POINT ( 'NONE',  ( 0.1559106904551700312, -12.70999999999999730, 1.685527640680425820 ) ) ;
#10569 = PLANE ( 'NONE',  #5878 ) ;
#10570 = EDGE_CURVE ( 'NONE', #8882, #2356, #10960, .T. ) ;
#10571 = CARTESIAN_POINT ( 'NONE',  ( -3.823612456736237952, -12.70999999999999730, 1.849609268245413496 ) ) ;
#10572 = B_SPLINE_CURVE_WITH_KNOTS ( 'NONE', 3,
 ( #6005, #9770, #4151, #2300, #6062, #9840, #1397 ),
 .UNSPECIFIED., .F., .F.,
 ( 4, 3, 4 ),
 ( 0.000000000000000000, 1.000000000000000000, 2.000000000000000000 ),
 .UNSPECIFIED. ) ;
#10573 = LINE ( 'NONE', #5859, #12074 ) ;
#10574 = CARTESIAN_POINT ( 'NONE',  ( 0.1642287537877698267, -12.70999999999999730, 2.161043594408120772 ) ) ;
#10575 =( LENGTH_UNIT ( ) NAMED_UNIT ( * ) SI_UNIT ( .MILLI., .METRE. ) );
#10576 = EDGE_CURVE ( 'NONE', #6084, #8478, #5343, .T. ) ;
#10577 = FACE_OUTER_BOUND ( 'NONE', #677, .T. ) ;
#10578 = VECTOR ( 'NONE', #10779, 1000.000000000000000 ) ;
#10579 = CARTESIAN_POINT ( 'NONE',  ( -1.726931059406025426, -12.69999999999999751, 1.088056061844491662 ) ) ;
#10580 = CARTESIAN_POINT ( 'NONE',  ( 0.8352191957844155024, -12.70999999999999730, 2.838965755845903161 ) ) ;
#10581 = COLOUR_RGB ( '',1.000000000000000000, 1.000000000000000000, 1.000000000000000000 ) ;
#10582 = SURFACE_SIDE_STYLE ('',( #1951 ) ) ;
#10583 = VERTEX_POINT ( 'NONE', #4287 ) ;
#10584 = SURFACE_SIDE_STYLE ('',( #11373 ) ) ;
#10585 = EDGE_LOOP ( 'NONE', ( #8921, #5360, #5594, #11821 ) ) ;
#10586 = FILL_AREA_STYLE_COLOUR ( '', #6742 ) ;
#10587 = STYLED_ITEM ( 'NONE', ( #6225 ), #2218 ) ;
#10588 = SURFACE_SIDE_STYLE ('',( #1164 ) ) ;
#10589 = SURFACE_STYLE_USAGE ( .BOTH. , #155 ) ;
#10590 = CARTESIAN_POINT ( 'NONE',  ( 0.4641989126453104353, -12.70999999999999730, 2.771381491283765097 ) ) ;
#10591 = ORIENTED_EDGE ( 'NONE', *, *, #1971, .F. ) ;
#10592 = CARTESIAN_POINT ( 'NONE',  ( -1.611252196078322152, -12.70999999999999730, 1.377253495963937757 ) ) ;
#10593 = FILL_AREA_STYLE ('',( #7867 ) ) ;
#10594 = VECTOR ( 'NONE', #6993, 1000.000000000000000 ) ;
#10595 = VECTOR ( 'NONE', #7384, 1000.000000000000000 ) ;
#10596 = EDGE_CURVE ( 'NONE', #5720, #1661, #604, .T. ) ;
#10597 = EDGE_CURVE ( 'NONE', #8121, #5889, #1896, .T. ) ;
#10598 = SURFACE_SIDE_STYLE ('',( #8610 ) ) ;
#10599 = SURFACE_STYLE_USAGE ( .BOTH. , #6806 ) ;
#10600 = VERTEX_POINT ( 'NONE', #2674 ) ;
#10601 = DIRECTION ( 'NONE',  ( 0.000000000000000000, -0.000000000000000000, 1.000000000000000000 ) ) ;
#10602 = COLOUR_RGB ( '',1.000000000000000000, 1.000000000000000000, 1.000000000000000000 ) ;
#10603 = EDGE_CURVE ( 'NONE', #4318, #5311, #2498, .T. ) ;
#10604 = DIRECTION ( 'NONE',  ( -0.3416038306902427490, 0.000000000000000000, 0.9398440417738210817 ) ) ;
#10605 = LINE ( 'NONE', #2156, #1338 ) ;
#10606 = VECTOR ( 'NONE', #9707, 1000.000000000000000 ) ;
#10607 = CARTESIAN_POINT ( 'NONE',  ( 1.771694492416408639, -12.70999999999999730, 1.685527640680425820 ) ) ;
#10608 = FACE_OUTER_BOUND ( 'NONE', #1888, .T. ) ;
#10609 = EDGE_CURVE ( 'NONE', #12150, #3139, #9231, .T. ) ;
#10610 = SURFACE_STYLE_FILL_AREA ( #5784 ) ;
#10611 = UNCERTAINTY_MEASURE_WITH_UNIT (LENGTH_MEASURE( 1.000000000000000082E-05 ), #1216, 'distance_accuracy_value', 'NONE');
#10612 = LINE ( 'NONE', #11474, #4768 ) ;
#10613 = CARTESIAN_POINT ( 'NONE',  ( 2.208392817266298547, -12.70999999999999730, 2.704836984641384667 ) ) ;
#10614 = STYLED_ITEM ( 'NONE', ( #4853 ), #2693 ) ;
#10615 = EDGE_CURVE ( 'NONE', #7865, #9780, #6307, .T. ) ;
#10616 = CARTESIAN_POINT ( 'NONE',  ( -0.1932746764407473894, -12.69999999999999751, 1.085587322965344104 ) ) ;
#10617 = COLOUR_RGB ( '',1.000000000000000000, 1.000000000000000000, 1.000000000000000000 ) ;
#10618 = CARTESIAN_POINT ( 'NONE',  ( 0.5567373671960460513, -12.69999999999999751, 1.085587322965344326 ) ) ;
#10619 = CARTESIAN_POINT ( 'NONE',  ( -2.869260868998182001, -12.69999999999999751, 2.702741643722739617 ) ) ;
#10620 = ORIENTED_EDGE ( 'NONE', *, *, #3129, .T. ) ;
#10621 = COLOUR_RGB ( '',1.000000000000000000, 1.000000000000000000, 1.000000000000000000 ) ;
#10622 = CARTESIAN_POINT ( 'NONE',  ( 0.9601634387270491233, -12.69999999999999751, 1.267198372345056390 ) ) ;
#10623 = DIRECTION ( 'NONE',  ( -0.000000000000000000, -0.000000000000000000, 1.000000000000000000 ) ) ;
#10624 = CARTESIAN_POINT ( 'NONE',  ( -1.620892147322329890, -12.69999999999999751, 1.377253495963937757 ) ) ;
#10625 = SURFACE_SIDE_STYLE ('',( #4846 ) ) ;
#10626 = SURFACE_STYLE_USAGE ( .BOTH. , #6850 ) ;
#10627 = FILL_AREA_STYLE_COLOUR ( '', #8039 ) ;
#10628 = ORIENTED_EDGE ( 'NONE', *, *, #8213, .T. ) ;
#10629 = VERTEX_POINT ( 'NONE', #6259 ) ;
#10630 = CARTESIAN_POINT ( 'NONE',  ( 0.3776174044877055880, -12.70999999999999730, 1.569637956256238365 ) ) ;
#10631 = VERTEX_POINT ( 'NONE', #3341 ) ;
#10632 = PLANE ( 'NONE',  #5187 ) ;
#10633 = DIRECTION ( 'NONE',  ( -1.000000000000000000, 0.000000000000000000, -0.000000000000000000 ) ) ;
#10634 = DIRECTION ( 'NONE',  ( -1.000000000000000000, 0.000000000000000000, 0.000000000000000000 ) ) ;
#10635 = CARTESIAN_POINT ( 'NONE',  ( -2.551143673084730779, -12.70999999999999730, 2.953379439490250391 ) ) ;
#10636 = COLOUR_RGB ( '',1.000000000000000000, 1.000000000000000000, 1.000000000000000000 ) ;
#10637 = CARTESIAN_POINT ( 'NONE',  ( 0.2526081766733467848, -12.69999999999999751, 1.215210476532994077 ) ) ;
#10638 = ORIENTED_EDGE ( 'NONE', *, *, #1460, .T. ) ;
#10639 = DIRECTION ( 'NONE',  ( -0.000000000000000000, 1.000000000000000000, -0.000000000000000000 ) ) ;
#10640 = DIRECTION ( 'NONE',  ( -1.000000000000000000, 0.000000000000000000, 0.000000000000000000 ) ) ;
#10641 = CARTESIAN_POINT ( 'NONE',  ( 1.165169041227267943, -12.70999999999999730, 2.544021093582787607 ) ) ;
#10642 = ORIENTED_EDGE ( 'NONE', *, *, #9766, .T. ) ;
#10643 = SURFACE_STYLE_FILL_AREA ( #10412 ) ;
#10644 = COLOUR_RGB ( '',0.7529411764705882248, 0.7529411764705882248, 0.7529411764705882248 ) ;
#10645 = CARTESIAN_POINT ( 'NONE',  ( 0.5544845583776207842, -12.70999999999999730, 1.160449892938023142 ) ) ;
#10646 =( LENGTH_UNIT ( ) NAMED_UNIT ( * ) SI_UNIT ( .MILLI., .METRE. ) );
#10647 = MECHANICAL_DESIGN_GEOMETRIC_PRESENTATION_REPRESENTATION (  '', ( #3939 ), #9668 ) ;
#10648 = ORIENTED_EDGE ( 'NONE', *, *, #9644, .F. ) ;
#10649 = CARTESIAN_POINT ( 'NONE',  ( 1.415404113091203397, -12.69999999999999751, 2.760983912123202266 ) ) ;
#10650 = EDGE_CURVE ( 'NONE', #12095, #7266, #4700, .T. ) ;
#10651 = VECTOR ( 'NONE', #7861, 1000.000000000000114 ) ;
#10652 = DIRECTION ( 'NONE',  ( -1.000000000000000000, 0.000000000000000000, -0.000000000000000000 ) ) ;
#10653 =( GEOMETRIC_REPRESENTATION_CONTEXT ( 3 ) GLOBAL_UNCERTAINTY_ASSIGNED_CONTEXT ( ( #2744 ) ) GLOBAL_UNIT_ASSIGNED_CONTEXT ( ( #5518, #9308, #863 ) ) REPRESENTATION_CONTEXT ( 'NONE', 'WORKASPACE' ) );
#10654 = VECTOR ( 'NONE', #8462, 1000.000000000000000 ) ;
#10655 =( GEOMETRIC_REPRESENTATION_CONTEXT ( 3 ) GLOBAL_UNCERTAINTY_ASSIGNED_CONTEXT ( ( #1987 ) ) GLOBAL_UNIT_ASSIGNED_CONTEXT ( ( #3322, #8973, #8093 ) ) REPRESENTATION_CONTEXT ( 'NONE', 'WORKASPACE' ) );
#10656 = ORIENTED_EDGE ( 'NONE', *, *, #6024, .F. ) ;
#10657 = ORIENTED_EDGE ( 'NONE', *, *, #2734, .T. ) ;
#10658 = VECTOR ( 'NONE', #5858, 1000.000000000000000 ) ;
#10659 = LINE ( 'NONE', #3042, #12020 ) ;
#10660 = EDGE_LOOP ( 'NONE', ( #9579, #9909, #10648, #6263 ) ) ;
#10661 = ORIENTED_EDGE ( 'NONE', *, *, #1061, .F. ) ;
#10662 = SURFACE_STYLE_USAGE ( .BOTH. , #10496 ) ;
#10663 = AXIS2_PLACEMENT_3D ( 'NONE', #2419, #8911, #8153 ) ;
#10664 = ORIENTED_EDGE ( 'NONE', *, *, #11730, .T. ) ;
#10665 = PRESENTATION_LAYER_ASSIGNMENT (  '', '', ( #3560 ) ) ;
#10666 = PLANE ( 'NONE',  #9609 ) ;
#10667 = COLOUR_RGB ( '',1.000000000000000000, 1.000000000000000000, 1.000000000000000000 ) ;
#10668 = CARTESIAN_POINT ( 'NONE',  ( 1.074190223549252643, -12.69999999999999751, 1.275863021651690410 ) ) ;
#10669 = SURFACE_STYLE_USAGE ( .BOTH. , #3175 ) ;
#10670 = CARTESIAN_POINT ( 'NONE',  ( 2.564336610619806667, -12.69999999999999751, 1.233579533052162169 ) ) ;
#10671 = DIRECTION ( 'NONE',  ( 1.000000000000000000, 0.000000000000000000, -0.000000000000000000 ) ) ;
#10672 = FILL_AREA_STYLE ('',( #11582 ) ) ;
#10673 =( GEOMETRIC_REPRESENTATION_CONTEXT ( 3 ) GLOBAL_UNCERTAINTY_ASSIGNED_CONTEXT ( ( #2339 ) ) GLOBAL_UNIT_ASSIGNED_CONTEXT ( ( #3573, #834, #4826 ) ) REPRESENTATION_CONTEXT ( 'NONE', 'WORKASPACE' ) );
#10674 = ORIENTED_EDGE ( 'NONE', *, *, #2449, .T. ) ;
#10675 = EDGE_CURVE ( 'NONE', #10583, #9976, #7139, .T. ) ;
#10676 = FILL_AREA_STYLE ('',( #4199 ) ) ;
#10677 = DIRECTION ( 'NONE',  ( -0.000000000000000000, 1.000000000000000000, -0.000000000000000000 ) ) ;
#10679 = STYLED_ITEM ( 'NONE', ( #1848 ), #6815 ) ;
#10678 = DIRECTION ( 'NONE',  ( -1.000000000000000000, 0.000000000000000000, 0.000000000000000000 ) ) ;
#10680 = FILL_AREA_STYLE_COLOUR ( '', #10667 ) ;
#10681 = AXIS2_PLACEMENT_3D ( 'NONE', #11334, #341, #2866 ) ;
#10682 = VERTEX_POINT ( 'NONE', #2440 ) ;
#10683 = CARTESIAN_POINT ( 'NONE',  ( -22.04999999999999005, -12.69999999999999751, 0.000000000000000000 ) ) ;
#10684 = DIRECTION ( 'NONE',  ( -1.000000000000000000, 0.000000000000000000, -0.000000000000000000 ) ) ;
#10685 = CIRCLE ( 'NONE', #2041, 0.7999999999999986011 ) ;
#10686 = CARTESIAN_POINT ( 'NONE',  ( 2.264366451762265697, -12.70999999999999730, 1.162875994744636765 ) ) ;
#10687 = CARTESIAN_POINT ( 'NONE',  ( -2.782501675538016084, -12.70999999999999730, 1.054316140560536796 ) ) ;
#10688 = ORIENTED_EDGE ( 'NONE', *, *, #6509, .F. ) ;
#10689 = EDGE_LOOP ( 'NONE', ( #12045, #434, #6296, #592 ) ) ;
#10690 = CARTESIAN_POINT ( 'NONE',  ( 2.221563084205163019, -12.70999999999999730, 2.752319262821193213 ) ) ;
#10691 = FILL_AREA_STYLE_COLOUR ( '', #800 ) ;
#10692 = CARTESIAN_POINT ( 'NONE',  ( 1.055301288070226162, -12.70999999999999730, 1.297351351920866147 ) ) ;
#10693 = ORIENTED_EDGE ( 'NONE', *, *, #10517, .T. ) ;
#10694 = SURFACE_STYLE_USAGE ( .BOTH. , #593 ) ;
#10695 = ORIENTED_EDGE ( 'NONE', *, *, #2626, .F. ) ;
#10696 = ADVANCED_FACE ( 'NONE', ( #5397 ), #11014, .F. ) ;
#10697 = CARTESIAN_POINT ( 'NONE',  ( 2.176853493808293294, -12.70999999999999730, 1.763509484403121608 ) ) ;
#10698 = ADVANCED_FACE ( 'NONE', ( #8486 ), #1193, .T. ) ;
#10699 = FACE_OUTER_BOUND ( 'NONE', #4829, .T. ) ;
#10700 = FILL_AREA_STYLE_COLOUR ( '', #6114 ) ;
#10701 = ORIENTED_EDGE ( 'NONE', *, *, #7502, .T. ) ;
#10702 = CARTESIAN_POINT ( 'NONE',  ( -3.399456072941203555, -12.70999999999999730, 1.492932635087214077 ) ) ;
#10703 = EDGE_LOOP ( 'NONE', ( #1683, #1636, #4631, #7798 ) ) ;
#10704 = SURFACE_SIDE_STYLE ('',( #9658 ) ) ;
#10705 = LINE ( 'NONE', #6256, #10280 ) ;
#10706 = CARTESIAN_POINT ( 'NONE',  ( 2.014131379900668151, -12.70999999999999730, 1.468564822140002502 ) ) ;
#10707 =( GEOMETRIC_REPRESENTATION_CONTEXT ( 3 ) GLOBAL_UNCERTAINTY_ASSIGNED_CONTEXT ( ( #8559 ) ) GLOBAL_UNIT_ASSIGNED_CONTEXT ( ( #8441, #4630, #7519 ) ) REPRESENTATION_CONTEXT ( 'NONE', 'WORKASPACE' ) );
#10708 = B_SPLINE_SURFACE_WITH_KNOTS ( 'NONE', 3, 1, ( 
 ( #1201, #7545 ),
 ( #4888, #10447 ),
 ( #6609, #203 ),
 ( #3952, #3883 ) ),
 .UNSPECIFIED., .F., .F., .F.,
 ( 4, 4 ),
 ( 2, 2 ),
 ( 5.000000000000000000, 6.000000000000000000 ),
 ( 0.000000000000000000, 1.000000000000000000 ),
 .UNSPECIFIED. ) ;
#10709 = B_SPLINE_CURVE_WITH_KNOTS ( 'NONE', 3,
 ( #4344, #2303, #8165, #1582 ),
 .UNSPECIFIED., .F., .F.,
 ( 4, 4 ),
 ( 4.000000000000000000, 5.000000000000000000 ),
 .UNSPECIFIED. ) ;
#10710 = DIRECTION ( 'NONE',  ( 1.000000000000000000, 0.000000000000000000, 0.000000000000000000 ) ) ;
#10711 = LINE ( 'NONE', #7065, #11891 ) ;
#10712 = DIRECTION ( 'NONE',  ( -0.3409177962187273647, 0.000000000000000000, -0.9400931103999040639 ) ) ;
#10713 = SURFACE_STYLE_USAGE ( .BOTH. , #6943 ) ;
#10714 = B_SPLINE_SURFACE_WITH_KNOTS ( 'NONE', 3, 1, ( 
 ( #10425, #946 ),
 ( #3925, #7705 ),
 ( #11459, #8567 ),
 ( #11397, #4756 ) ),
 .UNSPECIFIED., .F., .F., .F.,
 ( 4, 4 ),
 ( 2, 2 ),
 ( 3.000000000000000000, 4.000000000000000000 ),
 ( 0.000000000000000000, 1.000000000000000000 ),
 .UNSPECIFIED. ) ;
#10715 = LINE ( 'NONE', #7809, #1268 ) ;
#10716 = ORIENTED_EDGE ( 'NONE', *, *, #7441, .F. ) ;
#10717 = PRESENTATION_STYLE_ASSIGNMENT (( #8126 ) ) ;
#10718 = SURFACE_STYLE_USAGE ( .BOTH. , #3162 ) ;
#10719 = MECHANICAL_DESIGN_GEOMETRIC_PRESENTATION_REPRESENTATION (  '', ( #5596 ), #277 ) ;
#10720 = PRESENTATION_STYLE_ASSIGNMENT (( #6026 ) ) ;
#10721 = ORIENTED_EDGE ( 'NONE', *, *, #11003, .T. ) ;
#10722 = FILL_AREA_STYLE ('',( #7939 ) ) ;
#10723 = B_SPLINE_CURVE_WITH_KNOTS ( 'NONE', 3,
 ( #11305, #3525, #7553, #5509 ),
 .UNSPECIFIED., .F., .F.,
 ( 4, 4 ),
 ( 2.000000000000000000, 3.000000000000000000 ),
 .UNSPECIFIED. ) ;
#10724 = VERTEX_POINT ( 'NONE', #5690 ) ;
#10725 = PRESENTATION_LAYER_ASSIGNMENT (  '', '', ( #5018 ) ) ;
#10726 = EDGE_CURVE ( 'NONE', #3223, #2783, #3837, .T. ) ;
#10727 = AXIS2_PLACEMENT_3D ( 'NONE', #8571, #4580, #7534 ) ;
#10728 = DIRECTION ( 'NONE',  ( -0.000000000000000000, -0.000000000000000000, 1.000000000000000000 ) ) ;
#10729 = UNCERTAINTY_MEASURE_WITH_UNIT (LENGTH_MEASURE( 1.000000000000000082E-05 ), #7540, 'distance_accuracy_value', 'NONE');
#10730 = PLANE ( 'NONE',  #3981 ) ;
#10731 = CARTESIAN_POINT ( 'NONE',  ( 2.728791654385999799, -12.69999999999999751, 1.433213052983943303 ) ) ;
#10732 = SURFACE_STYLE_FILL_AREA ( #3376 ) ;
#10733 =( NAMED_UNIT ( * ) PLANE_ANGLE_UNIT ( ) SI_UNIT ( $, .RADIAN. ) );
#10734 = ORIENTED_EDGE ( 'NONE', *, *, #11819, .F. ) ;
#10735 =( LENGTH_UNIT ( ) NAMED_UNIT ( * ) SI_UNIT ( .MILLI., .METRE. ) );
#10736 = CARTESIAN_POINT ( 'NONE',  ( 22.85000000000000142, 11.89999999999999503, 20.69999999999999929 ) ) ;
#10737 = UNCERTAINTY_MEASURE_WITH_UNIT (LENGTH_MEASURE( 1.000000000000000082E-05 ), #4352, 'distance_accuracy_value', 'NONE');
#10738 = DIRECTION ( 'NONE',  ( -0.000000000000000000, 1.000000000000000000, -0.000000000000000000 ) ) ;
#10739 = FACE_OUTER_BOUND ( 'NONE', #1026, .T. ) ;
#10740 = EDGE_CURVE ( 'NONE', #2610, #6462, #1751, .T. ) ;
#10741 = EDGE_CURVE ( 'NONE', #8450, #10204, #6567, .T. ) ;
#10742 = ORIENTED_EDGE ( 'NONE', *, *, #3194, .F. ) ;
#10743 = CARTESIAN_POINT ( 'NONE',  ( -2.984939824256972241, -12.70999999999999730, 1.733930496851108449 ) ) ;
#10744 = FILL_AREA_STYLE_COLOUR ( '', #10310 ) ;
#10745 = PRESENTATION_STYLE_ASSIGNMENT (( #4326 ) ) ;
#10746 = ORIENTED_EDGE ( 'NONE', *, *, #9413, .F. ) ;
#10747 =( NAMED_UNIT ( * ) SI_UNIT ( $, .STERADIAN. ) SOLID_ANGLE_UNIT ( ) );
#10748 = CARTESIAN_POINT ( 'NONE',  ( 1.763029843109774397, -12.70999999999999730, 2.654582018687879685 ) ) ;
#10749 = CARTESIAN_POINT ( 'NONE',  ( 0.9965549657982581966, -12.70999999999999730, 1.208971929032973902 ) ) ;
#10750 = CARTESIAN_POINT ( 'NONE',  ( 0.9457801208848780616, -12.70999999999999730, 1.580858677103661680 ) ) ;
#10751 = LINE ( 'NONE', #2291, #2888 ) ;
#10752 = VERTEX_POINT ( 'NONE', #8597 ) ;
#10753 = SURFACE_SIDE_STYLE ('',( #2353 ) ) ;
#10754 = ORIENTED_EDGE ( 'NONE', *, *, #10122, .F. ) ;
#10755 = FILL_AREA_STYLE_COLOUR ( '', #3288 ) ;
#10756 = PRESENTATION_STYLE_ASSIGNMENT (( #6058 ) ) ;
#10757 = B_SPLINE_CURVE_WITH_KNOTS ( 'NONE', 3,
 ( #8191, #11946, #6357, #753 ),
 .UNSPECIFIED., .F., .F.,
 ( 4, 4 ),
 ( 5.000000000000000000, 6.000000000000000000 ),
 .UNSPECIFIED. ) ;
#10758 = CARTESIAN_POINT ( 'NONE',  ( -3.399456072941203555, -12.70999999999999730, 1.492932635087214077 ) ) ;
#10759 = ORIENTED_EDGE ( 'NONE', *, *, #504, .T. ) ;
#10760 = PRESENTATION_STYLE_ASSIGNMENT (( #10895 ) ) ;
#10761 = CARTESIAN_POINT ( 'NONE',  ( 1.777586453940106948, -12.70999999999999730, 2.749199989071176464 ) ) ;
#10762 = VECTOR ( 'NONE', #4333, 1000.000000000000000 ) ;
#10763 = CARTESIAN_POINT ( 'NONE',  ( -3.519955003823156847, -12.69999999999999751, 1.661631138320091017 ) ) ;
#10764 = ORIENTED_EDGE ( 'NONE', *, *, #7936, .T. ) ;
#10765 = FACE_OUTER_BOUND ( 'NONE', #11841, .T. ) ;
#10766 = CARTESIAN_POINT ( 'NONE',  ( 3.070525422880872490, -12.70999999999999730, 1.676862991373792022 ) ) ;
#10767 = SURFACE_STYLE_FILL_AREA ( #284 ) ;
#10768 = LINE ( 'NONE', #5167, #1179 ) ;
#10769 = UNCERTAINTY_MEASURE_WITH_UNIT (LENGTH_MEASURE( 1.000000000000000082E-05 ), #4170, 'distance_accuracy_value', 'NONE');
#10770 = ADVANCED_FACE ( 'NONE', ( #10337 ), #1772, .T. ) ;
#10771 = MECHANICAL_DESIGN_GEOMETRIC_PRESENTATION_REPRESENTATION (  '', ( #6232 ), #2491 ) ;
#10772 = PRESENTATION_STYLE_ASSIGNMENT (( #9784 ) ) ;
#10773 = CARTESIAN_POINT ( 'NONE',  ( 0.3947084252364709278, -12.69999999999999751, 2.251502533126268801 ) ) ;
#10774 = CARTESIAN_POINT ( 'NONE',  ( -2.136627424400495467, -12.70999999999999730, 2.731661405519053787 ) ) ;
#10775 = ORIENTED_EDGE ( 'NONE', *, *, #4894, .F. ) ;
#10776 = CARTESIAN_POINT ( 'NONE',  ( -1.789590466688415260, -12.70999999999999730, 1.232654778906526971 ) ) ;
#10777 = VERTEX_POINT ( 'NONE', #7967 ) ;
#10778 = EDGE_CURVE ( 'NONE', #8651, #149, #1158, .T. ) ;
#10779 = DIRECTION ( 'NONE',  ( -1.000000000000000000, -0.000000000000000000, -0.000000000000000000 ) ) ;
#10780 = STYLED_ITEM ( 'NONE', ( #8413 ), #1673 ) ;
#10781 = VECTOR ( 'NONE', #10623, 1000.000000000000000 ) ;
#10782 = CARTESIAN_POINT ( 'NONE',  ( 0.8632926595230211442, -12.69999999999999751, 1.401673729525910739 ) ) ;
#10783 = VERTEX_POINT ( 'NONE', #9709 ) ;
#10784 = ORIENTED_EDGE ( 'NONE', *, *, #8410, .T. ) ;
#10785 = PRESENTATION_STYLE_ASSIGNMENT (( #7009 ) ) ;
#10786 = DIRECTION ( 'NONE',  ( -0.000000000000000000, 1.000000000000000000, -0.000000000000000000 ) ) ;
#10787 = UNCERTAINTY_MEASURE_WITH_UNIT (LENGTH_MEASURE( 1.000000000000000082E-05 ), #6782, 'distance_accuracy_value', 'NONE');
#10788 = CARTESIAN_POINT ( 'NONE',  ( 0.4012935587059008324, -12.70999999999999730, 1.143813766277427035 ) ) ;
#10789 = ADVANCED_FACE ( 'NONE', ( #2073 ), #11537, .T. ) ;
#10790 = MECHANICAL_DESIGN_GEOMETRIC_PRESENTATION_REPRESENTATION (  '', ( #3856 ), #11372 ) ;
#10791 = CARTESIAN_POINT ( 'NONE',  ( 0.3059824163768771754, -12.69999999999999751, 2.346813675457607218 ) ) ;
#10792 = CARTESIAN_POINT ( 'NONE',  ( 0.4006003867624792769, -12.70999999999999730, 1.511888068654680728 ) ) ;
#10793 = CARTESIAN_POINT ( 'NONE',  ( 1.317840161941412402, -12.70999999999999730, 1.086627080880489871 ) ) ;
#10794 = MECHANICAL_DESIGN_GEOMETRIC_PRESENTATION_REPRESENTATION (  '', ( #8424 ), #1543 ) ;
#10795 = LINE ( 'NONE', #4194, #4131 ) ;
#10796 = SURFACE_STYLE_USAGE ( .BOTH. , #8076 ) ;
#10797 = VERTEX_POINT ( 'NONE', #3071 ) ;
#10798 = CARTESIAN_POINT ( 'NONE',  ( 0.3061557093650378869, -12.70999999999999730, 1.358350483011264043 ) ) ;
#10799 = CARTESIAN_POINT ( 'NONE',  ( -1.620892147322329890, -12.69999999999999751, 1.377253495963937757 ) ) ;
#10800 = ORIENTED_EDGE ( 'NONE', *, *, #12126, .F. ) ;
#10801 = VECTOR ( 'NONE', #5122, 1000.000000000000000 ) ;
#10802 = FACE_OUTER_BOUND ( 'NONE', #10961, .T. ) ;
#10803 = COLOUR_RGB ( '',0.2509803921568627416, 0.2509803921568627416, 0.2509803921568627416 ) ;
#10804 = MECHANICAL_DESIGN_GEOMETRIC_PRESENTATION_REPRESENTATION (  '', ( #3083 ), #10996 ) ;
#10805 = COLOUR_RGB ( '',1.000000000000000000, 1.000000000000000000, 1.000000000000000000 ) ;
#10806 = FACE_OUTER_BOUND ( 'NONE', #6247, .T. ) ;
#10807 = VERTEX_POINT ( 'NONE', #5023 ) ;
#10808 =( LENGTH_UNIT ( ) NAMED_UNIT ( * ) SI_UNIT ( .MILLI., .METRE. ) );
#10809 = SURFACE_SIDE_STYLE ('',( #7110 ) ) ;
#10810 = EDGE_CURVE ( 'NONE', #1652, #11148, #734, .T. ) ;
#10811 = CARTESIAN_POINT ( 'NONE',  ( 0.3463596821273666748, -12.70999999999999730, 1.268931302208248679 ) ) ;
#10812 = PRESENTATION_LAYER_ASSIGNMENT (  '', '', ( #7066 ) ) ;
#10813 = VECTOR ( 'NONE', #11796, 1000.000000000000000 ) ;
#10814 = EDGE_LOOP ( 'NONE', ( #3866, #2211, #4623, #1306 ) ) ;
#10815 =( NAMED_UNIT ( * ) SI_UNIT ( $, .STERADIAN. ) SOLID_ANGLE_UNIT ( ) );
#10816 = SURFACE_STYLE_USAGE ( .BOTH. , #11855 ) ;
#10817 = CARTESIAN_POINT ( 'NONE',  ( 1.415404113091203397, -12.70999999999999730, 2.760983912123202266 ) ) ;
#10818 = B_SPLINE_SURFACE_WITH_KNOTS ( 'NONE', 3, 1, ( 
 ( #10776, #807 ),
 ( #4617, #4488 ),
 ( #11143, #7260 ),
 ( #5519, #6343 ) ),
 .UNSPECIFIED., .F., .F., .F.,
 ( 4, 4 ),
 ( 2, 2 ),
 ( 28.00000000000000000, 29.00000000000000000 ),
 ( 0.000000000000000000, 1.000000000000000000 ),
 .UNSPECIFIED. ) ;
#10819 = CARTESIAN_POINT ( 'NONE',  ( -22.05000000000000426, 11.89999999999998792, 21.50000000000000000 ) ) ;
#10820 = VECTOR ( 'NONE', #421, 1000.000000000000000 ) ;
#10821 = ORIENTED_EDGE ( 'NONE', *, *, #9712, .T. ) ;
#10822 = LINE ( 'NONE', #2357, #8305 ) ;
#10823 = ORIENTED_EDGE ( 'NONE', *, *, #11773, .F. ) ;
#10824 = CARTESIAN_POINT ( 'NONE',  ( 0.2838009141642797162, -12.69999999999999751, 2.577639932880311679 ) ) ;
#10825 = STYLED_ITEM ( 'NONE', ( #5148 ), #10789 ) ;
#10826 = CARTESIAN_POINT ( 'NONE',  ( -2.777681699914856583, -12.69999999999999751, 0.7651190741792978089 ) ) ;
#10827 = SURFACE_SIDE_STYLE ('',( #3268 ) ) ;
#10828 = VERTEX_POINT ( 'NONE', #216 ) ;
#10829 = CARTESIAN_POINT ( 'NONE',  ( -3.230757569708321508, -12.69999999999999751, 1.415813300939981367 ) ) ;
#10830 = VERTEX_POINT ( 'NONE', #11492 ) ;
#10831 = PLANE ( 'NONE',  #9298 ) ;
#10833 = ORIENTED_EDGE ( 'NONE', *, *, #1104, .F. ) ;
#10832 = LINE ( 'NONE', #9849, #5917 ) ;
#10834 = SURFACE_SIDE_STYLE ('',( #7059 ) ) ;
#10835 = CARTESIAN_POINT ( 'NONE',  ( 1.060500077652813733, -12.69999999999999751, 1.476882885470320872 ) ) ;
#10836 = VECTOR ( 'NONE', #4062, 1000.000000000000000 ) ;
#10837 = DIRECTION ( 'NONE',  ( 1.000000000000000000, -0.000000000000000000, -0.000000000000000000 ) ) ;
#10838 = ORIENTED_EDGE ( 'NONE', *, *, #596, .T. ) ;
#10839 = CARTESIAN_POINT ( 'NONE',  ( 0.5245048717899720714, -12.70999999999999730, 2.227588101050506086 ) ) ;
#10840 = STYLED_ITEM ( 'NONE', ( #7783 ), #3678 ) ;
#10841 = CARTESIAN_POINT ( 'NONE',  ( -2.136627424400495467, -12.70999999999999730, 2.731661405519053787 ) ) ;
#10842 = B_SPLINE_CURVE_WITH_KNOTS ( 'NONE', 3,
 ( #5319, #7224, #3191, #10749 ),
 .UNSPECIFIED., .F., .F.,
 ( 4, 4 ),
 ( 2.000000000000000000, 3.000000000000000000 ),
 .UNSPECIFIED. ) ;
#10843 = FILL_AREA_STYLE_COLOUR ( '', #209 ) ;
#10844 = ORIENTED_EDGE ( 'NONE', *, *, #5759, .F. ) ;
#10845 = ADVANCED_FACE ( 'NONE', ( #8780 ), #11508, .F. ) ;
#10846 = FILL_AREA_STYLE ('',( #11883 ) ) ;
#10847 = VECTOR ( 'NONE', #2386, 1000.000000000000227 ) ;
#10848 = AXIS2_PLACEMENT_3D ( 'NONE', #11100, #4690, #5476 ) ;
#10849 = PRESENTATION_LAYER_ASSIGNMENT (  '', '', ( #3935 ) ) ;
#10850 = CARTESIAN_POINT ( 'NONE',  ( 0.5203458401248410858, -12.69999999999999751, 1.183324567098666957 ) ) ;
#10851 = PRESENTATION_STYLE_ASSIGNMENT (( #1424 ) ) ;
#10852 = MECHANICAL_DESIGN_GEOMETRIC_PRESENTATION_REPRESENTATION (  '', ( #1610 ), #8297 ) ;
#10853 = CARTESIAN_POINT ( 'NONE',  ( 18.59999999999999432, -1.249999999999995115, 0.000000000000000000 ) ) ;
#10854 = DIRECTION ( 'NONE',  ( -0.000000000000000000, -0.000000000000000000, 1.000000000000000000 ) ) ;
#10855 = UNCERTAINTY_MEASURE_WITH_UNIT (LENGTH_MEASURE( 1.000000000000000082E-05 ), #1795, 'distance_accuracy_value', 'NONE');
#10856 = CARTESIAN_POINT ( 'NONE',  ( 1.177992722196744779, -12.70999999999999730, 0.9303168074587356839 ) ) ;
#10857 = MECHANICAL_DESIGN_GEOMETRIC_PRESENTATION_REPRESENTATION (  '', ( #4942 ), #7115 ) ;
#10858 = CARTESIAN_POINT ( 'NONE',  ( 1.083721337782844074, -12.69999999999999751, 1.217289992363262963 ) ) ;
#10859 = AXIS2_PLACEMENT_3D ( 'NONE', #4521, #11230, #10320 ) ;
#10860 =( LENGTH_UNIT ( ) NAMED_UNIT ( * ) SI_UNIT ( .MILLI., .METRE. ) );
#10861 = CARTESIAN_POINT ( 'NONE',  ( 0.5567373671960460513, -12.69999999999999751, 1.472377267833436143 ) ) ;
#10862 = VECTOR ( 'NONE', #4079, 1000.000000000000000 ) ;
#10863 = DIRECTION ( 'NONE',  ( -0.000000000000000000, -0.000000000000000000, 1.000000000000000000 ) ) ;
#10864 = CARTESIAN_POINT ( 'NONE',  ( 0.2789487105533901556, -12.70999999999999730, 2.242144711880838415 ) ) ;
#10865 = CARTESIAN_POINT ( 'NONE',  ( 0.7941487580881896324, -12.70999999999999730, 1.083854393102179570 ) ) ;
#10867 =( GEOMETRIC_REPRESENTATION_CONTEXT ( 3 ) GLOBAL_UNCERTAINTY_ASSIGNED_CONTEXT ( ( #1485 ) ) GLOBAL_UNIT_ASSIGNED_CONTEXT ( ( #6927, #9773, #5090 ) ) REPRESENTATION_CONTEXT ( 'NONE', 'WORKASPACE' ) );
#10866 = UNCERTAINTY_MEASURE_WITH_UNIT (LENGTH_MEASURE( 1.000000000000000082E-05 ), #5656, 'distance_accuracy_value', 'NONE');
#10868 = VERTEX_POINT ( 'NONE', #7232 ) ;
#10869 = PRESENTATION_STYLE_ASSIGNMENT (( #9151 ) ) ;
#10870 = ORIENTED_EDGE ( 'NONE', *, *, #1190, .T. ) ;
#10871 = VECTOR ( 'NONE', #9224, 1000.000000000000000 ) ;
#10872 = COLOUR_RGB ( '',1.000000000000000000, 1.000000000000000000, 1.000000000000000000 ) ;
#10873 = PRESENTATION_STYLE_ASSIGNMENT (( #9886 ) ) ;
#10874 = SURFACE_SIDE_STYLE ('',( #7104 ) ) ;
#10875 = FILL_AREA_STYLE_COLOUR ( '', #7141 ) ;
#10876 = ORIENTED_EDGE ( 'NONE', *, *, #9977, .F. ) ;
#10877 = CARTESIAN_POINT ( 'NONE',  ( 0.4061457623167640252, -12.70999999999999730, 1.074149985885020087 ) ) ;
#10878 = SURFACE_SIDE_STYLE ('',( #8019 ) ) ;
#10879 = CARTESIAN_POINT ( 'NONE',  ( 0.3612628789294233811, -12.69999999999999751, 1.283487913033960037 ) ) ;
#10880 = FILL_AREA_STYLE ('',( #520 ) ) ;
#10881 = CIRCLE ( 'NONE', #5551, 0.6500000000000012434 ) ;
#10882 = VERTEX_POINT ( 'NONE', #7299 ) ;
#10883 = DIRECTION ( 'NONE',  ( 0.9345104387417459968, 0.000000000000000000, -0.3559357243698774709 ) ) ;
#10884 = CARTESIAN_POINT ( 'NONE',  ( 2.470585105165786111, -12.70999999999999730, 1.085587322965344104 ) ) ;
#10885 = VERTEX_POINT ( 'NONE', #1696 ) ;
#10886 = VERTEX_POINT ( 'NONE', #11913 ) ;
#10887 = B_SPLINE_CURVE_WITH_KNOTS ( 'NONE', 3,
 ( #7728, #4966, #11488, #8720 ),
 .UNSPECIFIED., .F., .F.,
 ( 4, 4 ),
 ( 2.000000000000000000, 3.000000000000000000 ),
 .UNSPECIFIED. ) ;
#10888 = COLOUR_RGB ( '',1.000000000000000000, 1.000000000000000000, 1.000000000000000000 ) ;
#10889 = ORIENTED_EDGE ( 'NONE', *, *, #3784, .T. ) ;
#10890 = EDGE_CURVE ( 'NONE', #8999, #11540, #8215, .T. ) ;
#10891 = SURFACE_STYLE_FILL_AREA ( #5080 ) ;
#10892 = ORIENTED_EDGE ( 'NONE', *, *, #285, .F. ) ;
#10893 = ADVANCED_FACE ( 'NONE', ( #7039 ), #6421, .F. ) ;
#10894 = SURFACE_STYLE_USAGE ( .BOTH. , #7125 ) ;
#10895 = SURFACE_STYLE_USAGE ( .BOTH. , #7126 ) ;
#10896 = VECTOR ( 'NONE', #6340, 1000.000000000000000 ) ;
#10897 = CARTESIAN_POINT ( 'NONE',  ( 0.7567174731018385669, -12.70999999999999730, 1.190256286537488384 ) ) ;
#10898 = CARTESIAN_POINT ( 'NONE',  ( -2.782501675538016084, -12.70999999999999730, 1.054316140560536796 ) ) ;
#10899 = SURFACE_STYLE_FILL_AREA ( #2433 ) ;
#10900 = ORIENTED_EDGE ( 'NONE', *, *, #1634, .F. ) ;
#10901 = CARTESIAN_POINT ( 'NONE',  ( 0.3947084252364709278, -12.69999999999999751, 2.251502533126268801 ) ) ;
#10903 = ORIENTED_EDGE ( 'NONE', *, *, #3807, .T. ) ;
#10902 = CARTESIAN_POINT ( 'NONE',  ( 1.713468049099705626, -12.69999999999999751, 2.697212093254503174 ) ) ;
#10904 = CARTESIAN_POINT ( 'NONE',  ( 3.024602781573761945, -12.70999999999999730, 1.763509484403121608 ) ) ;
#10905 = SURFACE_STYLE_FILL_AREA ( #3339 ) ;
#10906 = VECTOR ( 'NONE', #5751, 1000.000000000000114 ) ;
#10907 =( NAMED_UNIT ( * ) PLANE_ANGLE_UNIT ( ) SI_UNIT ( $, .RADIAN. ) );
#10908 = ORIENTED_EDGE ( 'NONE', *, *, #3584, .T. ) ;
#10909 = ADVANCED_FACE ( 'NONE', ( #10008 ), #7117, .F. ) ;
#10910 = SURFACE_STYLE_FILL_AREA ( #7199 ) ;
#10911 = DIRECTION ( 'NONE',  ( 0.000000000000000000, 0.000000000000000000, -1.000000000000000000 ) ) ;
#10912 = CARTESIAN_POINT ( 'NONE',  ( 0.8927524671530719935, -12.69999999999999751, 1.580858677103661680 ) ) ;
#10913 = VERTEX_POINT ( 'NONE', #3579 ) ;
#10914 = ORIENTED_EDGE ( 'NONE', *, *, #10006, .F. ) ;
#10915 = VECTOR ( 'NONE', #1033, 1000.000000000000000 ) ;
#10916 =( NAMED_UNIT ( * ) SI_UNIT ( $, .STERADIAN. ) SOLID_ANGLE_UNIT ( ) );
#10917 = FACE_OUTER_BOUND ( 'NONE', #1436, .T. ) ;
#10918 = ORIENTED_EDGE ( 'NONE', *, *, #134, .T. ) ;
#10919 = VERTEX_POINT ( 'NONE', #2715 ) ;
#10920 = CARTESIAN_POINT ( 'NONE',  ( 3.070525422880872490, -12.70999999999999730, 1.676862991373792022 ) ) ;
#10921 = LINE ( 'NONE', #6029, #6110 ) ;
#10922 = EDGE_LOOP ( 'NONE', ( #3062, #9102, #4219, #10237 ) ) ;
#10923 = UNCERTAINTY_MEASURE_WITH_UNIT (LENGTH_MEASURE( 1.000000000000000082E-05 ), #10228, 'distance_accuracy_value', 'NONE');
#10924 = PRESENTATION_STYLE_ASSIGNMENT (( #9869 ) ) ;
#10925 = SURFACE_STYLE_FILL_AREA ( #4190 ) ;
#10926 = FILL_AREA_STYLE ('',( #1616 ) ) ;
#10927 = EDGE_CURVE ( 'NONE', #1536, #446, #9523, .T. ) ;
#10928 = VECTOR ( 'NONE', #8435, 1000.000000000000000 ) ;
#10929 = SURFACE_STYLE_FILL_AREA ( #11831 ) ;
#10930 =( NAMED_UNIT ( * ) SI_UNIT ( $, .STERADIAN. ) SOLID_ANGLE_UNIT ( ) );
#10931 = CARTESIAN_POINT ( 'NONE',  ( 0.5567373671960460513, -12.69999999999999751, 1.393355666195625675 ) ) ;
#10932 =( NAMED_UNIT ( * ) SI_UNIT ( $, .STERADIAN. ) SOLID_ANGLE_UNIT ( ) );
#10933 = SURFACE_SIDE_STYLE ('',( #8828 ) ) ;
#10934 = MECHANICAL_DESIGN_GEOMETRIC_PRESENTATION_REPRESENTATION (  '', ( #6193 ), #3422 ) ;
#10935 = EDGE_LOOP ( 'NONE', ( #11331, #9426, #3178, #6214 ) ) ;
#10936 = CARTESIAN_POINT ( 'NONE',  ( -1.423273790357425961, -12.70999999999999730, 2.129166751113926281 ) ) ;
#10937 = ORIENTED_EDGE ( 'NONE', *, *, #5039, .F. ) ;
#10938 = EDGE_CURVE ( 'NONE', #11826, #9146, #2164, .T. ) ;
#10939 = MECHANICAL_DESIGN_GEOMETRIC_PRESENTATION_REPRESENTATION (  '', ( #8758 ), #12099 ) ;
#10940 = CARTESIAN_POINT ( 'NONE',  ( 1.280582169938624615, -12.70999999999999730, 0.9985942439642949697 ) ) ;
#10941 = DIRECTION ( 'NONE',  ( 1.000000000000000000, 0.000000000000000000, 0.000000000000000000 ) ) ;
#10942 =( LENGTH_UNIT ( ) NAMED_UNIT ( * ) SI_UNIT ( .MILLI., .METRE. ) );
#10943 = CARTESIAN_POINT ( 'NONE',  ( -1.789590466688415260, -12.70999999999999730, 1.314593904812450864 ) ) ;
#10944 = ORIENTED_EDGE ( 'NONE', *, *, #4479, .T. ) ;
#10945 = CARTESIAN_POINT ( 'NONE',  ( -1.669091535808775895, -12.70999999999999730, 2.929279653314780241 ) ) ;
#10946 = ORIENTED_EDGE ( 'NONE', *, *, #2751, .F. ) ;
#10947 = CARTESIAN_POINT ( 'NONE',  ( -0.1932746764407473894, -12.69999999999999751, 1.763509484403121608 ) ) ;
#10948 = ORIENTED_EDGE ( 'NONE', *, *, #9385, .F. ) ;
#10949 = DIRECTION ( 'NONE',  ( -0.000000000000000000, 0.000000000000000000, -1.000000000000000000 ) ) ;
#10950 = EDGE_CURVE ( 'NONE', #9320, #9146, #1191, .T. ) ;
#10951 = CARTESIAN_POINT ( 'NONE',  ( -2.970479989325513603, -12.70999999999999730, 1.348333642229618601 ) ) ;
#10952 = EDGE_LOOP ( 'NONE', ( #7662, #8200, #9813, #8346 ) ) ;
#10953 = CARTESIAN_POINT ( 'NONE',  ( 1.165169041227267943, -12.70999999999999730, 2.544021093582787607 ) ) ;
#10954 = ORIENTED_EDGE ( 'NONE', *, *, #6570, .T. ) ;
#10955 = FILL_AREA_STYLE ('',( #8930 ) ) ;
#10957 = ORIENTED_EDGE ( 'NONE', *, *, #8590, .T. ) ;
#10956 = CARTESIAN_POINT ( 'NONE',  ( 2.033366901353705902, -12.70999999999999730, 1.685527640680425820 ) ) ;
#10958 = DIRECTION ( 'NONE',  ( -0.000000000000000000, -0.000000000000000000, -1.000000000000000000 ) ) ;
#10959 = DIRECTION ( 'NONE',  ( 1.000000000000000000, 0.000000000000000000, 0.000000000000000000 ) ) ;
#10960 = LINE ( 'NONE', #1588, #4511 ) ;
#10961 = EDGE_LOOP ( 'NONE', ( #1514, #5512, #12191, #662 ) ) ;
#10962 =( LENGTH_UNIT ( ) NAMED_UNIT ( * ) SI_UNIT ( .MILLI., .METRE. ) );
#10963 = ORIENTED_EDGE ( 'NONE', *, *, #9705, .T. ) ;
#10964 = CARTESIAN_POINT ( 'NONE',  ( 1.261346648487901012, -12.70999999999999730, 0.9528448956476549547 ) ) ;
#10965 = DIRECTION ( 'NONE',  ( -0.000000000000000000, 1.000000000000000000, -0.000000000000000000 ) ) ;
#10966 =( NAMED_UNIT ( * ) PLANE_ANGLE_UNIT ( ) SI_UNIT ( $, .RADIAN. ) );
#10967 = ORIENTED_EDGE ( 'NONE', *, *, #2564, .F. ) ;
#10968 = CARTESIAN_POINT ( 'NONE',  ( -0.7484797774236003898, -12.69999999999999751, 1.758030191093176597 ) ) ;
#10969 = EDGE_CURVE ( 'NONE', #3956, #3563, #6875, .T. ) ;
#10970 = EDGE_CURVE ( 'NONE', #10252, #10364, #9457, .T. ) ;
#10971 = SURFACE_SIDE_STYLE ('',( #7338 ) ) ;
#10972 = STYLED_ITEM ( 'NONE', ( #11041 ), #2236 ) ;
#10973 = SURFACE_STYLE_USAGE ( .BOTH. , #6277 ) ;
#10974 = CARTESIAN_POINT ( 'NONE',  ( 0.5870636397553690156, -12.70999999999999730, 2.149606257327805636 ) ) ;
#10975 = PLANE ( 'NONE',  #11392 ) ;
#10976 = UNCERTAINTY_MEASURE_WITH_UNIT (LENGTH_MEASURE( 1.000000000000000082E-05 ), #1886, 'distance_accuracy_value', 'NONE');
#10977 = SURFACE_STYLE_FILL_AREA ( #10926 ) ;
#10978 =( LENGTH_UNIT ( ) NAMED_UNIT ( * ) SI_UNIT ( .MILLI., .METRE. ) );
#10979 = FILL_AREA_STYLE_COLOUR ( '', #7314 ) ;
#10980 = CARTESIAN_POINT ( 'NONE',  ( 0.8352191957844180559, -12.69999999999999751, 2.161043594408121216 ) ) ;
#10981 = ORIENTED_EDGE ( 'NONE', *, *, #2803, .F. ) ;
#10982 = FILL_AREA_STYLE ('',( #10110 ) ) ;
#10983 = UNCERTAINTY_MEASURE_WITH_UNIT (LENGTH_MEASURE( 1.000000000000000082E-05 ), #10184, 'distance_accuracy_value', 'NONE');
#10984 = ORIENTED_EDGE ( 'NONE', *, *, #3794, .T. ) ;
#10985 = DIRECTION ( 'NONE',  ( -0.000000000000000000, 1.000000000000000000, -0.000000000000000000 ) ) ;
#10986 = COLOUR_RGB ( '',0.7529411764705882248, 0.7529411764705882248, 0.7529411764705882248 ) ;
#10987 = STYLED_ITEM ( 'NONE', ( #6257 ), #9755 ) ;
#10988 = FILL_AREA_STYLE ('',( #7368 ) ) ;
#10989 =( NAMED_UNIT ( * ) SI_UNIT ( $, .STERADIAN. ) SOLID_ANGLE_UNIT ( ) );
#10990 = EDGE_CURVE ( 'NONE', #7862, #1805, #12093, .T. ) ;
#10991 = CARTESIAN_POINT ( 'NONE',  ( -2.512584051977802435, -12.70999999999999730, 0.7651190741792978089 ) ) ;
#10992 =( NAMED_UNIT ( * ) PLANE_ANGLE_UNIT ( ) SI_UNIT ( $, .RADIAN. ) );
#10993 = PRESENTATION_STYLE_ASSIGNMENT (( #9099 ) ) ;
#10994 =( GEOMETRIC_REPRESENTATION_CONTEXT ( 3 ) GLOBAL_UNCERTAINTY_ASSIGNED_CONTEXT ( ( #10769 ) ) GLOBAL_UNIT_ASSIGNED_CONTEXT ( ( #4170, #3101, #9725 ) ) REPRESENTATION_CONTEXT ( 'NONE', 'WORKASPACE' ) );
#10995 = PRESENTATION_LAYER_ASSIGNMENT (  '', '', ( #1558 ) ) ;
#10996 =( GEOMETRIC_REPRESENTATION_CONTEXT ( 3 ) GLOBAL_UNCERTAINTY_ASSIGNED_CONTEXT ( ( #4094 ) ) GLOBAL_UNIT_ASSIGNED_CONTEXT ( ( #1675, #5409, #7342 ) ) REPRESENTATION_CONTEXT ( 'NONE', 'WORKASPACE' ) );
#10997 = PRESENTATION_STYLE_ASSIGNMENT (( #9214 ) ) ;
#10998 = EDGE_LOOP ( 'NONE', ( #4760, #11265, #5266, #10903 ) ) ;
#10999 = ORIENTED_EDGE ( 'NONE', *, *, #6365, .F. ) ;
#11000 = LINE ( 'NONE', #8405, #4198 ) ;
#11001 = STYLED_ITEM ( 'NONE', ( #9377 ), #2345 ) ;
#11002 = CARTESIAN_POINT ( 'NONE',  ( 2.636773078785899393, -12.70999999999999730, 1.346219973987518470 ) ) ;
#11003 = EDGE_CURVE ( 'NONE', #7100, #9733, #6440, .T. ) ;
#11004 = VECTOR ( 'NONE', #11384, 1000.000000000000000 ) ;
#11005 =( GEOMETRIC_REPRESENTATION_CONTEXT ( 3 ) GLOBAL_UNCERTAINTY_ASSIGNED_CONTEXT ( ( #3093 ) ) GLOBAL_UNIT_ASSIGNED_CONTEXT ( ( #9634, #3948, #7724 ) ) REPRESENTATION_CONTEXT ( 'NONE', 'WORKASPACE' ) );
#11006 = VERTEX_POINT ( 'NONE', #8281 ) ;
#11007 = CARTESIAN_POINT ( 'NONE',  ( 0.2941984933271434288, -12.70999999999999730, 1.112274442814796815 ) ) ;
#11008 = ORIENTED_EDGE ( 'NONE', *, *, #8194, .F. ) ;
#11009 = CARTESIAN_POINT ( 'NONE',  ( 0.3503454208066740794, -12.69999999999999751, 2.298984811306086673 ) ) ;
#11011 = ORIENTED_EDGE ( 'NONE', *, *, #8035, .T. ) ;
#11010 = FACE_OUTER_BOUND ( 'NONE', #8945, .T. ) ;
#11012 = CARTESIAN_POINT ( 'NONE',  ( -2.782501675538016084, -12.69999999999999751, 1.430272952002306752 ) ) ;
#11013 = SURFACE_SIDE_STYLE ('',( #3164 ) ) ;
#11014 = PLANE ( 'NONE',  #786 ) ;
#11015 = VECTOR ( 'NONE', #1849, 1000.000000000000114 ) ;
#11016 = LINE ( 'NONE', #5399, #7397 ) ;
#11017 = VECTOR ( 'NONE', #7986, 1000.000000000000000 ) ;
#11018 = ORIENTED_EDGE ( 'NONE', *, *, #8949, .T. ) ;
#11019 =( NAMED_UNIT ( * ) PLANE_ANGLE_UNIT ( ) SI_UNIT ( $, .RADIAN. ) );
#11020 = CARTESIAN_POINT ( 'NONE',  ( 1.145413640818973899, -12.70999999999999730, 0.9400212146805150271 ) ) ;
#11021 = SURFACE_STYLE_USAGE ( .BOTH. , #1534 ) ;
#11022 = LINE ( 'NONE', #10345, #8289 ) ;
#11023 = EDGE_LOOP ( 'NONE', ( #8064, #1604, #8350, #7730 ) ) ;
#11024 = CARTESIAN_POINT ( 'NONE',  ( 2.694652936130905285, -12.70999999999999730, 1.613784344453134345 ) ) ;
#11025 = COLOUR_RGB ( '',1.000000000000000000, 1.000000000000000000, 1.000000000000000000 ) ;
#11026 =( LENGTH_UNIT ( ) NAMED_UNIT ( * ) SI_UNIT ( .MILLI., .METRE. ) );
#11027 = VERTEX_POINT ( 'NONE', #1754 ) ;
#11028 = UNCERTAINTY_MEASURE_WITH_UNIT (LENGTH_MEASURE( 1.000000000000000082E-05 ), #5954, 'distance_accuracy_value', 'NONE');
#11029 = CARTESIAN_POINT ( 'NONE',  ( -0.9268182319027946647, -12.70999999999999730, 1.300134253745478308 ) ) ;
#11030 = B_SPLINE_CURVE_WITH_KNOTS ( 'NONE', 3,
 ( #11145, #2685, #10221, #5522 ),
 .UNSPECIFIED., .F., .F.,
 ( 4, 4 ),
 ( 33.00000000000000000, 34.00000000000000000 ),
 .UNSPECIFIED. ) ;
#11031 = ADVANCED_FACE ( 'NONE', ( #1024 ), #9397, .T. ) ;
#11032 = DIRECTION ( 'NONE',  ( 0.000000000000000000, 0.000000000000000000, -1.000000000000000000 ) ) ;
#11033 = LINE ( 'NONE', #3554, #3396 ) ;
#11034 = EDGE_CURVE ( 'NONE', #7820, #11006, #4649, .T. ) ;
#11035 = DIRECTION ( 'NONE',  ( -0.9676172723861838909, 0.000000000000000000, -0.2524218971878660622 ) ) ;
#11036 = MECHANICAL_DESIGN_GEOMETRIC_PRESENTATION_REPRESENTATION (  '', ( #10840 ), #9265 ) ;
#11037 = CARTESIAN_POINT ( 'NONE',  ( -1.047317162782429367, -12.69999999999999751, 1.753210123538929910 ) ) ;
#11038 = EDGE_LOOP ( 'NONE', ( #8847, #10638, #8144, #3201, #3585, #12152, #4256, #6660, #6162, #3683, #7488, #9835, #8313, #548 ) ) ;
#11039 = EDGE_LOOP ( 'NONE', ( #1966, #6637, #10451 ) ) ;
#11040 = EDGE_CURVE ( 'NONE', #11836, #8218, #12148, .T. ) ;
#11041 = PRESENTATION_STYLE_ASSIGNMENT (( #6364 ) ) ;
#11042 = CARTESIAN_POINT ( 'NONE',  ( 0.9457801208848780616, -12.69999999999999751, 1.360083412869804054 ) ) ;
#11043 = CARTESIAN_POINT ( 'NONE',  ( 0.2838009141642797162, -12.69999999999999751, 2.492379783742445287 ) ) ;
#11044 = ORIENTED_EDGE ( 'NONE', *, *, #4621, .T. ) ;
#11045 =( NAMED_UNIT ( * ) PLANE_ANGLE_UNIT ( ) SI_UNIT ( $, .RADIAN. ) );
#11046 = SURFACE_SIDE_STYLE ('',( #6981 ) ) ;
#11047 = VECTOR ( 'NONE', #2798, 1000.000000000000000 ) ;
#11048 = CARTESIAN_POINT ( 'NONE',  ( 0.3550243314316907650, -12.70999999999999730, 2.696172335339371173 ) ) ;
#11049 = AXIS2_PLACEMENT_3D ( 'NONE', #8136, #11893, #7278 ) ;
#11050 = CARTESIAN_POINT ( 'NONE',  ( 0.9965549657982581966, -12.69999999999999751, 1.165302096546602995 ) ) ;
#11051 = DIRECTION ( 'NONE',  ( -1.000000000000000000, -0.000000000000000000, -0.000000000000000000 ) ) ;
#11052 = CARTESIAN_POINT ( 'NONE',  ( 0.5397546545637254001, -12.70999999999999730, 2.771381491283765097 ) ) ;
#11053 = EDGE_CURVE ( 'NONE', #8218, #149, #1877, .T. ) ;
#11054 = AXIS2_PLACEMENT_3D ( 'NONE', #5641, #12000, #3539 ) ;
#11055 = CARTESIAN_POINT ( 'NONE',  ( 0.9227321537406988350, -12.70999999999999730, 2.466385835831798712 ) ) ;
#11056 = VECTOR ( 'NONE', #5686, 1000.000000000000000 ) ;
#11057 =( GEOMETRIC_REPRESENTATION_CONTEXT ( 3 ) GLOBAL_UNCERTAINTY_ASSIGNED_CONTEXT ( ( #9191 ) ) GLOBAL_UNIT_ASSIGNED_CONTEXT ( ( #1812, #6372, #10182 ) ) REPRESENTATION_CONTEXT ( 'NONE', 'WORKASPACE' ) );
#11058 = CARTESIAN_POINT ( 'NONE',  ( 0.2941984933271434288, -12.70999999999999730, 1.112274442814796815 ) ) ;
#11059 = CARTESIAN_POINT ( 'NONE',  ( 1.879829315710288773, -12.70999999999999730, 2.508669324431330505 ) ) ;
#11060 = ORIENTED_EDGE ( 'NONE', *, *, #6606, .F. ) ;
#11062 = VECTOR ( 'NONE', #9767, 1000.000000000000000 ) ;
#11061 = LINE ( 'NONE', #11976, #8253 ) ;
#11063 = ORIENTED_EDGE ( 'NONE', *, *, #9705, .F. ) ;
#11064 = EDGE_LOOP ( 'NONE', ( #9173, #1383, #2828, #6921 ) ) ;
#11065 = CARTESIAN_POINT ( 'NONE',  ( 2.728791654385999799, -12.70999999999999730, 1.433213052983943303 ) ) ;
#11066 = VECTOR ( 'NONE', #8090, 1000.000000000000000 ) ;
#11067 = CARTESIAN_POINT ( 'NONE',  ( 2.175640442902674998, -12.69999999999999751, 2.838965755845903605 ) ) ;
#11068 = AXIS2_PLACEMENT_3D ( 'NONE', #1015, #3811, #7591 ) ;
#11069 = CARTESIAN_POINT ( 'NONE',  ( -1.437733625291194750, -12.69999999999999751, 2.129166751113926281 ) ) ;
#11070 = PLANE ( 'NONE',  #7127 ) ;
#11071 = B_SPLINE_CURVE_WITH_KNOTS ( 'NONE', 3,
 ( #4583, #9333, #832, #8336 ),
 .UNSPECIFIED., .F., .F.,
 ( 4, 4 ),
 ( 19.00000000000000000, 20.00000000000000000 ),
 .UNSPECIFIED. ) ;
#11072 = EDGE_CURVE ( 'NONE', #8403, #4983, #7542, .T. ) ;
#11073 = SURFACE_STYLE_FILL_AREA ( #7311 ) ;
#11074 = ORIENTED_EDGE ( 'NONE', *, *, #3862, .T. ) ;
#11075 = DIRECTION ( 'NONE',  ( 0.000000000000000000, 0.000000000000000000, 1.000000000000000000 ) ) ;
#11076 = SURFACE_SIDE_STYLE ('',( #7315 ) ) ;
#11077 = CARTESIAN_POINT ( 'NONE',  ( 2.366782606518295307, -12.70999999999999730, 1.685527640680425820 ) ) ;
#11078 = FACE_OUTER_BOUND ( 'NONE', #9713, .T. ) ;
#11079 = CARTESIAN_POINT ( 'NONE',  ( -2.681282555210688034, -12.69999999999999751, 1.430272952002306752 ) ) ;
#11080 = CARTESIAN_POINT ( 'NONE',  ( 0.8858207477119407480, -12.70999999999999730, 1.298391109835989488 ) ) ;
#11081 = EDGE_LOOP ( 'NONE', ( #10701, #9575, #7261, #5277 ) ) ;
#11082 = EDGE_CURVE ( 'NONE', #6173, #899, #6607, .T. ) ;
#11083 = CARTESIAN_POINT ( 'NONE',  ( -1.669091535808775895, -12.70999999999999730, 2.929279653314780241 ) ) ;
#11084 = CARTESIAN_POINT ( 'NONE',  ( -2.782501675538016084, -12.69999999999999751, 1.430272952002306752 ) ) ;
#11085 = DIRECTION ( 'NONE',  ( -0.3559357243643089808, -0.000000000000000000, 0.9345104387438668558 ) ) ;
#11086 = STYLED_ITEM ( 'NONE', ( #5540 ), #8518 ) ;
#11087 = DIRECTION ( 'NONE',  ( -0.2524218971878660067, -0.000000000000000000, 0.9676172723861837799 ) ) ;
#11088 = ORIENTED_EDGE ( 'NONE', *, *, #10778, .T. ) ;
#11089 = CARTESIAN_POINT ( 'NONE',  ( -0.1057617184844371061, -12.69999999999999751, 2.838965755845903161 ) ) ;
#11090 = EDGE_CURVE ( 'NONE', #3995, #5447, #7831, .T. ) ;
#11091 = ORIENTED_EDGE ( 'NONE', *, *, #2488, .T. ) ;
#11092 = AXIS2_PLACEMENT_3D ( 'NONE', #3329, #1396, #5155 ) ;
#11093 = SURFACE_SIDE_STYLE ('',( #12012 ) ) ;
#11094 = CARTESIAN_POINT ( 'NONE',  ( 1.598574799343609243, -12.70999999999999730, 2.760983912123202266 ) ) ;
#11095 = ORIENTED_EDGE ( 'NONE', *, *, #5188, .F. ) ;
#11096 = UNCERTAINTY_MEASURE_WITH_UNIT (LENGTH_MEASURE( 1.000000000000000082E-05 ), #4312, 'distance_accuracy_value', 'NONE');
#11097 = SURFACE_SIDE_STYLE ('',( #11153 ) ) ;
#11098 = EDGE_CURVE ( 'NONE', #5461, #8965, #10123, .T. ) ;
#11099 = DIRECTION ( 'NONE',  ( 0.000000000000000000, 0.000000000000000000, 1.000000000000000000 ) ) ;
#11100 = CARTESIAN_POINT ( 'NONE',  ( -22.04999999999999005, -12.69999999999999751, 21.50000000000000000 ) ) ;
#11101 = VERTEX_POINT ( 'NONE', #11656 ) ;
#11102 = SURFACE_SIDE_STYLE ('',( #3624 ) ) ;
#11103 = SURFACE_STYLE_USAGE ( .BOTH. , #1917 ) ;
#11104 = VERTEX_POINT ( 'NONE', #197 ) ;
#11105 = EDGE_CURVE ( 'NONE', #6310, #8121, #4126, .T. ) ;
#11106 = LINE ( 'NONE', #1006, #1014 ) ;
#11107 = CARTESIAN_POINT ( 'NONE',  ( 0.5567373671960460513, -12.70999999999999730, 1.085587322965344104 ) ) ;
#11108 =( LENGTH_UNIT ( ) NAMED_UNIT ( * ) SI_UNIT ( .MILLI., .METRE. ) );
#11109 = DIRECTION ( 'NONE',  ( -1.000000000000000000, 0.000000000000000000, 0.000000000000000000 ) ) ;
#11110 = FILL_AREA_STYLE_COLOUR ( '', #5348 ) ;
#11111 = CARTESIAN_POINT ( 'NONE',  ( 0.2941984933271434288, -12.70999999999999730, 1.112274442814796815 ) ) ;
#11112 = ORIENTED_EDGE ( 'NONE', *, *, #2617, .T. ) ;
#11113 = CARTESIAN_POINT ( 'NONE',  ( 1.771694492416410416, -12.69999999999999751, 1.685527640680424488 ) ) ;
#11114 = FILL_AREA_STYLE ('',( #5429 ) ) ;
#11115 = FILL_AREA_STYLE_COLOUR ( '', #10644 ) ;
#11116 = CARTESIAN_POINT ( 'NONE',  ( 1.327891155132578049, -12.70999999999999730, 2.838965755845903161 ) ) ;
#11117 = DIRECTION ( 'NONE',  ( 0.000000000000000000, 0.000000000000000000, -1.000000000000000000 ) ) ;
#11118 = ADVANCED_FACE ( 'NONE', ( #5012 ), #316, .F. ) ;
#11119 = EDGE_CURVE ( 'NONE', #1528, #7772, #8709, .T. ) ;
#11120 =( GEOMETRIC_REPRESENTATION_CONTEXT ( 3 ) GLOBAL_UNCERTAINTY_ASSIGNED_CONTEXT ( ( #2399 ) ) GLOBAL_UNIT_ASSIGNED_CONTEXT ( ( #4305, #7399, #6468 ) ) REPRESENTATION_CONTEXT ( 'NONE', 'WORKASPACE' ) );
#11121 = DIRECTION ( 'NONE',  ( -0.9398440417738210817, 0.000000000000000000, -0.3416038306902427490 ) ) ;
#11122 = DIRECTION ( 'NONE',  ( 8.673617379884030739E-15, 1.000000000000000000, 0.000000000000000000 ) ) ;
#11123 = CARTESIAN_POINT ( 'NONE',  ( -1.900449446328667413, -12.70999999999999730, 3.020858839633884685 ) ) ;
#11124 = B_SPLINE_CURVE_WITH_KNOTS ( 'NONE', 3,
 ( #12048, #6389, #6504, #6452 ),
 .UNSPECIFIED., .F., .F.,
 ( 4, 4 ),
 ( 9.000000000000000000, 10.00000000000000000 ),
 .UNSPECIFIED. ) ;
#11125 = VERTEX_POINT ( 'NONE', #3943 ) ;
#11126 = ORIENTED_EDGE ( 'NONE', *, *, #3024, .F. ) ;
#11127 = CARTESIAN_POINT ( 'NONE',  ( -22.04999999999999716, -11.89999999999999680, 20.69999999999999929 ) ) ;
#11128 = CARTESIAN_POINT ( 'NONE',  ( 1.514354408125495155, -12.69999999999999751, 2.161043594408120772 ) ) ;
#11129 = EDGE_CURVE ( 'NONE', #3284, #11977, #1264, .T. ) ;
#11130 = ORIENTED_EDGE ( 'NONE', *, *, #2707, .F. ) ;
#11131 = ORIENTED_EDGE ( 'NONE', *, *, #10890, .T. ) ;
#11132 = CARTESIAN_POINT ( 'NONE',  ( 1.280582169938624615, -12.69999999999999751, 0.9985942439642949697 ) ) ;
#11134 = ORIENTED_EDGE ( 'NONE', *, *, #1405, .T. ) ;
#11133 =( NAMED_UNIT ( * ) SI_UNIT ( $, .STERADIAN. ) SOLID_ANGLE_UNIT ( ) );
#11135 = ORIENTED_EDGE ( 'NONE', *, *, #2057, .F. ) ;
#11136 = DIRECTION ( 'NONE',  ( -0.000000000000000000, 1.000000000000000000, -0.000000000000000000 ) ) ;
#11137 = CARTESIAN_POINT ( 'NONE',  ( 2.558444649096109025, -12.69999999999999751, 1.117126646423376668 ) ) ;
#11138 = CARTESIAN_POINT ( 'NONE',  ( 1.715374271948743479, -12.69999999999999751, 2.309035804494934396 ) ) ;
#11139 = SURFACE_STYLE_FILL_AREA ( #7388 ) ;
#11140 = ORIENTED_EDGE ( 'NONE', *, *, #2877, .T. ) ;
#11141 = CARTESIAN_POINT ( 'NONE',  ( 0.9892766603854027396, -12.69999999999999751, 1.242937354297596997 ) ) ;
#11142 = CARTESIAN_POINT ( 'NONE',  ( -2.141447308090255852, -12.70999999999999730, 3.020858839633884685 ) ) ;
#11143 = CARTESIAN_POINT ( 'NONE',  ( -1.726931059406025426, -12.70999999999999730, 1.088056061844491662 ) ) ;
#11144 = ORIENTED_EDGE ( 'NONE', *, *, #6513, .F. ) ;
#11145 = CARTESIAN_POINT ( 'NONE',  ( -1.365434266760180870, -12.70999999999999730, 1.083236178157049645 ) ) ;
#11146 = SURFACE_STYLE_USAGE ( .BOTH. , #11383 ) ;
#11147 = EDGE_CURVE ( 'NONE', #2539, #8420, #6290, .T. ) ;
#11148 = VERTEX_POINT ( 'NONE', #2997 ) ;
#11149 = CARTESIAN_POINT ( 'NONE',  ( 0.4037196605124874216, -12.70999999999999730, 1.307748931081419652 ) ) ;
#11150 = UNCERTAINTY_MEASURE_WITH_UNIT (LENGTH_MEASURE( 1.000000000000000082E-05 ), #5256, 'distance_accuracy_value', 'NONE');
#11151 = CARTESIAN_POINT ( 'NONE',  ( 0.2526081766733467848, -12.69999999999999751, 1.215210476532994077 ) ) ;
#11152 = ORIENTED_EDGE ( 'NONE', *, *, #8923, .T. ) ;
#11153 = SURFACE_STYLE_FILL_AREA ( #1678 ) ;
#11154 = SURFACE_STYLE_FILL_AREA ( #881 ) ;
#11155 = LINE ( 'NONE', #7214, #7103 ) ;
#11156 = FILL_AREA_STYLE ('',( #4636 ) ) ;
#11157 = PLANE ( 'NONE',  #8801 ) ;
#11158 = CARTESIAN_POINT ( 'NONE',  ( 1.200174224411630020, -12.70999999999999730, 0.8575337533163209791 ) ) ;
#11159 = ORIENTED_EDGE ( 'NONE', *, *, #27, .F. ) ;
#11160 = PLANE ( 'NONE',  #3742 ) ;
#11161 = EDGE_CURVE ( 'NONE', #4552, #1662, #11287, .T. ) ;
#11162 = CARTESIAN_POINT ( 'NONE',  ( 0.3633423947619750516, -12.69999999999999751, 1.165648682518300117 ) ) ;
#11163 = PRESENTATION_LAYER_ASSIGNMENT (  '', '', ( #2689 ) ) ;
#11164 = CARTESIAN_POINT ( 'NONE',  ( 1.771694492416408639, -12.70999999999999730, 1.162875994744636765 ) ) ;
#11165 = CARTESIAN_POINT ( 'NONE',  ( -1.225655433392526916, -12.70999999999999730, 2.389444423432443010 ) ) ;
#11166 = CARTESIAN_POINT ( 'NONE',  ( 22.85000000000000142, 11.89999999999999503, 21.50000000000000000 ) ) ;
#11167 = FACE_OUTER_BOUND ( 'NONE', #1453, .T. ) ;
#11168 = LINE ( 'NONE', #11052, #4773 ) ;
#11169 = VECTOR ( 'NONE', #11869, 1000.000000000000000 ) ;
#11170 = CARTESIAN_POINT ( 'NONE',  ( 1.055301288070226162, -12.69999999999999751, 1.297351351920866147 ) ) ;
#11171 =( GEOMETRIC_REPRESENTATION_CONTEXT ( 3 ) GLOBAL_UNCERTAINTY_ASSIGNED_CONTEXT ( ( #1012 ) ) GLOBAL_UNIT_ASSIGNED_CONTEXT ( ( #1949, #5634, #9230 ) ) REPRESENTATION_CONTEXT ( 'NONE', 'WORKASPACE' ) );
#11172 = DIRECTION ( 'NONE',  ( -0.000000000000000000, -0.000000000000000000, -1.000000000000000000 ) ) ;
#11173 = ORIENTED_EDGE ( 'NONE', *, *, #11349, .T. ) ;
#11174 = LINE ( 'NONE', #5739, #6486 ) ;
#11175 = ORIENTED_EDGE ( 'NONE', *, *, #4332, .F. ) ;
#11176 = VECTOR ( 'NONE', #9663, 1000.000000000000000 ) ;
#11177 =( LENGTH_UNIT ( ) NAMED_UNIT ( * ) SI_UNIT ( .MILLI., .METRE. ) );
#11178 =( NAMED_UNIT ( * ) SI_UNIT ( $, .STERADIAN. ) SOLID_ANGLE_UNIT ( ) );
#11179 = B_SPLINE_SURFACE_WITH_KNOTS ( 'NONE', 3, 1, ( 
 ( #8791, #11738 ),
 ( #7919, #11684 ),
 ( #9908, #9846 ),
 ( #7053, #5220 ) ),
 .UNSPECIFIED., .F., .F., .F.,
 ( 4, 4 ),
 ( 2, 2 ),
 ( 19.00000000000000000, 20.00000000000000000 ),
 ( 0.000000000000000000, 1.000000000000000000 ),
 .UNSPECIFIED. ) ;
#11180 = STYLED_ITEM ( 'NONE', ( #6786 ), #1728 ) ;
#11181 = EDGE_CURVE ( 'NONE', #8753, #3243, #6827, .T. ) ;
#11182 = EDGE_CURVE ( 'NONE', #5113, #4416, #11585, .T. ) ;
#11183 = ORIENTED_EDGE ( 'NONE', *, *, #11333, .T. ) ;
#11184 = VECTOR ( 'NONE', #9740, 1000.000000000000000 ) ;
#11185 = FILL_AREA_STYLE ('',( #7133 ) ) ;
#11186 = EDGE_LOOP ( 'NONE', ( #12113, #7228, #8416, #6092, #1459, #314, #11175, #2853, #6640, #8293, #517, #219, #9287, #8869 ) ) ;
#11187 = DIRECTION ( 'NONE',  ( -0.000000000000000000, 1.000000000000000000, -0.000000000000000000 ) ) ;
#11188 = DIRECTION ( 'NONE',  ( -0.000000000000000000, -0.000000000000000000, -1.000000000000000000 ) ) ;
#11189 = CARTESIAN_POINT ( 'NONE',  ( 3.070525422880872934, -12.69999999999999751, 1.676862991373792244 ) ) ;
#11190 = PRESENTATION_LAYER_ASSIGNMENT (  '', '', ( #10987 ) ) ;
#11191 = DIRECTION ( 'NONE',  ( -2.915501640297156255E-16, 1.000000000000000000, 0.000000000000000000 ) ) ;
#11192 = COLOUR_RGB ( '',1.000000000000000000, 1.000000000000000000, 1.000000000000000000 ) ;
#11193 = B_SPLINE_CURVE_WITH_KNOTS ( 'NONE', 3,
 ( #8049, #10028, #4095, #7142 ),
 .UNSPECIFIED., .F., .F.,
 ( 4, 4 ),
 ( 2.000000000000000000, 3.000000000000000000 ),
 .UNSPECIFIED. ) ;
#11194 = MECHANICAL_DESIGN_GEOMETRIC_PRESENTATION_REPRESENTATION (  '', ( #11386 ), #5294 ) ;
#11195 = DIRECTION ( 'NONE',  ( -0.000000000000000000, 1.000000000000000000, -0.000000000000000000 ) ) ;
#11196 = COLOUR_RGB ( '',0.7529411764705882248, 0.7529411764705882248, 0.7529411764705882248 ) ;
#11197 = SURFACE_STYLE_USAGE ( .BOTH. , #8244 ) ;
#11198 = CARTESIAN_POINT ( 'NONE',  ( 0.5978078048899569952, -12.69999999999999751, 2.771381491283765097 ) ) ;
#11199 = ORIENTED_EDGE ( 'NONE', *, *, #11679, .F. ) ;
#11200 = DIRECTION ( 'NONE',  ( -0.000000000000000000, 1.000000000000000000, -0.000000000000000000 ) ) ;
#11201 = MECHANICAL_DESIGN_GEOMETRIC_PRESENTATION_REPRESENTATION (  '', ( #10614 ), #6853 ) ;
#11202 = EDGE_CURVE ( 'NONE', #9952, #4618, #2227, .T. ) ;
#11203 = CARTESIAN_POINT ( 'NONE',  ( 2.361583816938017666, -12.70999999999999730, 2.346467089485896551 ) ) ;
#11204 = STYLED_ITEM ( 'NONE', ( #4092 ), #10560 ) ;
#11205 = MECHANICAL_DESIGN_GEOMETRIC_PRESENTATION_REPRESENTATION (  '', ( #1570 ), #3499 ) ;
#11206 = STYLED_ITEM ( 'NONE', ( #2210 ), #9502 ) ;
#11207 = CARTESIAN_POINT ( 'NONE',  ( -3.515135212069099513, -12.70999999999999730, 1.208554992726440958 ) ) ;
#11208 = SURFACE_STYLE_USAGE ( .BOTH. , #2745 ) ;
#11209 = PRESENTATION_LAYER_ASSIGNMENT (  '', '', ( #11583 ) ) ;
#11210 = EDGE_CURVE ( 'NONE', #5227, #7052, #9748, .T. ) ;
#11211 = PRESENTATION_STYLE_ASSIGNMENT (( #10298 ) ) ;
#11212 = VERTEX_POINT ( 'NONE', #5197 ) ;
#11213 = PRESENTATION_LAYER_ASSIGNMENT (  '', '', ( #6299 ) ) ;
#11214 = CARTESIAN_POINT ( 'NONE',  ( 3.074337868569708476, -12.69999999999999751, 1.654334903189493167 ) ) ;
#11215 = FILL_AREA_STYLE_COLOUR ( '', #1844 ) ;
#11216 = LINE ( 'NONE', #2581, #1400 ) ;
#11217 = CARTESIAN_POINT ( 'NONE',  ( -1.047317162782429367, -12.70999999999999730, 1.753210123538929910 ) ) ;
#11218 = ORIENTED_EDGE ( 'NONE', *, *, #201, .T. ) ;
#11219 = PRESENTATION_STYLE_ASSIGNMENT (( #7411 ) ) ;
#11220 = CARTESIAN_POINT ( 'NONE',  ( 0.3387347907427868399, -12.70999999999999730, 1.222142195971842815 ) ) ;
#11221 = CARTESIAN_POINT ( 'NONE',  ( 0.6995307877048747569, -12.70999999999999730, 2.189117058149032236 ) ) ;
#11222 = EDGE_CURVE ( 'NONE', #39, #7170, #7348, .T. ) ;
#11223 = CARTESIAN_POINT ( 'NONE',  ( 3.376387543262116431, -12.70999999999999730, 1.085587322965344104 ) ) ;
#11224 = STYLED_ITEM ( 'NONE', ( #2822 ), #3996 ) ;
#11225 = UNCERTAINTY_MEASURE_WITH_UNIT (LENGTH_MEASURE( 1.000000000000000082E-05 ), #8485, 'distance_accuracy_value', 'NONE');
#11226 = STYLED_ITEM ( 'NONE', ( #9796 ), #4913 ) ;
#11227 = DIRECTION ( 'NONE',  ( 0.000000000000000000, 0.000000000000000000, -1.000000000000000000 ) ) ;
#11228 = CARTESIAN_POINT ( 'NONE',  ( 2.527425204591026375, -12.70999999999999730, 2.161043594408120772 ) ) ;
#11229 = FILL_AREA_STYLE ('',( #5380 ) ) ;
#11230 = DIRECTION ( 'NONE',  ( 0.000000000000000000, 0.000000000000000000, -1.000000000000000000 ) ) ;
#11231 = FILL_AREA_STYLE ('',( #2711 ) ) ;
#11232 = CARTESIAN_POINT ( 'NONE',  ( 0.2526081766733467848, -12.69999999999999751, 1.215210476532994077 ) ) ;
#11233 = DIRECTION ( 'NONE',  ( 0.000000000000000000, 1.000000000000000000, -0.000000000000000000 ) ) ;
#11234 = UNCERTAINTY_MEASURE_WITH_UNIT (LENGTH_MEASURE( 1.000000000000000082E-05 ), #796, 'distance_accuracy_value', 'NONE');
#11235 = PRESENTATION_LAYER_ASSIGNMENT (  '', '', ( #10057 ) ) ;
#11236 = ORIENTED_EDGE ( 'NONE', *, *, #8590, .F. ) ;
#11237 = SURFACE_SIDE_STYLE ('',( #4651 ) ) ;
#11238 = CARTESIAN_POINT ( 'NONE',  ( 1.513834529167924270, -12.70999999999999730, 2.238332266187399888 ) ) ;
#11239 = CARTESIAN_POINT ( 'NONE',  ( 0.8534149593200154316, -12.70999999999999730, 1.482081675050595404 ) ) ;
#11240 = STYLED_ITEM ( 'NONE', ( #1836 ), #3617 ) ;
#11241 = ORIENTED_EDGE ( 'NONE', *, *, #11541, .F. ) ;
#11242 = VECTOR ( 'NONE', #11085, 1000.000000000000114 ) ;
#11243 = ORIENTED_EDGE ( 'NONE', *, *, #1255, .T. ) ;
#11244 =( NAMED_UNIT ( * ) PLANE_ANGLE_UNIT ( ) SI_UNIT ( $, .RADIAN. ) );
#11245 =( GEOMETRIC_REPRESENTATION_CONTEXT ( 3 ) GLOBAL_UNCERTAINTY_ASSIGNED_CONTEXT ( ( #10787 ) ) GLOBAL_UNIT_ASSIGNED_CONTEXT ( ( #6782, #9472, #3891 ) ) REPRESENTATION_CONTEXT ( 'NONE', 'WORKASPACE' ) );
#11246 = CARTESIAN_POINT ( 'NONE',  ( -1.423273790357425961, -12.70999999999999730, 2.129166751113926281 ) ) ;
#11247 = DIRECTION ( 'NONE',  ( 1.000000000000000000, -0.000000000000000000, -0.000000000000000000 ) ) ;
#11248 =( GEOMETRIC_REPRESENTATION_CONTEXT ( 3 ) GLOBAL_UNCERTAINTY_ASSIGNED_CONTEXT ( ( #10729 ) ) GLOBAL_UNIT_ASSIGNED_CONTEXT ( ( #7540, #5788, #9569 ) ) REPRESENTATION_CONTEXT ( 'NONE', 'WORKASPACE' ) );
#11249 = PRESENTATION_LAYER_ASSIGNMENT (  '', '', ( #9678 ) ) ;
#11250 = CARTESIAN_POINT ( 'NONE',  ( -1.770310564202709935, -12.70999999999999730, 1.907448975704838512 ) ) ;
#11251 = EDGE_CURVE ( 'NONE', #2377, #7304, #510, .T. ) ;
#11252 = CARTESIAN_POINT ( 'NONE',  ( 0.7972680318382018294, -12.70999999999999730, 1.341367770378939062 ) ) ;
#11253 = VERTEX_POINT ( 'NONE', #11042 ) ;
#11254 = DIRECTION ( 'NONE',  ( 1.000000000000000000, 0.000000000000000000, 0.000000000000000000 ) ) ;
#11255 = MECHANICAL_DESIGN_GEOMETRIC_PRESENTATION_REPRESENTATION (  '', ( #4372 ), #7105 ) ;
#11256 = VERTEX_POINT ( 'NONE', #6294 ) ;
#11257 = MECHANICAL_DESIGN_GEOMETRIC_PRESENTATION_REPRESENTATION (  '', ( #4374 ), #8111 ) ;
#11258 = VECTOR ( 'NONE', #4206, 1000.000000000000000 ) ;
#11259 = CARTESIAN_POINT ( 'NONE',  ( -1.047317162782429367, -12.69999999999999751, 1.753210123538929910 ) ) ;
#11260 = ADVANCED_FACE ( 'NONE', ( #4255 ), #3839, .F. ) ;
#11261 = ORIENTED_EDGE ( 'NONE', *, *, #10927, .T. ) ;
#11262 =( LENGTH_UNIT ( ) NAMED_UNIT ( * ) SI_UNIT ( .MILLI., .METRE. ) );
#11263 = CARTESIAN_POINT ( 'NONE',  ( 1.521286127568937330, -12.70999999999999730, 2.838965755845903161 ) ) ;
#11264 = VECTOR ( 'NONE', #9154, 1000.000000000000000 ) ;
#11265 = ORIENTED_EDGE ( 'NONE', *, *, #10596, .F. ) ;
#11266 = VECTOR ( 'NONE', #4030, 1000.000000000000000 ) ;
#11267 = UNCERTAINTY_MEASURE_WITH_UNIT (LENGTH_MEASURE( 1.000000000000000082E-05 ), #9810, 'distance_accuracy_value', 'NONE');
#11268 = EDGE_CURVE ( 'NONE', #8451, #9694, #8070, .T. ) ;
#11269 = FILL_AREA_STYLE_COLOUR ( '', #1679 ) ;
#11270 = UNCERTAINTY_MEASURE_WITH_UNIT (LENGTH_MEASURE( 1.000000000000000082E-05 ), #1593, 'distance_accuracy_value', 'NONE');
#11271 = LINE ( 'NONE', #2806, #102 ) ;
#11272 = VECTOR ( 'NONE', #1489, 1000.000000000000000 ) ;
#11273 = EDGE_LOOP ( 'NONE', ( #7506, #9328 ) ) ;
#11274 = CARTESIAN_POINT ( 'NONE',  ( 0.5118544838086782622, -12.69999999999999751, 2.149606257327805636 ) ) ;
#11275 =( GEOMETRIC_REPRESENTATION_CONTEXT ( 3 ) GLOBAL_UNCERTAINTY_ASSIGNED_CONTEXT ( ( #9430 ) ) GLOBAL_UNIT_ASSIGNED_CONTEXT ( ( #1146, #4952, #11588 ) ) REPRESENTATION_CONTEXT ( 'NONE', 'WORKASPACE' ) );
#11276 = CARTESIAN_POINT ( 'NONE',  ( 2.928251881327281758, -12.70999999999999730, 1.271010818038490475 ) ) ;
#11277 = ORIENTED_EDGE ( 'NONE', *, *, #596, .F. ) ;
#11278 = LINE ( 'NONE', #887, #8042 ) ;
#11279 = FACE_OUTER_BOUND ( 'NONE', #8303, .T. ) ;
#11281 = PRESENTATION_LAYER_ASSIGNMENT (  '', '', ( #6946 ) ) ;
#11280 =( LENGTH_UNIT ( ) NAMED_UNIT ( * ) SI_UNIT ( .MILLI., .METRE. ) );
#11282 = CARTESIAN_POINT ( 'NONE',  ( 2.048789977113333549, -12.70999999999999730, 1.162875994744636765 ) ) ;
#11284 = EDGE_CURVE ( 'NONE', #1992, #7894, #3036, .T. ) ;
#11283 = SURFACE_STYLE_FILL_AREA ( #7479 ) ;
#11285 = CARTESIAN_POINT ( 'NONE',  ( 0.4035463675266408590, -12.69999999999999751, 1.580858677103661680 ) ) ;
#11286 =( LENGTH_UNIT ( ) NAMED_UNIT ( * ) SI_UNIT ( .MILLI., .METRE. ) );
#11287 = B_SPLINE_CURVE_WITH_KNOTS ( 'NONE', 3,
 ( #5791, #4010, #10567, #3055 ),
 .UNSPECIFIED., .F., .F.,
 ( 4, 4 ),
 ( 16.00000000000000000, 17.00000000000000000 ),
 .UNSPECIFIED. ) ;
#11288 = FACE_OUTER_BOUND ( 'NONE', #6561, .T. ) ;
#11289 = PRESENTATION_STYLE_ASSIGNMENT (( #12032 ) ) ;
#11290 = PRESENTATION_LAYER_ASSIGNMENT (  '', '', ( #1671 ) ) ;
#11291 = CARTESIAN_POINT ( 'NONE',  ( 2.221563084205162575, -12.70999999999999730, 2.752319262821193657 ) ) ;
#11292 = CARTESIAN_POINT ( 'NONE',  ( 0.6416509303622058846, -12.69999999999999751, 1.519859546013268226 ) ) ;
#11293 = ADVANCED_FACE ( 'NONE', ( #10051, #8895, #9017, #7166, #449 ), #9993, .T. ) ;
#11294 = CARTESIAN_POINT ( 'NONE',  ( 3.279690057048559648, -12.70999999999999730, 1.085587322965344104 ) ) ;
#11295 = VERTEX_POINT ( 'NONE', #6536 ) ;
#11296 = ORIENTED_EDGE ( 'NONE', *, *, #3008, .F. ) ;
#11297 = EDGE_LOOP ( 'NONE', ( #327, #9081, #1156, #5103 ) ) ;
#11298 = LINE ( 'NONE', #11482, #5164 ) ;
#11299 = EDGE_CURVE ( 'NONE', #7000, #10583, #11278, .T. ) ;
#11300 = EDGE_LOOP ( 'NONE', ( #633, #7975, #8322, #11916 ) ) ;
#11301 = CARTESIAN_POINT ( 'NONE',  ( 0.8509888575134295641, -12.70999999999999730, 1.412417894658188677 ) ) ;
#11302 = PRESENTATION_STYLE_ASSIGNMENT (( #9581 ) ) ;
#11303 = CARTESIAN_POINT ( 'NONE',  ( -1.461833411466664900, -12.70999999999999730, 2.129166751113926281 ) ) ;
#11304 = SURFACE_STYLE_FILL_AREA ( #7552 ) ;
#11305 = CARTESIAN_POINT ( 'NONE',  ( 1.145413640818973677, -12.69999999999999751, 0.8644654727597896882 ) ) ;
#11306 = B_SPLINE_SURFACE_WITH_KNOTS ( 'NONE', 3, 1, ( 
 ( #3146, #1653 ),
 ( #7978, #3404 ),
 ( #6068, #10901 ),
 ( #7189, #11009 ) ),
 .UNSPECIFIED., .F., .F., .F.,
 ( 4, 4 ),
 ( 2, 2 ),
 ( 11.00000000000000000, 12.00000000000000000 ),
 ( 0.000000000000000000, 1.000000000000000000 ),
 .UNSPECIFIED. ) ;
#11307 = CARTESIAN_POINT ( 'NONE',  ( -22.85000000000000142, 11.89999999999999503, 21.50000000000000000 ) ) ;
#11308 = B_SPLINE_CURVE_WITH_KNOTS ( 'NONE', 3,
 ( #12161, #4606, #6392, #9410 ),
 .UNSPECIFIED., .F., .F.,
 ( 4, 4 ),
 ( 8.000000000000000000, 9.000000000000000000 ),
 .UNSPECIFIED. ) ;
#11309 = VECTOR ( 'NONE', #8276, 1000.000000000000000 ) ;
#11310 = SURFACE_STYLE_USAGE ( .BOTH. , #1105 ) ;
#11311 = ADVANCED_FACE ( 'NONE', ( #3685 ), #947, .T. ) ;
#11312 = DIRECTION ( 'NONE',  ( -0.000000000000000000, 1.000000000000000000, -0.000000000000000000 ) ) ;
#11313 = STYLED_ITEM ( 'NONE', ( #6483 ), #5550 ) ;
#11314 = EDGE_LOOP ( 'NONE', ( #6453, #2697, #8919, #3913 ) ) ;
#11315 = FILL_AREA_STYLE ('',( #11376 ) ) ;
#11316 = CARTESIAN_POINT ( 'NONE',  ( -2.141447308090255852, -12.70999999999999730, 3.020858839633884685 ) ) ;
#11317 = CARTESIAN_POINT ( 'NONE',  ( -1.047317162782429367, -12.69999999999999751, 1.555591858505118497 ) ) ;
#11318 = CARTESIAN_POINT ( 'NONE',  ( 0.5567373671960460513, -12.70999999999999730, 1.393355666195626119 ) ) ;
#11319 = B_SPLINE_CURVE_WITH_KNOTS ( 'NONE', 3,
 ( #33, #8736, #7685, #6678 ),
 .UNSPECIFIED., .F., .F.,
 ( 4, 4 ),
 ( 1.000000000000000000, 2.000000000000000000 ),
 .UNSPECIFIED. ) ;
#11320 = PLANE ( 'NONE',  #424 ) ;
#11321 = VERTEX_POINT ( 'NONE', #12132 ) ;
#11322 = DIRECTION ( 'NONE',  ( -0.000000000000000000, 1.000000000000000000, -0.000000000000000000 ) ) ;
#11323 = DIRECTION ( 'NONE',  ( -1.000000000000000000, 0.000000000000000000, -0.000000000000000000 ) ) ;
#11324 =( GEOMETRIC_REPRESENTATION_CONTEXT ( 3 ) GLOBAL_UNCERTAINTY_ASSIGNED_CONTEXT ( ( #8818 ) ) GLOBAL_UNIT_ASSIGNED_CONTEXT ( ( #6354, #4381, #1482 ) ) REPRESENTATION_CONTEXT ( 'NONE', 'WORKASPACE' ) );
#11325 = CARTESIAN_POINT ( 'NONE',  ( 0.3387347907427868399, -12.70999999999999730, 1.248482729854191398 ) ) ;
#11326 = ORIENTED_EDGE ( 'NONE', *, *, #3594, .T. ) ;
#11327 = VERTEX_POINT ( 'NONE', #4694 ) ;
#11328 = CARTESIAN_POINT ( 'NONE',  ( 0.8447503100156967815, -12.70999999999999730, 1.466138720333415968 ) ) ;
#11329 = PLANE ( 'NONE',  #9370 ) ;
#11330 = CARTESIAN_POINT ( 'NONE',  ( 0.5210390120705497008, -12.70999999999999730, 1.102916621569366429 ) ) ;
#11331 = ORIENTED_EDGE ( 'NONE', *, *, #6793, .F. ) ;
#11332 = LINE ( 'NONE', #10649, #5514 ) ;
#11333 = EDGE_CURVE ( 'NONE', #3655, #12112, #10290, .T. ) ;
#11334 = CARTESIAN_POINT ( 'NONE',  ( -22.04999999999999005, -12.69999999999999751, 21.50000000000000000 ) ) ;
#11335 = ORIENTED_EDGE ( 'NONE', *, *, #1293, .F. ) ;
#11336 = CARTESIAN_POINT ( 'NONE',  ( 22.05000000000000426, 11.90000000000000036, 0.000000000000000000 ) ) ;
#11337 = EDGE_LOOP ( 'NONE', ( #10963, #1416, #12006, #11547 ) ) ;
#11338 = CARTESIAN_POINT ( 'NONE',  ( 0.3550243314316907650, -12.70999999999999730, 2.696172335339371173 ) ) ;
#11339 = VERTEX_POINT ( 'NONE', #10111 ) ;
#11340 = CARTESIAN_POINT ( 'NONE',  ( 1.060500077652813067, -12.69999999999999751, 1.476882885470318429 ) ) ;
#11341 = PRESENTATION_STYLE_ASSIGNMENT (( #3569 ) ) ;
#11342 = B_SPLINE_CURVE_WITH_KNOTS ( 'NONE', 3,
 ( #11043, #6366, #4394, #4202 ),
 .UNSPECIFIED., .F., .F.,
 ( 4, 4 ),
 ( 9.000000000000000000, 10.00000000000000000 ),
 .UNSPECIFIED. ) ;
#11343 = MECHANICAL_DESIGN_GEOMETRIC_PRESENTATION_REPRESENTATION (  '', ( #4054 ), #10168 ) ;
#11344 = FACE_OUTER_BOUND ( 'NONE', #4693, .T. ) ;
#11345 = UNCERTAINTY_MEASURE_WITH_UNIT (LENGTH_MEASURE( 1.000000000000000082E-05 ), #8639, 'distance_accuracy_value', 'NONE');
#11346 = CARTESIAN_POINT ( 'NONE',  ( 0.2941984933271434288, -12.69999999999999751, 1.112274442814796815 ) ) ;
#11347 = CARTESIAN_POINT ( 'NONE',  ( 0.5397546545637254001, -12.70999999999999730, 2.771381491283765097 ) ) ;
#11348 = ORIENTED_EDGE ( 'NONE', *, *, #1326, .F. ) ;
#11349 = EDGE_CURVE ( 'NONE', #5705, #4246, #6848, .T. ) ;
#11350 = DIRECTION ( 'NONE',  ( 1.000000000000000000, 0.000000000000000000, 0.000000000000000000 ) ) ;
#11351 = SURFACE_STYLE_FILL_AREA ( #8470 ) ;
#11352 = UNCERTAINTY_MEASURE_WITH_UNIT (LENGTH_MEASURE( 1.000000000000000082E-05 ), #20, 'distance_accuracy_value', 'NONE');
#11353 = DIRECTION ( 'NONE',  ( 1.457750820148578128E-16, 1.000000000000000000, -0.000000000000000000 ) ) ;
#11354 = ORIENTED_EDGE ( 'NONE', *, *, #10609, .T. ) ;
#11355 = VERTEX_POINT ( 'NONE', #9446 ) ;
#11356 = DIRECTION ( 'NONE',  ( -0.000000000000000000, 1.000000000000000000, -0.000000000000000000 ) ) ;
#11357 = SURFACE_STYLE_FILL_AREA ( #3826 ) ;
#11358 = ADVANCED_FACE ( 'NONE', ( #3625 ), #2094, .F. ) ;
#11359 = CARTESIAN_POINT ( 'NONE',  ( 2.363316746801205070, -12.70999999999999730, 1.085587322965344104 ) ) ;
#11360 =( NAMED_UNIT ( * ) SI_UNIT ( $, .STERADIAN. ) SOLID_ANGLE_UNIT ( ) );
#11361 = CARTESIAN_POINT ( 'NONE',  ( 0.8509888575134295641, -12.69999999999999751, 1.412417894658188677 ) ) ;
#11362 = DIRECTION ( 'NONE',  ( -0.000000000000000000, 1.000000000000000000, -0.000000000000000000 ) ) ;
#11363 = STYLED_ITEM ( 'NONE', ( #10720 ), #1591 ) ;
#11364 = FILL_AREA_STYLE ('',( #2070 ) ) ;
#11365 = SURFACE_SIDE_STYLE ('',( #3068 ) ) ;
#11366 = LINE ( 'NONE', #11189, #6833 ) ;
#11367 = B_SPLINE_CURVE_WITH_KNOTS ( 'NONE', 3,
 ( #10461, #8726, #272, #6618 ),
 .UNSPECIFIED., .F., .F.,
 ( 4, 4 ),
 ( 26.00000000000000000, 27.00000000000000000 ),
 .UNSPECIFIED. ) ;
#11368 =( NAMED_UNIT ( * ) SI_UNIT ( $, .STERADIAN. ) SOLID_ANGLE_UNIT ( ) );
#11369 = SURFACE_STYLE_USAGE ( .BOTH. , #7499 ) ;
#11370 = CARTESIAN_POINT ( 'NONE',  ( 1.199827638437622745, -12.70999999999999730, 2.161043594408120772 ) ) ;
#11371 = ORIENTED_EDGE ( 'NONE', *, *, #5358, .T. ) ;
#11372 =( GEOMETRIC_REPRESENTATION_CONTEXT ( 3 ) GLOBAL_UNCERTAINTY_ASSIGNED_CONTEXT ( ( #2820 ) ) GLOBAL_UNIT_ASSIGNED_CONTEXT ( ( #4271, #1573, #10815 ) ) REPRESENTATION_CONTEXT ( 'NONE', 'WORKASPACE' ) );
#11373 = SURFACE_STYLE_FILL_AREA ( #3842 ) ;
#11374 = ADVANCED_FACE ( 'NONE', ( #1130 ), #8580, .F. ) ;
#11375 = ORIENTED_EDGE ( 'NONE', *, *, #4662, .T. ) ;
#11376 = FILL_AREA_STYLE_COLOUR ( '', #5952 ) ;
#11377 = DIRECTION ( 'NONE',  ( 1.000000000000000000, -0.000000000000000000, -0.000000000000000000 ) ) ;
#11378 = LINE ( 'NONE', #8666, #2945 ) ;
#11379 = MECHANICAL_DESIGN_GEOMETRIC_PRESENTATION_REPRESENTATION (  '', ( #2887 ), #767 ) ;
#11380 = FILL_AREA_STYLE_COLOUR ( '', #5727 ) ;
#11381 = ORIENTED_EDGE ( 'NONE', *, *, #4894, .T. ) ;
#11382 = CARTESIAN_POINT ( 'NONE',  ( 22.05000000000000426, 11.90000000000000036, 21.50000000000000000 ) ) ;
#11383 = SURFACE_SIDE_STYLE ('',( #3851 ) ) ;
#11384 = DIRECTION ( 'NONE',  ( -0.000000000000000000, -0.000000000000000000, 1.000000000000000000 ) ) ;
#11385 = UNCERTAINTY_MEASURE_WITH_UNIT (LENGTH_MEASURE( 1.000000000000000082E-05 ), #3442, 'distance_accuracy_value', 'NONE');
#11386 = STYLED_ITEM ( 'NONE', ( #7207 ), #10331 ) ;
#11387 = UNCERTAINTY_MEASURE_WITH_UNIT (LENGTH_MEASURE( 1.000000000000000082E-05 ), #238, 'distance_accuracy_value', 'NONE');
#11388 = PRESENTATION_LAYER_ASSIGNMENT (  '', '', ( #3083 ) ) ;
#11389 =( NAMED_UNIT ( * ) SI_UNIT ( $, .STERADIAN. ) SOLID_ANGLE_UNIT ( ) );
#11390 = B_SPLINE_SURFACE_WITH_KNOTS ( 'NONE', 3, 1, ( 
 ( #6872, #1912 ),
 ( #6753, #11510 ),
 ( #11330, #4923 ),
 ( #8680, #237 ) ),
 .UNSPECIFIED., .F., .F., .F.,
 ( 4, 4 ),
 ( 2, 2 ),
 ( 6.000000000000000000, 7.000000000000000000 ),
 ( 0.000000000000000000, 1.000000000000000000 ),
 .UNSPECIFIED. ) ;
#11391 = DIRECTION ( 'NONE',  ( 0.000000000000000000, 0.000000000000000000, -1.000000000000000000 ) ) ;
#11392 = AXIS2_PLACEMENT_3D ( 'NONE', #11890, #3370, #8884 ) ;
#11393 = PRESENTATION_STYLE_ASSIGNMENT (( #1639 ) ) ;
#11394 = AXIS2_PLACEMENT_3D ( 'NONE', #1171, #480, #10710 ) ;
#11395 = COLOUR_RGB ( '',1.000000000000000000, 1.000000000000000000, 1.000000000000000000 ) ;
#11396 = MECHANICAL_DESIGN_GEOMETRIC_PRESENTATION_REPRESENTATION (  '', ( #3072 ), #2723 ) ;
#11397 = CARTESIAN_POINT ( 'NONE',  ( 0.1919556315546779024, -12.70999999999999730, 2.487180994157543790 ) ) ;
#11398 = ORIENTED_EDGE ( 'NONE', *, *, #1198, .F. ) ;
#11399 = ORIENTED_EDGE ( 'NONE', *, *, #7128, .F. ) ;
#11400 = ORIENTED_EDGE ( 'NONE', *, *, #8360, .T. ) ;
#11401 = ORIENTED_EDGE ( 'NONE', *, *, #4795, .T. ) ;
#11402 = VECTOR ( 'NONE', #4909, 1000.000000000000000 ) ;
#11403 = PRESENTATION_STYLE_ASSIGNMENT (( #4874 ) ) ;
#11404 = EDGE_CURVE ( 'NONE', #9243, #5461, #5049, .T. ) ;
#11405 = FILL_AREA_STYLE_COLOUR ( '', #11909 ) ;
#11406 = EDGE_LOOP ( 'NONE', ( #8569, #3208, #4603, #9794 ) ) ;
#11407 = ADVANCED_FACE ( 'NONE', ( #1979 ), #3041, .F. ) ;
#11408 = VECTOR ( 'NONE', #9273, 1000.000000000000000 ) ;
#11409 = CARTESIAN_POINT ( 'NONE',  ( 0.1366751690044200052, -12.69999999999999751, 1.390929564389012718 ) ) ;
#11410 = SURFACE_STYLE_USAGE ( .BOTH. , #126 ) ;
#11411 = ADVANCED_FACE ( 'NONE', ( #7816 ), #1606, .F. ) ;
#11412 = CARTESIAN_POINT ( 'NONE',  ( 0.5978078048899569952, -12.70999999999999730, 2.771381491283765097 ) ) ;
#11413 = EDGE_CURVE ( 'NONE', #7674, #10830, #6160, .T. ) ;
#11414 = CARTESIAN_POINT ( 'NONE',  ( -22.04999999999999716, 12.70000000000000107, 21.50000000000000000 ) ) ;
#11415 = MECHANICAL_DESIGN_GEOMETRIC_PRESENTATION_REPRESENTATION (  '', ( #2344 ), #6094 ) ;
#11416 = CARTESIAN_POINT ( 'NONE',  ( 0.1919556315546779024, -12.70999999999999730, 2.487180994157543790 ) ) ;
#11417 = CARTESIAN_POINT ( 'NONE',  ( 1.200174224411630020, -12.69999999999999751, 0.8575337533163209791 ) ) ;
#11418 = CARTESIAN_POINT ( 'NONE',  ( -3.823612456736237952, -12.69999999999999751, 1.849609268245413496 ) ) ;
#11419 = ORIENTED_EDGE ( 'NONE', *, *, #10529, .T. ) ;
#11420 = FILL_AREA_STYLE_COLOUR ( '', #7659 ) ;
#11421 = CARTESIAN_POINT ( 'NONE',  ( 0.7567174731018394551, -12.69999999999999751, 1.190256286537485275 ) ) ;
#11422 = PLANE ( 'NONE',  #469 ) ;
#11423 = EDGE_CURVE ( 'NONE', #11739, #11917, #8962, .T. ) ;
#11424 = CARTESIAN_POINT ( 'NONE',  ( 0.1559106904551700312, -12.70999999999999730, 1.763509484403121608 ) ) ;
#11425 = ORIENTED_EDGE ( 'NONE', *, *, #7275, .F. ) ;
#11426 = VERTEX_POINT ( 'NONE', #10920 ) ;
#11427 =( NAMED_UNIT ( * ) PLANE_ANGLE_UNIT ( ) SI_UNIT ( $, .RADIAN. ) );
#11428 = DIRECTION ( 'NONE',  ( -0.000000000000000000, 1.000000000000000000, -0.000000000000000000 ) ) ;
#11429 = AXIS2_PLACEMENT_3D ( 'NONE', #5139, #2416, #9948 ) ;
#11430 =( NAMED_UNIT ( * ) SI_UNIT ( $, .STERADIAN. ) SOLID_ANGLE_UNIT ( ) );
#11431 = CARTESIAN_POINT ( 'NONE',  ( 0.3387347907427868399, -12.69999999999999751, 1.248482729854191398 ) ) ;
#11432 = ORIENTED_EDGE ( 'NONE', *, *, #2544, .T. ) ;
#11433 = CARTESIAN_POINT ( 'NONE',  ( 2.212551848931451737, -12.69999999999999751, 2.715927735749983807 ) ) ;
#11434 = CARTESIAN_POINT ( 'NONE',  ( 2.636773078785899393, -12.69999999999999751, 1.430786951181954203 ) ) ;
#11435 = LINE ( 'NONE', #1787, #3703 ) ;
#11436 = DIRECTION ( 'NONE',  ( 0.000000000000000000, -0.000000000000000000, -1.000000000000000000 ) ) ;
#11437 = MECHANICAL_DESIGN_GEOMETRIC_PRESENTATION_REPRESENTATION (  '', ( #1025 ), #2565 ) ;
#11438 = EDGE_CURVE ( 'NONE', #7045, #3994, #7611, .T. ) ;
#11439 = STYLED_ITEM ( 'NONE', ( #9606 ), #7605 ) ;
#11440 = PRESENTATION_LAYER_ASSIGNMENT (  '', '', ( #10465 ) ) ;
#11441 = SURFACE_STYLE_FILL_AREA ( #2908 ) ;
#11442 = VECTOR ( 'NONE', #8594, 1000.000000000000000 ) ;
#11443 = CARTESIAN_POINT ( 'NONE',  ( 2.863093718571758206, -12.70999999999999730, 1.085587322965344104 ) ) ;
#11444 = VERTEX_POINT ( 'NONE', #11824 ) ;
#11445 = COLOUR_RGB ( '',1.000000000000000000, 1.000000000000000000, 1.000000000000000000 ) ;
#11446 = FILL_AREA_STYLE ('',( #6748 ) ) ;
#11447 = CARTESIAN_POINT ( 'NONE',  ( 0.5203458401248410858, -12.70999999999999730, 1.183324567098666957 ) ) ;
#11448 = COLOUR_RGB ( '',1.000000000000000000, 1.000000000000000000, 1.000000000000000000 ) ;
#11449 = PRESENTATION_LAYER_ASSIGNMENT (  '', '', ( #9914 ) ) ;
#11450 = COLOUR_RGB ( '',1.000000000000000000, 1.000000000000000000, 1.000000000000000000 ) ;
#11451 = EDGE_CURVE ( 'NONE', #11540, #11552, #8796, .T. ) ;
#11452 = COLOUR_RGB ( '',1.000000000000000000, 1.000000000000000000, 1.000000000000000000 ) ;
#11453 = PRESENTATION_STYLE_ASSIGNMENT (( #2203 ) ) ;
#11454 = CARTESIAN_POINT ( 'NONE',  ( 0.6995307877048746459, -12.69999999999999751, 2.731177518523737469 ) ) ;
#11455 = B_SPLINE_CURVE_WITH_KNOTS ( 'NONE', 3,
 ( #9913, #8174, #6393, #11927 ),
 .UNSPECIFIED., .F., .F.,
 ( 4, 4 ),
 ( 5.000000000000000000, 6.000000000000000000 ),
 .UNSPECIFIED. ) ;
#11456 = VECTOR ( 'NONE', #6222, 999.9999999999998863 ) ;
#11457 = CARTESIAN_POINT ( 'NONE',  ( -3.519955003823156847, -12.69999999999999751, 2.124347051293271615 ) ) ;
#11458 = VECTOR ( 'NONE', #4325, 1000.000000000000114 ) ;
#11459 = CARTESIAN_POINT ( 'NONE',  ( 0.1919556315546779024, -12.70999999999999730, 2.596355575371172453 ) ) ;
#11460 = ADVANCED_FACE ( 'NONE', ( #3166 ), #5237, .T. ) ;
#11461 = B_SPLINE_CURVE_WITH_KNOTS ( 'NONE', 3,
 ( #10968, #6215, #6086, #1473 ),
 .UNSPECIFIED., .F., .F.,
 ( 4, 4 ),
 ( 35.00000000000000000, 36.00000000000000000 ),
 .UNSPECIFIED. ) ;
#11462 = CARTESIAN_POINT ( 'NONE',  ( -2.295685976389368665, -12.69999999999999751, 0.9820171497631016155 ) ) ;
#11463 = DIRECTION ( 'NONE',  ( -0.000000000000000000, -0.000000000000000000, 1.000000000000000000 ) ) ;
#11464 = DIRECTION ( 'NONE',  ( -0.000000000000000000, -0.000000000000000000, 1.000000000000000000 ) ) ;
#11465 = ORIENTED_EDGE ( 'NONE', *, *, #8399, .F. ) ;
#11466 = VECTOR ( 'NONE', #11195, 1000.000000000000000 ) ;
#11467 = UNCERTAINTY_MEASURE_WITH_UNIT (LENGTH_MEASURE( 1.000000000000000082E-05 ), #11262, 'distance_accuracy_value', 'NONE');
#11468 = SURFACE_SIDE_STYLE ('',( #192 ) ) ;
#11469 = B_SPLINE_CURVE_WITH_KNOTS ( 'NONE', 3,
 ( #6102, #10798, #5196, #7021 ),
 .UNSPECIFIED., .F., .F.,
 ( 4, 4 ),
 ( 9.000000000000000000, 10.00000000000000000 ),
 .UNSPECIFIED. ) ;
#11470 =( GEOMETRIC_REPRESENTATION_CONTEXT ( 3 ) GLOBAL_UNCERTAINTY_ASSIGNED_CONTEXT ( ( #2470 ) ) GLOBAL_UNIT_ASSIGNED_CONTEXT ( ( #4657, #11244, #1706 ) ) REPRESENTATION_CONTEXT ( 'NONE', 'WORKASPACE' ) );
#11471 = SURFACE_STYLE_FILL_AREA ( #8576 ) ;
#11472 = CARTESIAN_POINT ( 'NONE',  ( -1.649811633320760862, -12.70999999999999730, 1.083236178157049645 ) ) ;
#11473 = EDGE_CURVE ( 'NONE', #4836, #3905, #1019, .T. ) ;
#11474 = CARTESIAN_POINT ( 'NONE',  ( 2.014131379900668151, -12.70999999999999730, 1.390929564389012718 ) ) ;
#11475 = FACE_OUTER_BOUND ( 'NONE', #8857, .T. ) ;
#11476 = PRESENTATION_STYLE_ASSIGNMENT (( #9628 ) ) ;
#11477 = CARTESIAN_POINT ( 'NONE',  ( 0.9227321537406988350, -12.70999999999999730, 2.238332266187399888 ) ) ;
#11478 = UNCERTAINTY_MEASURE_WITH_UNIT (LENGTH_MEASURE( 1.000000000000000082E-05 ), #3606, 'distance_accuracy_value', 'NONE');
#11479 = ORIENTED_EDGE ( 'NONE', *, *, #10289, .T. ) ;
#11480 = SURFACE_SIDE_STYLE ('',( #5792 ) ) ;
#11481 = EDGE_LOOP ( 'NONE', ( #3716, #2269, #1686, #11622 ) ) ;
#11482 = CARTESIAN_POINT ( 'NONE',  ( 2.766396232353575790, -12.70999999999999730, 1.085587322965344104 ) ) ;
#11483 = CARTESIAN_POINT ( 'NONE',  ( 2.626548792611196781, -12.70999999999999730, 1.673743717628395355 ) ) ;
#11484 = FILL_AREA_STYLE ('',( #2837 ) ) ;
#11485 = FILL_AREA_STYLE_COLOUR ( '', #1040 ) ;
#11486 = EDGE_CURVE ( 'NONE', #4124, #1446, #2868, .T. ) ;
#11487 = ADVANCED_FACE ( 'NONE', ( #555 ), #1995, .T. ) ;
#11488 = CARTESIAN_POINT ( 'NONE',  ( 2.516161160496580340, -12.70999999999999730, 1.186443840844054742 ) ) ;
#11489 = LINE ( 'NONE', #10687, #2131 ) ;
#11490 = ORIENTED_EDGE ( 'NONE', *, *, #8500, .F. ) ;
#11491 = SURFACE_STYLE_USAGE ( .BOTH. , #10625 ) ;
#11492 = CARTESIAN_POINT ( 'NONE',  ( 0.4132507747437730306, -12.69999999999999751, 1.373253679813293271 ) ) ;
#11493 = DIRECTION ( 'NONE',  ( -0.000000000000000000, 0.000000000000000000, -1.000000000000000000 ) ) ;
#11494 = FILL_AREA_STYLE ('',( #10395 ) ) ;
#11495 = B_SPLINE_CURVE_WITH_KNOTS ( 'NONE', 3,
 ( #5030, #8788, #11682, #10826 ),
 .UNSPECIFIED., .F., .F.,
 ( 4, 4 ),
 ( 9.000000000000000000, 10.00000000000000000 ),
 .UNSPECIFIED. ) ;
#11496 = ORIENTED_EDGE ( 'NONE', *, *, #2816, .T. ) ;
#11497 =( NAMED_UNIT ( * ) PLANE_ANGLE_UNIT ( ) SI_UNIT ( $, .RADIAN. ) );
#11498 = DIRECTION ( 'NONE',  ( 0.000000000000000000, 0.000000000000000000, -1.000000000000000000 ) ) ;
#11499 = FACE_OUTER_BOUND ( 'NONE', #7220, .T. ) ;
#11500 = DIRECTION ( 'NONE',  ( -0.000000000000000000, -0.000000000000000000, -1.000000000000000000 ) ) ;
#11501 = ORIENTED_EDGE ( 'NONE', *, *, #4679, .T. ) ;
#11502 =( LENGTH_UNIT ( ) NAMED_UNIT ( * ) SI_UNIT ( .MILLI., .METRE. ) );
#11503 = CARTESIAN_POINT ( 'NONE',  ( 1.060500077652813067, -12.70999999999999730, 1.476882885470318429 ) ) ;
#11505 = EDGE_CURVE ( 'NONE', #8839, #4575, #11435, .T. ) ;
#11504 = UNCERTAINTY_MEASURE_WITH_UNIT (LENGTH_MEASURE( 1.000000000000000082E-05 ), #4506, 'distance_accuracy_value', 'NONE');
#11506 = PRESENTATION_LAYER_ASSIGNMENT (  '', '', ( #5606 ) ) ;
#11507 = UNCERTAINTY_MEASURE_WITH_UNIT (LENGTH_MEASURE( 1.000000000000000082E-05 ), #3328, 'distance_accuracy_value', 'NONE');
#11508 = B_SPLINE_SURFACE_WITH_KNOTS ( 'NONE', 3, 1, ( 
 ( #3017, #2597 ),
 ( #10884, #1511 ),
 ( #2425, #4462 ),
 ( #657, #3393 ) ),
 .UNSPECIFIED., .F., .F., .F.,
 ( 4, 4 ),
 ( 2, 2 ),
 ( 5.000000000000000000, 6.000000000000000000 ),
 ( 0.000000000000000000, 1.000000000000000000 ),
 .UNSPECIFIED. ) ;
#11509 = CARTESIAN_POINT ( 'NONE',  ( 0.8963916198606550756, -12.70999999999999730, 1.143467180305729691 ) ) ;
#11510 = CARTESIAN_POINT ( 'NONE',  ( 0.4714772180581660033, -12.69999999999999751, 1.074149985885020087 ) ) ;
#11511 =( LENGTH_UNIT ( ) NAMED_UNIT ( * ) SI_UNIT ( .MILLI., .METRE. ) );
#11512 = EDGE_CURVE ( 'NONE', #899, #9480, #1174, .T. ) ;
#11513 = PRESENTATION_STYLE_ASSIGNMENT (( #113 ) ) ;
#11514 = B_SPLINE_CURVE_WITH_KNOTS ( 'NONE', 3,
 ( #9537, #3900, #7678, #4903 ),
 .UNSPECIFIED., .F., .F.,
 ( 4, 4 ),
 ( 4.000000000000000000, 5.000000000000000000 ),
 .UNSPECIFIED. ) ;
#11515 = ORIENTED_EDGE ( 'NONE', *, *, #2333, .T. ) ;
#11516 = DIRECTION ( 'NONE',  ( 0.000000000000000000, 0.000000000000000000, -1.000000000000000000 ) ) ;
#11517 = ORIENTED_EDGE ( 'NONE', *, *, #7972, .T. ) ;
#11518 = UNCERTAINTY_MEASURE_WITH_UNIT (LENGTH_MEASURE( 1.000000000000000082E-05 ), #478, 'distance_accuracy_value', 'NONE');
#11519 =( NAMED_UNIT ( * ) SI_UNIT ( $, .STERADIAN. ) SOLID_ANGLE_UNIT ( ) );
#11520 = CIRCLE ( 'NONE', #9958, 0.6500000000000012434 ) ;
#11521 = ADVANCED_FACE ( 'NONE', ( #10294 ), #813, .T. ) ;
#11522 = CARTESIAN_POINT ( 'NONE',  ( -2.777681699914856583, -12.70999999999999730, 0.7651190741792978089 ) ) ;
#11523 = FILL_AREA_STYLE ('',( #2990 ) ) ;
#11524 = SURFACE_STYLE_FILL_AREA ( #2826 ) ;
#11525 = ADVANCED_FACE ( 'NONE', ( #3609 ), #6467, .F. ) ;
#11526 = DIRECTION ( 'NONE',  ( -0.000000000000000000, 1.000000000000000000, -0.000000000000000000 ) ) ;
#11527 = DIRECTION ( 'NONE',  ( -0.000000000000000000, 1.000000000000000000, -0.000000000000000000 ) ) ;
#11528 = CARTESIAN_POINT ( 'NONE',  ( 0.1559106904551700312, -12.69999999999999751, 1.685527640680425820 ) ) ;
#11529 = DIRECTION ( 'NONE',  ( -0.000000000000000000, 1.000000000000000000, -0.000000000000000000 ) ) ;
#11530 = CARTESIAN_POINT ( 'NONE',  ( 0.9227321537406988350, -12.70999999999999730, 2.466385835831798712 ) ) ;
#11531 = CARTESIAN_POINT ( 'NONE',  ( 0.5118544838086782622, -12.70999999999999730, 2.149606257327805636 ) ) ;
#11532 = CARTESIAN_POINT ( 'NONE',  ( -22.04999999999999716, -11.89999999999999680, 20.69999999999999929 ) ) ;
#11533 = LINE ( 'NONE', #3069, #2312 ) ;
#11534 = COLOUR_RGB ( '',1.000000000000000000, 1.000000000000000000, 1.000000000000000000 ) ;
#11535 = ORIENTED_EDGE ( 'NONE', *, *, #2488, .F. ) ;
#11536 = CARTESIAN_POINT ( 'NONE',  ( 2.219483568374898574, -12.70999999999999730, 2.752319262821193213 ) ) ;
#11537 = SPHERICAL_SURFACE ( 'NONE', #4734, 0.8000000000000000444 ) ;
#11538 = DIRECTION ( 'NONE',  ( -1.000000000000000000, 0.000000000000000000, -0.000000000000000000 ) ) ;
#11539 = SURFACE_STYLE_USAGE ( .BOTH. , #10582 ) ;
#11540 = VERTEX_POINT ( 'NONE', #2294 ) ;
#11541 = EDGE_CURVE ( 'NONE', #9261, #989, #11727, .T. ) ;
#11542 = DIRECTION ( 'NONE',  ( 0.000000000000000000, -1.000000000000000000, 0.000000000000000000 ) ) ;
#11543 = ORIENTED_EDGE ( 'NONE', *, *, #8475, .T. ) ;
#11544 = STYLED_ITEM ( 'NONE', ( #2933 ), #2277 ) ;
#11545 = CARTESIAN_POINT ( 'NONE',  ( -0.7484797774236003898, -12.70999999999999730, 1.758030191093176597 ) ) ;
#11546 = CARTESIAN_POINT ( 'NONE',  ( 1.592682837819911379, -12.70999999999999730, 1.569767925995061653 ) ) ;
#11547 = ORIENTED_EDGE ( 'NONE', *, *, #5440, .T. ) ;
#11548 = VERTEX_POINT ( 'NONE', #4217 ) ;
#11549 = FACE_OUTER_BOUND ( 'NONE', #11798, .T. ) ;
#11550 = CARTESIAN_POINT ( 'NONE',  ( 2.766396232353578011, -12.69999999999999751, 1.085587322965344326 ) ) ;
#11551 = CARTESIAN_POINT ( 'NONE',  ( 0.8927524671530719935, -12.70999999999999730, 1.580858677103661680 ) ) ;
#11552 = VERTEX_POINT ( 'NONE', #1455 ) ;
#11553 = PRESENTATION_LAYER_ASSIGNMENT (  '', '', ( #2874 ) ) ;
#11554 = CARTESIAN_POINT ( 'NONE',  ( -3.621174262048271864, -12.69999999999999751, 1.324234039920944239 ) ) ;
#11555 = STYLED_ITEM ( 'NONE', ( #2642 ), #11981 ) ;
#11556 = COLOUR_RGB ( '',1.000000000000000000, 1.000000000000000000, 1.000000000000000000 ) ;
#11557 = CARTESIAN_POINT ( 'NONE',  ( 2.361583816938017666, -12.70999999999999730, 2.346467089485896551 ) ) ;
#11558 =( NAMED_UNIT ( * ) SI_UNIT ( $, .STERADIAN. ) SOLID_ANGLE_UNIT ( ) );
#11559 = ADVANCED_FACE ( 'NONE', ( #3259 ), #217, .F. ) ;
#11560 = PRESENTATION_STYLE_ASSIGNMENT (( #10718 ) ) ;
#11561 = FACE_OUTER_BOUND ( 'NONE', #2547, .T. ) ;
#11562 =( LENGTH_UNIT ( ) NAMED_UNIT ( * ) SI_UNIT ( .MILLI., .METRE. ) );
#11563 = VECTOR ( 'NONE', #7061, 1000.000000000000000 ) ;
#11564 = AXIS2_PLACEMENT_3D ( 'NONE', #2571, #9190, #2741 ) ;
#11565 = ORIENTED_EDGE ( 'NONE', *, *, #4397, .T. ) ;
#11566 =( LENGTH_UNIT ( ) NAMED_UNIT ( * ) SI_UNIT ( .MILLI., .METRE. ) );
#11567 =( NAMED_UNIT ( * ) SI_UNIT ( $, .STERADIAN. ) SOLID_ANGLE_UNIT ( ) );
#11568 = VERTEX_POINT ( 'NONE', #3136 ) ;
#11569 = EDGE_CURVE ( 'NONE', #10204, #4401, #5024, .T. ) ;
#11570 = CARTESIAN_POINT ( 'NONE',  ( 0.8352191957844155024, -12.70999999999999730, 2.161043594408120772 ) ) ;
#11571 = EDGE_CURVE ( 'NONE', #11256, #6972, #5150, .T. ) ;
#11572 = DIRECTION ( 'NONE',  ( -0.000000000000000000, -0.000000000000000000, -1.000000000000000000 ) ) ;
#11573 = VERTEX_POINT ( 'NONE', #2242 ) ;
#11574 = CARTESIAN_POINT ( 'NONE',  ( -3.235577683231577684, -12.69999999999999751, 1.092876129403349328 ) ) ;
#11575 =( GEOMETRIC_REPRESENTATION_CONTEXT ( 3 ) GLOBAL_UNCERTAINTY_ASSIGNED_CONTEXT ( ( #3944 ) ) GLOBAL_UNIT_ASSIGNED_CONTEXT ( ( #9570, #5009, #3118 ) ) REPRESENTATION_CONTEXT ( 'NONE', 'WORKASPACE' ) );
#11576 = STYLED_ITEM ( 'NONE', ( #8270 ), #11865 ) ;
#11577 = UNCERTAINTY_MEASURE_WITH_UNIT (LENGTH_MEASURE( 1.000000000000000082E-05 ), #2912, 'distance_accuracy_value', 'NONE');
#11578 = STYLED_ITEM ( 'NONE', ( #4200 ), #11260 ) ;
#11579 = PRESENTATION_STYLE_ASSIGNMENT (( #8823 ) ) ;
#11580 = FACE_OUTER_BOUND ( 'NONE', #2956, .T. ) ;
#11581 = FILL_AREA_STYLE ('',( #4058 ) ) ;
#11582 = FILL_AREA_STYLE_COLOUR ( '', #9818 ) ;
#11583 = STYLED_ITEM ( 'NONE', ( #8925 ), #2732 ) ;
#11584 = FILL_AREA_STYLE ('',( #71 ) ) ;
#11585 = LINE ( 'NONE', #3120, #8254 ) ;
#11586 = ORIENTED_EDGE ( 'NONE', *, *, #9985, .F. ) ;
#11587 = ADVANCED_FACE ( 'NONE', ( #5997 ), #8916, .F. ) ;
#11588 =( NAMED_UNIT ( * ) SI_UNIT ( $, .STERADIAN. ) SOLID_ANGLE_UNIT ( ) );
#11589 = VECTOR ( 'NONE', #1292, 1000.000000000000000 ) ;
#11590 = VECTOR ( 'NONE', #1410, 1000.000000000000114 ) ;
#11591 =( GEOMETRIC_REPRESENTATION_CONTEXT ( 3 ) GLOBAL_UNCERTAINTY_ASSIGNED_CONTEXT ( ( #6895 ) ) GLOBAL_UNIT_ASSIGNED_CONTEXT ( ( #8741, #9778, #407 ) ) REPRESENTATION_CONTEXT ( 'NONE', 'WORKASPACE' ) );
#11592 = EDGE_CURVE ( 'NONE', #8267, #6323, #12022, .T. ) ;
#11593 = CARTESIAN_POINT ( 'NONE',  ( 0.000000000000000000, -12.70999999999999730, 0.000000000000000000 ) ) ;
#11594 = CARTESIAN_POINT ( 'NONE',  ( 1.517820267842606929, -12.70999999999999730, 2.760983912123202266 ) ) ;
#11595 = DIRECTION ( 'NONE',  ( 0.000000000000000000, 0.000000000000000000, 1.000000000000000000 ) ) ;
#11596 = ORIENTED_EDGE ( 'NONE', *, *, #9096, .F. ) ;
#11597 = PRESENTATION_LAYER_ASSIGNMENT (  '', '', ( #3907 ) ) ;
#11598 = CARTESIAN_POINT ( 'NONE',  ( -3.823612456736237952, -12.69999999999999751, 1.849609268245413496 ) ) ;
#11599 = CARTESIAN_POINT ( 'NONE',  ( 1.145413640818973677, -12.70999999999999730, 0.8644654727597896882 ) ) ;
#11600 = FILL_AREA_STYLE_COLOUR ( '', #231 ) ;
#11601 = EDGE_CURVE ( 'NONE', #2377, #3450, #4405, .T. ) ;
#11602 = FACE_OUTER_BOUND ( 'NONE', #10585, .T. ) ;
#11603 = CARTESIAN_POINT ( 'NONE',  ( -1.640171865943553797, -12.69999999999999751, 1.382073379651379552 ) ) ;
#11604 = ORIENTED_EDGE ( 'NONE', *, *, #7386, .T. ) ;
#11605 = DIRECTION ( 'NONE',  ( -0.000000000000000000, 1.000000000000000000, -0.000000000000000000 ) ) ;
#11606 = DIRECTION ( 'NONE',  ( 0.000000000000000000, 0.000000000000000000, -1.000000000000000000 ) ) ;
#11607 = B_SPLINE_CURVE_WITH_KNOTS ( 'NONE', 3,
 ( #11599, #2234, #9829, #5990 ),
 .UNSPECIFIED., .F., .F.,
 ( 4, 4 ),
 ( 2.000000000000000000, 3.000000000000000000 ),
 .UNSPECIFIED. ) ;
#11608 = DIRECTION ( 'NONE',  ( -0.000000000000000000, 0.000000000000000000, 1.000000000000000000 ) ) ;
#11609 = ORIENTED_EDGE ( 'NONE', *, *, #1644, .F. ) ;
#11610 = FACE_OUTER_BOUND ( 'NONE', #11758, .T. ) ;
#11611 = FILL_AREA_STYLE_COLOUR ( '', #4723 ) ;
#11612 = VECTOR ( 'NONE', #321, 1000.000000000000000 ) ;
#11613 =( NAMED_UNIT ( * ) SI_UNIT ( $, .STERADIAN. ) SOLID_ANGLE_UNIT ( ) );
#11614 = ORIENTED_EDGE ( 'NONE', *, *, #6471, .T. ) ;
#11615 = DIRECTION ( 'NONE',  ( -1.000000000000000000, -0.000000000000000000, -0.000000000000000000 ) ) ;
#11616 = COLOUR_RGB ( '',1.000000000000000000, 1.000000000000000000, 1.000000000000000000 ) ;
#11618 = ORIENTED_EDGE ( 'NONE', *, *, #10263, .T. ) ;
#11617 = LINE ( 'NONE', #7190, #1226 ) ;
#11619 = DIRECTION ( 'NONE',  ( -0.000000000000000000, 0.000000000000000000, 1.000000000000000000 ) ) ;
#11620 = FACE_OUTER_BOUND ( 'NONE', #2411, .T. ) ;
#11621 = ADVANCED_FACE ( 'NONE', ( #1513 ), #2655, .F. ) ;
#11622 = ORIENTED_EDGE ( 'NONE', *, *, #8852, .T. ) ;
#11623 = UNCERTAINTY_MEASURE_WITH_UNIT (LENGTH_MEASURE( 1.000000000000000082E-05 ), #2427, 'distance_accuracy_value', 'NONE');
#11624 = LINE ( 'NONE', #3275, #9946 ) ;
#11625 = DIRECTION ( 'NONE',  ( -0.000000000000000000, 1.000000000000000000, -0.000000000000000000 ) ) ;
#11626 = STYLED_ITEM ( 'NONE', ( #4676 ), #4091 ) ;
#11627 = DIRECTION ( 'NONE',  ( -0.000000000000000000, 1.000000000000000000, -0.000000000000000000 ) ) ;
#11628 = FACE_OUTER_BOUND ( 'NONE', #1090, .T. ) ;
#11629 = PRESENTATION_LAYER_ASSIGNMENT (  '', '', ( #2188 ) ) ;
#11630 = FILL_AREA_STYLE ('',( #2446 ) ) ;
#11631 = VERTEX_POINT ( 'NONE', #523 ) ;
#11632 = VERTEX_POINT ( 'NONE', #1575 ) ;
#11633 = SURFACE_SIDE_STYLE ('',( #6154 ) ) ;
#11634 =( GEOMETRIC_REPRESENTATION_CONTEXT ( 3 ) GLOBAL_UNCERTAINTY_ASSIGNED_CONTEXT ( ( #5535 ) ) GLOBAL_UNIT_ASSIGNED_CONTEXT ( ( #2548, #6319, #1651 ) ) REPRESENTATION_CONTEXT ( 'NONE', 'WORKASPACE' ) );
#11635 = PRESENTATION_LAYER_ASSIGNMENT (  '', '', ( #3142 ) ) ;
#11636 = VECTOR ( 'NONE', #8591, 1000.000000000000114 ) ;
#11637 = DIRECTION ( 'NONE',  ( 0.000000000000000000, 0.000000000000000000, -1.000000000000000000 ) ) ;
#11638 = EDGE_CURVE ( 'NONE', #10777, #9826, #713, .T. ) ;
#11639 = CARTESIAN_POINT ( 'NONE',  ( 1.055301288070226162, -12.70999999999999730, 1.297351351920866147 ) ) ;
#11640 = VECTOR ( 'NONE', #1752, 1000.000000000000000 ) ;
#11641 = ORIENTED_EDGE ( 'NONE', *, *, #10927, .F. ) ;
#11642 = PRESENTATION_LAYER_ASSIGNMENT (  '', '', ( #2957 ) ) ;
#11643 =( NAMED_UNIT ( * ) SI_UNIT ( $, .STERADIAN. ) SOLID_ANGLE_UNIT ( ) );
#11644 = VERTEX_POINT ( 'NONE', #4273 ) ;
#11645 = UNCERTAINTY_MEASURE_WITH_UNIT (LENGTH_MEASURE( 1.000000000000000082E-05 ), #4920, 'distance_accuracy_value', 'NONE');
#11646 = CARTESIAN_POINT ( 'NONE',  ( 0.6995307877048747569, -12.70999999999999730, 2.272990863400055961 ) ) ;
#11647 = CARTESIAN_POINT ( 'NONE',  ( 0.1366751690044208656, -12.69999999999999751, 1.390929564389013828 ) ) ;
#11648 = AXIS2_PLACEMENT_3D ( 'NONE', #11593, #4066, #8770 ) ;
#11649 = FILL_AREA_STYLE ('',( #8890 ) ) ;
#11650 = FACE_BOUND ( 'NONE', #8785, .T. ) ;
#11651 = FILL_AREA_STYLE ('',( #2276 ) ) ;
#11652 =( GEOMETRIC_REPRESENTATION_CONTEXT ( 3 ) GLOBAL_UNCERTAINTY_ASSIGNED_CONTEXT ( ( #7167 ) ) GLOBAL_UNIT_ASSIGNED_CONTEXT ( ( #8149, #11849, #8017 ) ) REPRESENTATION_CONTEXT ( 'NONE', 'WORKASPACE' ) );
#11653 = ORIENTED_EDGE ( 'NONE', *, *, #10357, .T. ) ;
#11654 = VERTEX_POINT ( 'NONE', #9168 ) ;
#11655 = DIRECTION ( 'NONE',  ( -0.000000000000000000, 1.000000000000000000, -0.000000000000000000 ) ) ;
#11656 = CARTESIAN_POINT ( 'NONE',  ( 1.359777064566932037, -12.69999999999999751, 1.165995268490024994 ) ) ;
#11657 = VERTEX_POINT ( 'NONE', #8217 ) ;
#11658 = CARTESIAN_POINT ( 'NONE',  ( -3.621174262048271864, -12.69999999999999751, 1.324234039920944239 ) ) ;
#11660 = PRESENTATION_LAYER_ASSIGNMENT (  '', '', ( #6158 ) ) ;
#11659 = LINE ( 'NONE', #7834, #4907 ) ;
#11661 = EDGE_CURVE ( 'NONE', #6595, #6008, #11061, .T. ) ;
#11662 = FACE_OUTER_BOUND ( 'NONE', #2688, .T. ) ;
#11663 = VECTOR ( 'NONE', #6422, 1000.000000000000000 ) ;
#11664 = DIRECTION ( 'NONE',  ( -1.000000000000000000, 0.000000000000000000, 0.000000000000000000 ) ) ;
#11665 = ORIENTED_EDGE ( 'NONE', *, *, #6976, .F. ) ;
#11666 = MANIFOLD_SOLID_BREP ( '͹̨-����3', #3960 ) ;
#11667 = CARTESIAN_POINT ( 'NONE',  ( 19.24999999999999645, -9.249999999999994671, -4.000000000000000000 ) ) ;
#11668 = CARTESIAN_POINT ( 'NONE',  ( -0.1057617184844371061, -12.70999999999999730, 2.838965755845903161 ) ) ;
#11669 = STYLED_ITEM ( 'NONE', ( #5760 ), #7101 ) ;
#11670 = EDGE_CURVE ( 'NONE', #7791, #2814, #1879, .T. ) ;
#11671 = DIRECTION ( 'NONE',  ( -0.000000000000000000, 1.000000000000000000, -0.000000000000000000 ) ) ;
#11672 = CARTESIAN_POINT ( 'NONE',  ( -1.630532098566337185, -12.69999999999999751, 1.382073379651379552 ) ) ;
#11673 = SURFACE_SIDE_STYLE ('',( #6188 ) ) ;
#11674 = SURFACE_STYLE_FILL_AREA ( #5078 ) ;
#11675 = CARTESIAN_POINT ( 'NONE',  ( 0.1713337662147713936, -12.69999999999999751, 1.162875994744638097 ) ) ;
#11676 = MECHANICAL_DESIGN_GEOMETRIC_PRESENTATION_REPRESENTATION (  '', ( #6377 ), #2225 ) ;
#11677 =( NAMED_UNIT ( * ) SI_UNIT ( $, .STERADIAN. ) SOLID_ANGLE_UNIT ( ) );
#11678 = ORIENTED_EDGE ( 'NONE', *, *, #9293, .F. ) ;
#11679 = EDGE_CURVE ( 'NONE', #7667, #2889, #2600, .T. ) ;
#11680 = FILL_AREA_STYLE ('',( #6923 ) ) ;
#11681 = FACE_OUTER_BOUND ( 'NONE', #5895, .T. ) ;
#11682 = CARTESIAN_POINT ( 'NONE',  ( -2.989759891813533965, -12.69999999999999751, 0.7651190741792978089 ) ) ;
#11683 = SURFACE_STYLE_USAGE ( .BOTH. , #6988 ) ;
#11684 = CARTESIAN_POINT ( 'NONE',  ( 0.7941487580881896324, -12.69999999999999751, 1.083854393102179570 ) ) ;
#11685 = ORIENTED_EDGE ( 'NONE', *, *, #6075, .F. ) ;
#11686 = FILL_AREA_STYLE ('',( #5092 ) ) ;
#11687 = CARTESIAN_POINT ( 'NONE',  ( 1.372427452548226956, -12.69999999999999751, 1.205159483339544479 ) ) ;
#11688 = FACE_OUTER_BOUND ( 'NONE', #8087, .T. ) ;
#11689 = CARTESIAN_POINT ( 'NONE',  ( 1.184404562680328565, -12.69999999999999751, 2.838965755845903161 ) ) ;
#11690 = B_SPLINE_SURFACE_WITH_KNOTS ( 'NONE', 3, 1, ( 
 ( #8917, #10116 ),
 ( #3260, #7042 ),
 ( #6371, #2189 ),
 ( #2355, #3138 ) ),
 .UNSPECIFIED., .F., .F., .F.,
 ( 4, 4 ),
 ( 2, 2 ),
 ( 21.00000000000000000, 22.00000000000000000 ),
 ( 0.000000000000000000, 1.000000000000000000 ),
 .UNSPECIFIED. ) ;
#11691 = CARTESIAN_POINT ( 'NONE',  ( 3.081096295027299536, -12.70999999999999730, 1.629380713198598674 ) ) ;
#11692 = EDGE_CURVE ( 'NONE', #10783, #10108, #10380, .T. ) ;
#11693 = CARTESIAN_POINT ( 'NONE',  ( 0.5915692573922514130, -12.70999999999999730, 2.227588101050506086 ) ) ;
#11694 = FACE_OUTER_BOUND ( 'NONE', #3261, .T. ) ;
#11695 =( LENGTH_UNIT ( ) NAMED_UNIT ( * ) SI_UNIT ( .MILLI., .METRE. ) );
#11696 = LINE ( 'NONE', #11757, #3333 ) ;
#11697 = ORIENTED_EDGE ( 'NONE', *, *, #7782, .T. ) ;
#11698 = FILL_AREA_STYLE ('',( #7993 ) ) ;
#11699 = EDGE_LOOP ( 'NONE', ( #11565, #2502, #10914, #7992 ) ) ;
#11700 = FILL_AREA_STYLE ('',( #6028 ) ) ;
#11701 = ORIENTED_EDGE ( 'NONE', *, *, #8128, .F. ) ;
#11702 = SURFACE_SIDE_STYLE ('',( #1545 ) ) ;
#11703 = EDGE_CURVE ( 'NONE', #5329, #667, #11174, .T. ) ;
#11704 = MECHANICAL_DESIGN_GEOMETRIC_PRESENTATION_REPRESENTATION (  '', ( #712 ), #6408 ) ;
#11705 = CYLINDRICAL_SURFACE ( 'NONE', #363, 0.6500000000000012434 ) ;
#11706 = CARTESIAN_POINT ( 'NONE',  ( 1.193589090939889408, -12.70999999999999730, 0.9303168074587356839 ) ) ;
#11707 = SURFACE_STYLE_USAGE ( .BOTH. , #7945 ) ;
#11708 = LINE ( 'NONE', #6962, #6712 ) ;
#11709 = ORIENTED_EDGE ( 'NONE', *, *, #2916, .F. ) ;
#11710 = CARTESIAN_POINT ( 'NONE',  ( -1.423273790357425961, -12.70999999999999730, 2.129166751113926281 ) ) ;
#11711 = CARTESIAN_POINT ( 'NONE',  ( -3.250037426229637649, -12.69999999999999751, 2.630442285191726182 ) ) ;
#11712 = UNCERTAINTY_MEASURE_WITH_UNIT (LENGTH_MEASURE( 1.000000000000000082E-05 ), #5657, 'distance_accuracy_value', 'NONE');
#11713 = EDGE_LOOP ( 'NONE', ( #11326, #4221, #3688, #10292 ) ) ;
#11714 = CARTESIAN_POINT ( 'NONE',  ( -1.394354120492200089, -12.69999999999999751, 1.377253495963938423 ) ) ;
#11715 = ORIENTED_EDGE ( 'NONE', *, *, #2980, .T. ) ;
#11716 = EDGE_LOOP ( 'NONE', ( #6985, #380, #11732, #9 ) ) ;
#11717 = DIRECTION ( 'NONE',  ( 1.000000000000000000, -0.000000000000000000, -0.000000000000000000 ) ) ;
#11718 = LINE ( 'NONE', #11164, #3974 ) ;
#11719 = CARTESIAN_POINT ( 'NONE',  ( -19.25000000000000355, 1.500000000000003109, 0.000000000000000000 ) ) ;
#11720 =( NAMED_UNIT ( * ) PLANE_ANGLE_UNIT ( ) SI_UNIT ( $, .RADIAN. ) );
#11721 =( NAMED_UNIT ( * ) SI_UNIT ( $, .STERADIAN. ) SOLID_ANGLE_UNIT ( ) );
#11722 = SURFACE_STYLE_USAGE ( .BOTH. , #7961 ) ;
#11723 = EDGE_CURVE ( 'NONE', #9101, #3896, #7661, .T. ) ;
#11724 = LINE ( 'NONE', #3254, #6700 ) ;
#11725 = CARTESIAN_POINT ( 'NONE',  ( 2.225375529898619309, -12.70999999999999730, 2.729791174632274497 ) ) ;
#11726 = CARTESIAN_POINT ( 'NONE',  ( 2.766396232353575790, -12.70999999999999730, 1.085587322965344104 ) ) ;
#11727 = LINE ( 'NONE', #1217, #4083 ) ;
#11728 = B_SPLINE_CURVE_WITH_KNOTS ( 'NONE', 3,
 ( #8827, #8765, #196, #554 ),
 .UNSPECIFIED., .F., .F.,
 ( 4, 4 ),
 ( 16.00000000000000000, 17.00000000000000000 ),
 .UNSPECIFIED. ) ;
#11729 = FACE_OUTER_BOUND ( 'NONE', #2886, .T. ) ;
#11730 = EDGE_CURVE ( 'NONE', #7000, #9303, #6497, .T. ) ;
#11731 =( NAMED_UNIT ( * ) SI_UNIT ( $, .STERADIAN. ) SOLID_ANGLE_UNIT ( ) );
#11732 = ORIENTED_EDGE ( 'NONE', *, *, #7574, .F. ) ;
#11733 = CARTESIAN_POINT ( 'NONE',  ( 0.2838009141642797162, -12.69999999999999751, 2.492379783742445287 ) ) ;
#11734 = LINE ( 'NONE', #9696, #9704 ) ;
#11735 = VECTOR ( 'NONE', #8061, 1000.000000000000000 ) ;
#11736 = FILL_AREA_STYLE ('',( #7974 ) ) ;
#11737 = VERTEX_POINT ( 'NONE', #5565 ) ;
#11738 = CARTESIAN_POINT ( 'NONE',  ( 0.7567174731018387890, -12.69999999999999751, 1.102570035597665088 ) ) ;
#11739 = VERTEX_POINT ( 'NONE', #9460 ) ;
#11740 = CARTESIAN_POINT ( 'NONE',  ( -1.789590466688415260, -12.70999999999999730, 1.232654778906526971 ) ) ;
#11741 = CARTESIAN_POINT ( 'NONE',  ( -19.90000000000000568, -9.249999999999996447, -4.000000000000000000 ) ) ;
#11742 = DIRECTION ( 'NONE',  ( 1.000000000000000000, -0.000000000000000000, -0.000000000000000000 ) ) ;
#11743 = PLANE ( 'NONE',  #1569 ) ;
#11744 = ORIENTED_EDGE ( 'NONE', *, *, #7020, .F. ) ;
#11745 = UNCERTAINTY_MEASURE_WITH_UNIT (LENGTH_MEASURE( 1.000000000000000082E-05 ), #11566, 'distance_accuracy_value', 'NONE');
#11746 = ADVANCED_FACE ( 'NONE', ( #4595 ), #73, .T. ) ;
#11747 = CARTESIAN_POINT ( 'NONE',  ( 1.029134047176034183, -12.69999999999999751, 1.112621028786494159 ) ) ;
#11748 = STYLED_ITEM ( 'NONE', ( #7714 ), #2259 ) ;
#11749 = ORIENTED_EDGE ( 'NONE', *, *, #10597, .T. ) ;
#11750 = FACE_OUTER_BOUND ( 'NONE', #340, .T. ) ;
#11751 = LINE ( 'NONE', #1348, #996 ) ;
#11752 = PRESENTATION_STYLE_ASSIGNMENT (( #1412 ) ) ;
#11753 = DIRECTION ( 'NONE',  ( -0.000000000000000000, 0.000000000000000000, 1.000000000000000000 ) ) ;
#11754 = UNCERTAINTY_MEASURE_WITH_UNIT (LENGTH_MEASURE( 1.000000000000000082E-05 ), #7788, 'distance_accuracy_value', 'NONE');
#11755 = FILL_AREA_STYLE_COLOUR ( '', #6898 ) ;
#11756 = ORIENTED_EDGE ( 'NONE', *, *, #11438, .T. ) ;
#11757 = CARTESIAN_POINT ( 'NONE',  ( -0.1057617184844371061, -12.70999999999999730, 2.838965755845903161 ) ) ;
#11758 = EDGE_LOOP ( 'NONE', ( #4201, #6982, #4258, #11922 ) ) ;
#11759 = SURFACE_STYLE_FILL_AREA ( #5965 ) ;
#11760 =( GEOMETRIC_REPRESENTATION_CONTEXT ( 3 ) GLOBAL_UNCERTAINTY_ASSIGNED_CONTEXT ( ( #893 ) ) GLOBAL_UNIT_ASSIGNED_CONTEXT ( ( #53, #3751, #1865 ) ) REPRESENTATION_CONTEXT ( 'NONE', 'WORKASPACE' ) );
#11761 = ORIENTED_EDGE ( 'NONE', *, *, #6521, .T. ) ;
#11762 = CARTESIAN_POINT ( 'NONE',  ( 0.4132507747437730306, -12.70999999999999730, 1.373253679813293271 ) ) ;
#11763 = UNCERTAINTY_MEASURE_WITH_UNIT (LENGTH_MEASURE( 1.000000000000000082E-05 ), #936, 'distance_accuracy_value', 'NONE');
#11764 = CARTESIAN_POINT ( 'NONE',  ( 2.232133956356214366, -12.70999999999999730, 2.704836984641384667 ) ) ;
#11765 = PRESENTATION_LAYER_ASSIGNMENT (  '', '', ( #6830 ) ) ;
#11766 = MECHANICAL_DESIGN_GEOMETRIC_PRESENTATION_REPRESENTATION (  '', ( #10405 ), #10209 ) ;
#11767 = CARTESIAN_POINT ( 'NONE',  ( -1.485933197642125947, -12.69999999999999751, 2.770221049609327579 ) ) ;
#11768 = CARTESIAN_POINT ( 'NONE',  ( 2.516161160496580340, -12.69999999999999751, 1.186443840844054742 ) ) ;
#11769 = ORIENTED_EDGE ( 'NONE', *, *, #3485, .T. ) ;
#11770 = EDGE_CURVE ( 'NONE', #740, #5453, #9527, .T. ) ;
#11771 = CARTESIAN_POINT ( 'NONE',  ( 0.1919556315546779024, -12.70999999999999730, 2.385631304330791735 ) ) ;
#11772 = CARTESIAN_POINT ( 'NONE',  ( -3.447655645294449567, -12.70999999999999730, 2.548503021390325696 ) ) ;
#11773 = EDGE_CURVE ( 'NONE', #7188, #10882, #9669, .T. ) ;
#11774 = CARTESIAN_POINT ( 'NONE',  ( 1.415404113091203397, -12.70999999999999730, 2.238332266187399888 ) ) ;
#11775 = ORIENTED_EDGE ( 'NONE', *, *, #3405, .F. ) ;
#11776 = B_SPLINE_CURVE_WITH_KNOTS ( 'NONE', 3,
 ( #7500, #11252, #3467, #11080 ),
 .UNSPECIFIED., .F., .F.,
 ( 4, 4 ),
 ( 4.000000000000000000, 5.000000000000000000 ),
 .UNSPECIFIED. ) ;
#11777 = DIRECTION ( 'NONE',  ( -0.000000000000000000, -0.000000000000000000, 1.000000000000000000 ) ) ;
#11778 = AXIS2_PLACEMENT_3D ( 'NONE', #2224, #4009, #4831 ) ;
#11779 = STYLED_ITEM ( 'NONE', ( #271 ), #11559 ) ;
#11780 =( NAMED_UNIT ( * ) SI_UNIT ( $, .STERADIAN. ) SOLID_ANGLE_UNIT ( ) );
#11781 = B_SPLINE_SURFACE_WITH_KNOTS ( 'NONE', 3, 1, ( 
 ( #1051, #11733 ),
 ( #7856, #10824 ),
 ( #3400, #3140 ),
 ( #4150, #3264 ) ),
 .UNSPECIFIED., .F., .F., .F.,
 ( 4, 4 ),
 ( 2, 2 ),
 ( 9.000000000000000000, 10.00000000000000000 ),
 ( 0.000000000000000000, 1.000000000000000000 ),
 .UNSPECIFIED. ) ;
#11782 = CARTESIAN_POINT ( 'NONE',  ( 1.193589090939889408, -12.69999999999999751, 0.9303168074587356839 ) ) ;
#11783 = ORIENTED_EDGE ( 'NONE', *, *, #4359, .T. ) ;
#11784 =( GEOMETRIC_REPRESENTATION_CONTEXT ( 3 ) GLOBAL_UNCERTAINTY_ASSIGNED_CONTEXT ( ( #8378 ) ) GLOBAL_UNIT_ASSIGNED_CONTEXT ( ( #9689, #3116, #9566 ) ) REPRESENTATION_CONTEXT ( 'NONE', 'WORKASPACE' ) );
#11785 = CARTESIAN_POINT ( 'NONE',  ( -3.823612456736237952, -12.70999999999999730, 1.849609268245413496 ) ) ;
#11786 = LINE ( 'NONE', #322, #2825 ) ;
#11787 = SURFACE_STYLE_USAGE ( .BOTH. , #2235 ) ;
#11788 = FACE_OUTER_BOUND ( 'NONE', #2510, .T. ) ;
#11789 = COLOUR_RGB ( '',1.000000000000000000, 1.000000000000000000, 1.000000000000000000 ) ;
#11790 = STYLED_ITEM ( 'NONE', ( #12149 ), #11666 ) ;
#11791 = VERTEX_POINT ( 'NONE', #2774 ) ;
#11792 = VECTOR ( 'NONE', #10534, 1000.000000000000000 ) ;
#11793 = EDGE_CURVE ( 'NONE', #10206, #4401, #6041, .T. ) ;
#11794 = ORIENTED_EDGE ( 'NONE', *, *, #4939, .T. ) ;
#11795 = ORIENTED_EDGE ( 'NONE', *, *, #9188, .T. ) ;
#11796 = DIRECTION ( 'NONE',  ( -0.000000000000000000, 1.000000000000000000, -0.000000000000000000 ) ) ;
#11797 = B_SPLINE_SURFACE_WITH_KNOTS ( 'NONE', 3, 1, ( 
 ( #7274, #1731 ),
 ( #5416, #1003 ),
 ( #7464, #11214 ),
 ( #12186, #8323 ) ),
 .UNSPECIFIED., .F., .F., .F.,
 ( 4, 4 ),
 ( 2, 2 ),
 ( 1.000000000000000000, 2.000000000000000000 ),
 ( 0.000000000000000000, 1.000000000000000000 ),
 .UNSPECIFIED. ) ;
#11798 = EDGE_LOOP ( 'NONE', ( #4077, #3832, #780, #5996 ) ) ;
#11799 = VECTOR ( 'NONE', #9123, 1000.000000000000227 ) ;
#11800 = ADVANCED_FACE ( 'NONE', ( #3244 ), #6831, .T. ) ;
#11801 = PRESENTATION_STYLE_ASSIGNMENT (( #10694 ) ) ;
#11802 = DIRECTION ( 'NONE',  ( 1.000000000000000000, 0.000000000000000000, 0.000000000000000000 ) ) ;
#11803 = DIRECTION ( 'NONE',  ( -0.000000000000000000, 1.000000000000000000, -0.000000000000000000 ) ) ;
#11804 = B_SPLINE_CURVE_WITH_KNOTS ( 'NONE', 3,
 ( #4627, #5469, #9252, #1911 ),
 .UNSPECIFIED., .F., .F.,
 ( 4, 4 ),
 ( 4.000000000000000000, 5.000000000000000000 ),
 .UNSPECIFIED. ) ;
#11805 = CARTESIAN_POINT ( 'NONE',  ( -3.519955003823156847, -12.69999999999999751, 1.859249403353907093 ) ) ;
#11806 = ORIENTED_EDGE ( 'NONE', *, *, #6606, .T. ) ;
#11808 = ORIENTED_EDGE ( 'NONE', *, *, #5559, .T. ) ;
#11807 = LINE ( 'NONE', #10956, #3347 ) ;
#11809 =( NAMED_UNIT ( * ) SI_UNIT ( $, .STERADIAN. ) SOLID_ANGLE_UNIT ( ) );
#11810 = ORIENTED_EDGE ( 'NONE', *, *, #10938, .T. ) ;
#11811 = EDGE_CURVE ( 'NONE', #1708, #4443, #1318, .T. ) ;
#11812 =( NAMED_UNIT ( * ) SI_UNIT ( $, .STERADIAN. ) SOLID_ANGLE_UNIT ( ) );
#11813 = VERTEX_POINT ( 'NONE', #3000 ) ;
#11814 =( NAMED_UNIT ( * ) PLANE_ANGLE_UNIT ( ) SI_UNIT ( $, .RADIAN. ) );
#11815 = SURFACE_STYLE_FILL_AREA ( #8943 ) ;
#11816 = ORIENTED_EDGE ( 'NONE', *, *, #1775, .T. ) ;
#11817 = DIRECTION ( 'NONE',  ( -1.000000000000000000, 0.000000000000000000, -0.000000000000000000 ) ) ;
#11818 = ORIENTED_EDGE ( 'NONE', *, *, #11161, .F. ) ;
#11819 = EDGE_CURVE ( 'NONE', #9480, #11321, #11659, .T. ) ;
#11820 = AXIS2_PLACEMENT_3D ( 'NONE', #1354, #11817, #7991 ) ;
#11821 = ORIENTED_EDGE ( 'NONE', *, *, #9271, .T. ) ;
#11822 = MECHANICAL_DESIGN_GEOMETRIC_PRESENTATION_REPRESENTATION (  '', ( #5335 ), #2369 ) ;
#11823 = COLOUR_RGB ( '',1.000000000000000000, 1.000000000000000000, 1.000000000000000000 ) ;
#11824 = CARTESIAN_POINT ( 'NONE',  ( 1.184404562680328565, -12.70999999999999730, 2.838965755845903161 ) ) ;
#11825 = FACE_OUTER_BOUND ( 'NONE', #4905, .T. ) ;
#11826 = VERTEX_POINT ( 'NONE', #6773 ) ;
#11827 = SURFACE_STYLE_FILL_AREA ( #5901 ) ;
#11828 = VECTOR ( 'NONE', #4740, 1000.000000000000000 ) ;
#11829 = UNCERTAINTY_MEASURE_WITH_UNIT (LENGTH_MEASURE( 1.000000000000000082E-05 ), #988, 'distance_accuracy_value', 'NONE');
#11830 = CARTESIAN_POINT ( 'NONE',  ( 0.1366751690044200052, -12.70999999999999730, 1.468564822140002502 ) ) ;
#11831 = FILL_AREA_STYLE ('',( #6169 ) ) ;
#11832 = CIRCLE ( 'NONE', #10859, 0.6500000000000012434 ) ;
#11833 = CARTESIAN_POINT ( 'NONE',  ( 2.212551848931451737, -12.70999999999999730, 2.715927735749983807 ) ) ;
#11834 = VECTOR ( 'NONE', #11527, 1000.000000000000000 ) ;
#11835 = FILL_AREA_STYLE ('',( #1492 ) ) ;
#11836 = VERTEX_POINT ( 'NONE', #8901 ) ;
#11837 = CARTESIAN_POINT ( 'NONE',  ( 2.334550111112243087, -12.69999999999999751, 2.423062589321753890 ) ) ;
#11838 = CARTESIAN_POINT ( 'NONE',  ( -3.042779255920823545, -12.69999999999999751, 2.630442285191726182 ) ) ;
#11839 = VERTEX_POINT ( 'NONE', #1148 ) ;
#11840 = DIRECTION ( 'NONE',  ( -0.000000000000000000, 1.000000000000000000, -0.000000000000000000 ) ) ;
#11841 = EDGE_LOOP ( 'NONE', ( #7186, #2193, #6920, #9542 ) ) ;
#11842 = AXIS2_PLACEMENT_3D ( 'NONE', #8537, #11075, #8292 ) ;
#11843 =( GEOMETRIC_REPRESENTATION_CONTEXT ( 3 ) GLOBAL_UNCERTAINTY_ASSIGNED_CONTEXT ( ( #3741 ) ) GLOBAL_UNIT_ASSIGNED_CONTEXT ( ( #1269, #7726, #11360 ) ) REPRESENTATION_CONTEXT ( 'NONE', 'WORKASPACE' ) );
#11844 = EDGE_CURVE ( 'NONE', #6367, #1665, #6967, .T. ) ;
#11845 =( NAMED_UNIT ( * ) SI_UNIT ( $, .STERADIAN. ) SOLID_ANGLE_UNIT ( ) );
#11846 = MECHANICAL_DESIGN_GEOMETRIC_PRESENTATION_REPRESENTATION (  '', ( #8699 ), #11245 ) ;
#11847 = AXIS2_PLACEMENT_3D ( 'NONE', #2223, #5194, #1372 ) ;
#11848 = SURFACE_STYLE_FILL_AREA ( #8085 ) ;
#11849 =( NAMED_UNIT ( * ) PLANE_ANGLE_UNIT ( ) SI_UNIT ( $, .RADIAN. ) );
#11850 = PRESENTATION_STYLE_ASSIGNMENT (( #7960 ) ) ;
#11851 = PRESENTATION_STYLE_ASSIGNMENT (( #583 ) ) ;
#11852 = ORIENTED_EDGE ( 'NONE', *, *, #5381, .T. ) ;
#11853 = VECTOR ( 'NONE', #4364, 1000.000000000000000 ) ;
#11854 = SURFACE_STYLE_FILL_AREA ( #8914 ) ;
#11855 = SURFACE_SIDE_STYLE ('',( #3449 ) ) ;
#11856 = EDGE_LOOP ( 'NONE', ( #12051, #8103, #8816, #10556 ) ) ;
#11857 = B_SPLINE_CURVE_WITH_KNOTS ( 'NONE', 3,
 ( #7651, #6652, #2103, #1989 ),
 .UNSPECIFIED., .F., .F.,
 ( 4, 4 ),
 ( 9.000000000000000000, 10.00000000000000000 ),
 .UNSPECIFIED. ) ;
#11858 = VERTEX_POINT ( 'NONE', #8832 ) ;
#11859 = VECTOR ( 'NONE', #10639, 1000.000000000000000 ) ;
#11860 = CARTESIAN_POINT ( 'NONE',  ( 0.4006003867624792769, -12.70999999999999730, 1.511888068654680728 ) ) ;
#11861 = ORIENTED_EDGE ( 'NONE', *, *, #11105, .F. ) ;
#11862 =( NAMED_UNIT ( * ) SI_UNIT ( $, .STERADIAN. ) SOLID_ANGLE_UNIT ( ) );
#11863 = STYLED_ITEM ( 'NONE', ( #4882 ), #7067 ) ;
#11864 = ADVANCED_FACE ( 'NONE', ( #10739 ), #10569, .F. ) ;
#11865 = ADVANCED_FACE ( 'NONE', ( #9997 ), #5313, .T. ) ;
#11866 = CARTESIAN_POINT ( 'NONE',  ( -1.500393032575894736, -12.69999999999999751, 2.466563757579689042 ) ) ;
#11867 = VERTEX_POINT ( 'NONE', #5424 ) ;
#11868 = CARTESIAN_POINT ( 'NONE',  ( -3.042779255920823545, -12.69999999999999751, 2.630442285191726182 ) ) ;
#11869 = DIRECTION ( 'NONE',  ( -0.000000000000000000, 1.000000000000000000, -0.000000000000000000 ) ) ;
#11870 = DIRECTION ( 'NONE',  ( -0.000000000000000000, 0.000000000000000000, 1.000000000000000000 ) ) ;
#11871 = CARTESIAN_POINT ( 'NONE',  ( -2.594523361750517232, -12.69999999999999751, 1.141075517887485180 ) ) ;
#11872 = ORIENTED_EDGE ( 'NONE', *, *, #738, .F. ) ;
#11873 = COLOUR_RGB ( '',0.2509803921568627416, 0.2509803921568627416, 0.2509803921568627416 ) ;
#11874 = PRESENTATION_STYLE_ASSIGNMENT (( #1468 ) ) ;
#11875 = ORIENTED_EDGE ( 'NONE', *, *, #9861, .T. ) ;
#11876 = CARTESIAN_POINT ( 'NONE',  ( 0.6499689936924909484, -12.70999999999999730, 2.242837883824259748 ) ) ;
#11877 = LINE ( 'NONE', #3417, #1062 ) ;
#11878 = LINE ( 'NONE', #3418, #4765 ) ;
#11879 = ORIENTED_EDGE ( 'NONE', *, *, #11670, .T. ) ;
#11880 = ORIENTED_EDGE ( 'NONE', *, *, #8692, .F. ) ;
#11881 = COLOUR_RGB ( '',1.000000000000000000, 1.000000000000000000, 1.000000000000000000 ) ;
#11882 = B_SPLINE_CURVE_WITH_KNOTS ( 'NONE', 3,
 ( #10035, #1595, #681, #12062 ),
 .UNSPECIFIED., .F., .F.,
 ( 4, 4 ),
 ( 5.000000000000000000, 6.000000000000000000 ),
 .UNSPECIFIED. ) ;
#11883 = FILL_AREA_STYLE_COLOUR ( '', #5254 ) ;
#11884 = AXIS2_PLACEMENT_3D ( 'NONE', #11532, #6783, #2182 ) ;
#11885 = EDGE_CURVE ( 'NONE', #2858, #7136, #10115, .T. ) ;
#11886 = SURFACE_STYLE_FILL_AREA ( #8129 ) ;
#11887 = CARTESIAN_POINT ( 'NONE',  ( 0.6995307877048746459, -12.69999999999999751, 2.822676215157017054 ) ) ;
#11888 =( NAMED_UNIT ( * ) SI_UNIT ( $, .STERADIAN. ) SOLID_ANGLE_UNIT ( ) );
#11889 = EDGE_CURVE ( 'NONE', #1516, #4409, #9082, .T. ) ;
#11890 = CARTESIAN_POINT ( 'NONE',  ( 1.222875605584116787, -12.70999999999999730, 1.569767925995061653 ) ) ;
#11891 = VECTOR ( 'NONE', #10837, 1000.000000000000000 ) ;
#11892 = LINE ( 'NONE', #1733, #11663 ) ;
#11893 = DIRECTION ( 'NONE',  ( -0.9345104387417472180, 0.000000000000000000, -0.3559357243698745288 ) ) ;
#11894 = FACE_BOUND ( 'NONE', #3291, .T. ) ;
#11895 = VECTOR ( 'NONE', #2969, 1000.000000000000000 ) ;
#11896 = EDGE_LOOP ( 'NONE', ( #11872, #11144, #8426, #6613 ) ) ;
#11897 = LINE ( 'NONE', #7096, #4668 ) ;
#11898 =( NAMED_UNIT ( * ) PLANE_ANGLE_UNIT ( ) SI_UNIT ( $, .RADIAN. ) );
#11899 = COLOUR_RGB ( '',1.000000000000000000, 1.000000000000000000, 1.000000000000000000 ) ;
#11900 = ORIENTED_EDGE ( 'NONE', *, *, #1283, .F. ) ;
#11901 = FACE_OUTER_BOUND ( 'NONE', #11406, .T. ) ;
#11902 = ORIENTED_EDGE ( 'NONE', *, *, #143, .F. ) ;
#11903 = VERTEX_POINT ( 'NONE', #8205 ) ;
#11904 = CIRCLE ( 'NONE', #10727, 0.6500000000000012434 ) ;
#11905 = CARTESIAN_POINT ( 'NONE',  ( -2.416184815337920622, -12.70999999999999730, 1.570051969239089740 ) ) ;
#11906 = CARTESIAN_POINT ( 'NONE',  ( 0.4281539715458249074, -12.69999999999999751, 1.143813766277427035 ) ) ;
#11907 = PRESENTATION_STYLE_ASSIGNMENT (( #9267 ) ) ;
#11908 = SURFACE_STYLE_USAGE ( .BOTH. , #10249 ) ;
#11909 = COLOUR_RGB ( '',0.7529411764705882248, 0.7529411764705882248, 0.7529411764705882248 ) ;
#11910 = CARTESIAN_POINT ( 'NONE',  ( -1.394354120492199423, -12.70999999999999730, 1.377253495963937757 ) ) ;
#11911 =( NAMED_UNIT ( * ) PLANE_ANGLE_UNIT ( ) SI_UNIT ( $, .RADIAN. ) );
#11912 = ORIENTED_EDGE ( 'NONE', *, *, #6955, .T. ) ;
#11913 = CARTESIAN_POINT ( 'NONE',  ( 2.269218655370840665, -12.70999999999999730, 2.838965755845903161 ) ) ;
#11914 = ORIENTED_EDGE ( 'NONE', *, *, #6865, .T. ) ;
#11915 = ORIENTED_EDGE ( 'NONE', *, *, #5851, .F. ) ;
#11916 = ORIENTED_EDGE ( 'NONE', *, *, #11090, .T. ) ;
#11917 = VERTEX_POINT ( 'NONE', #5199 ) ;
#11918 = B_SPLINE_CURVE_WITH_KNOTS ( 'NONE', 3,
 ( #11170, #7485, #3637, #1820 ),
 .UNSPECIFIED., .F., .F.,
 ( 4, 4 ),
 ( 15.00000000000000000, 16.00000000000000000 ),
 .UNSPECIFIED. ) ;
#11919 = SURFACE_STYLE_USAGE ( .BOTH. , #8162 ) ;
#11920 = CARTESIAN_POINT ( 'NONE',  ( 2.564336610619806667, -12.70999999999999730, 1.233579533052162169 ) ) ;
#11921 = SURFACE_SIDE_STYLE ('',( #9107 ) ) ;
#11922 = ORIENTED_EDGE ( 'NONE', *, *, #4321, .T. ) ;
#11923 = SURFACE_STYLE_USAGE ( .BOTH. , #10704 ) ;
#11925 = ORIENTED_EDGE ( 'NONE', *, *, #7680, .T. ) ;
#11924 = CARTESIAN_POINT ( 'NONE',  ( 3.279690057048561869, -12.69999999999999751, 1.085587322965344326 ) ) ;
#11926 = DIRECTION ( 'NONE',  ( -0.000000000000000000, -0.000000000000000000, -1.000000000000000000 ) ) ;
#11927 = CARTESIAN_POINT ( 'NONE',  ( 0.5567373671960460513, -12.69999999999999751, 1.282101569147112707 ) ) ;
#11928 = CARTESIAN_POINT ( 'NONE',  ( -2.782501675538016084, -12.69999999999999751, 1.054316140560536796 ) ) ;
#11929 = EDGE_CURVE ( 'NONE', #1662, #1106, #9247, .T. ) ;
#11930 = B_SPLINE_CURVE_WITH_KNOTS ( 'NONE', 3,
 ( #5632, #4605, #1892, #973 ),
 .UNSPECIFIED., .F., .F.,
 ( 4, 4 ),
 ( 27.00000000000000000, 28.00000000000000000 ),
 .UNSPECIFIED. ) ;
#11931 = ORIENTED_EDGE ( 'NONE', *, *, #3047, .T. ) ;
#11932 = ORIENTED_EDGE ( 'NONE', *, *, #12118, .F. ) ;
#11933 = DIRECTION ( 'NONE',  ( -1.000000000000000000, 0.000000000000000000, 0.000000000000000000 ) ) ;
#11934 = CARTESIAN_POINT ( 'NONE',  ( 1.280582169938624615, -12.69999999999999751, 0.9985942439642949697 ) ) ;
#11935 =( NAMED_UNIT ( * ) PLANE_ANGLE_UNIT ( ) SI_UNIT ( $, .RADIAN. ) );
#11936 = LINE ( 'NONE', #9185, #6695 ) ;
#11937 = EDGE_CURVE ( 'NONE', #12005, #12072, #98, .T. ) ;
#11938 = VERTEX_POINT ( 'NONE', #6300 ) ;
#11939 = EDGE_CURVE ( 'NONE', #736, #8929, #8633, .T. ) ;
#11940 = CARTESIAN_POINT ( 'NONE',  ( 0.5870636397553690156, -12.70999999999999730, 2.149606257327805636 ) ) ;
#11941 = VECTOR ( 'NONE', #2058, 1000.000000000000000 ) ;
#11942 = ORIENTED_EDGE ( 'NONE', *, *, #10615, .F. ) ;
#11943 = CARTESIAN_POINT ( 'NONE',  ( -3.515135212069099513, -12.69999999999999751, 1.208554992726440958 ) ) ;
#11944 = CARTESIAN_POINT ( 'NONE',  ( 0.3612628789294233811, -12.70999999999999730, 1.283487913033960037 ) ) ;
#11945 = ADVANCED_FACE ( 'NONE', ( #10802 ), #513, .F. ) ;
#11946 = CARTESIAN_POINT ( 'NONE',  ( 0.6572472991076564464, -12.70999999999999730, 2.841045271680787465 ) ) ;
#11947 = UNCERTAINTY_MEASURE_WITH_UNIT (LENGTH_MEASURE( 1.000000000000000082E-05 ), #9194, 'distance_accuracy_value', 'NONE');
#11948 =( NAMED_UNIT ( * ) PLANE_ANGLE_UNIT ( ) SI_UNIT ( $, .RADIAN. ) );
#11949 = AXIS2_PLACEMENT_3D ( 'NONE', #5689, #2844, #7498 ) ;
#11950 =( NAMED_UNIT ( * ) SI_UNIT ( $, .STERADIAN. ) SOLID_ANGLE_UNIT ( ) );
#11951 = PLANE ( 'NONE',  #11049 ) ;
#11952 = CARTESIAN_POINT ( 'NONE',  ( -22.85000000000000142, 11.89999999999999503, 20.69999999999999929 ) ) ;
#11953 = ORIENTED_EDGE ( 'NONE', *, *, #2759, .T. ) ;
#11954 = CARTESIAN_POINT ( 'NONE',  ( 0.2999171618649956184, -12.70999999999999730, 1.535802500730442999 ) ) ;
#11955 = CARTESIAN_POINT ( 'NONE',  ( -2.690922506454690666, -12.70999999999999730, 2.538863116110706919 ) ) ;
#11956 = ORIENTED_EDGE ( 'NONE', *, *, #7965, .F. ) ;
#11957 =( NAMED_UNIT ( * ) SI_UNIT ( $, .STERADIAN. ) SOLID_ANGLE_UNIT ( ) );
#11958 = ORIENTED_EDGE ( 'NONE', *, *, #7081, .F. ) ;
#11959 = SURFACE_STYLE_USAGE ( .BOTH. , #709 ) ;
#11960 = STYLED_ITEM ( 'NONE', ( #720 ), #1926 ) ;
#11961 = FILL_AREA_STYLE ('',( #332 ) ) ;
#11962 =( NAMED_UNIT ( * ) PLANE_ANGLE_UNIT ( ) SI_UNIT ( $, .RADIAN. ) );
#11963 = PRESENTATION_LAYER_ASSIGNMENT (  '', '', ( #8424 ) ) ;
#11964 = VECTOR ( 'NONE', #9584, 1000.000000000000000 ) ;
#11965 = FILL_AREA_STYLE_COLOUR ( '', #7911 ) ;
#11966 = PRESENTATION_STYLE_ASSIGNMENT (( #10185 ) ) ;
#11967 = CARTESIAN_POINT ( 'NONE',  ( 2.033366901353705014, -12.69999999999999751, 1.685527640680428041 ) ) ;
#11968 = SURFACE_STYLE_USAGE ( .BOTH. , #9209 ) ;
#11969 = MECHANICAL_DESIGN_GEOMETRIC_PRESENTATION_REPRESENTATION (  '', ( #5083 ), #6646 ) ;
#11970 = EDGE_CURVE ( 'NONE', #12140, #3790, #5610, .T. ) ;
#11971 = CARTESIAN_POINT ( 'NONE',  ( 0.2526081766733467848, -12.70999999999999730, 1.171887230018347381 ) ) ;
#11972 = CARTESIAN_POINT ( 'NONE',  ( -1.722111175716264375, -12.70999999999999730, 1.382073379651379552 ) ) ;
#11973 =( GEOMETRIC_REPRESENTATION_CONTEXT ( 3 ) GLOBAL_UNCERTAINTY_ASSIGNED_CONTEXT ( ( #6685 ) ) GLOBAL_UNIT_ASSIGNED_CONTEXT ( ( #7198, #11814, #9236 ) ) REPRESENTATION_CONTEXT ( 'NONE', 'WORKASPACE' ) );
#11974 = PRESENTATION_LAYER_ASSIGNMENT (  '', '', ( #7051 ) ) ;
#11975 = STYLED_ITEM ( 'NONE', ( #7677 ), #11487 ) ;
#11976 = CARTESIAN_POINT ( 'NONE',  ( 2.361583816938017666, -12.70999999999999730, 2.346467089485896551 ) ) ;
#11977 = VERTEX_POINT ( 'NONE', #10179 ) ;
#11978 = CARTESIAN_POINT ( 'NONE',  ( 2.208392817266298547, -12.70999999999999730, 2.704836984641384667 ) ) ;
#11979 = CARTESIAN_POINT ( 'NONE',  ( 1.715374271948743479, -12.70999999999999730, 2.309035804494934396 ) ) ;
#11980 = MECHANICAL_DESIGN_GEOMETRIC_PRESENTATION_REPRESENTATION (  '', ( #9618 ), #9827 ) ;
#11981 = ADVANCED_FACE ( 'NONE', ( #6600 ), #4849, .F. ) ;
#11982 = CARTESIAN_POINT ( 'NONE',  ( -1.370254150449937702, -12.70999999999999730, 2.664181976646810224 ) ) ;
#11983 = CARTESIAN_POINT ( 'NONE',  ( -0.1057617184844371061, -12.70999999999999730, 1.390929564389012718 ) ) ;
#11984 = SURFACE_SIDE_STYLE ('',( #7433 ) ) ;
#11985 = ORIENTED_EDGE ( 'NONE', *, *, #11505, .F. ) ;
#11986 = STYLED_ITEM ( 'NONE', ( #2813 ), #11311 ) ;
#11987 = CARTESIAN_POINT ( 'NONE',  ( 2.033366901353705902, -12.70999999999999730, 1.763509484403121608 ) ) ;
#11988 = CARTESIAN_POINT ( 'NONE',  ( 1.715374271948743479, -12.70999999999999730, 2.309035804494934396 ) ) ;
#11989 = LINE ( 'NONE', #11077, #1350 ) ;
#11990 = B_SPLINE_SURFACE_WITH_KNOTS ( 'NONE', 3, 1, ( 
 ( #1994, #2939 ),
 ( #5850, #6825 ),
 ( #6718, #1142 ),
 ( #10613, #8636 ) ),
 .UNSPECIFIED., .F., .F., .F.,
 ( 4, 4 ),
 ( 2, 2 ),
 ( 3.000000000000000000, 4.000000000000000000 ),
 ( 0.000000000000000000, 1.000000000000000000 ),
 .UNSPECIFIED. ) ;
#11991 = DIRECTION ( 'NONE',  ( -0.000000000000000000, 1.000000000000000000, -0.000000000000000000 ) ) ;
#11992 = DIRECTION ( 'NONE',  ( -0.000000000000000000, -0.000000000000000000, -1.000000000000000000 ) ) ;
#11993 = COLOUR_RGB ( '',1.000000000000000000, 1.000000000000000000, 1.000000000000000000 ) ;
#11994 = FACE_OUTER_BOUND ( 'NONE', #10212, .T. ) ;
#11995 =( GEOMETRIC_REPRESENTATION_CONTEXT ( 3 ) GLOBAL_UNCERTAINTY_ASSIGNED_CONTEXT ( ( #1063 ) ) GLOBAL_UNIT_ASSIGNED_CONTEXT ( ( #6242, #9953, #2354 ) ) REPRESENTATION_CONTEXT ( 'NONE', 'WORKASPACE' ) );
#11996 = PRESENTATION_LAYER_ASSIGNMENT (  '', '', ( #4076 ) ) ;
#11997 = ORIENTED_EDGE ( 'NONE', *, *, #364, .F. ) ;
#11998 =( LENGTH_UNIT ( ) NAMED_UNIT ( * ) SI_UNIT ( .MILLI., .METRE. ) );
#11999 = CARTESIAN_POINT ( 'NONE',  ( 0.5397546545637254001, -12.69999999999999751, 2.771381491283765097 ) ) ;
#12000 = DIRECTION ( 'NONE',  ( 0.000000000000000000, -1.000000000000000000, 0.000000000000000000 ) ) ;
#12001 = EDGE_LOOP ( 'NONE', ( #8407, #7134, #1335, #4375 ) ) ;
#12002 = ADVANCED_FACE ( 'NONE', ( #8456 ), #6429, .F. ) ;
#12003 = VECTOR ( 'NONE', #5063, 1000.000000000000000 ) ;
#12004 =( NAMED_UNIT ( * ) PLANE_ANGLE_UNIT ( ) SI_UNIT ( $, .RADIAN. ) );
#12005 = VERTEX_POINT ( 'NONE', #5659 ) ;
#12006 = ORIENTED_EDGE ( 'NONE', *, *, #507, .T. ) ;
#12007 = CARTESIAN_POINT ( 'NONE',  ( 2.562430387770791018, -12.70999999999999730, 1.621755821811721843 ) ) ;
#12008 = UNCERTAINTY_MEASURE_WITH_UNIT (LENGTH_MEASURE( 1.000000000000000082E-05 ), #5377, 'distance_accuracy_value', 'NONE');
#12009 = VERTEX_POINT ( 'NONE', #4761 ) ;
#12010 = B_SPLINE_CURVE_WITH_KNOTS ( 'NONE', 3,
 ( #9639, #9529, #1094, #4959 ),
 .UNSPECIFIED., .F., .F.,
 ( 4, 4 ),
 ( 3.000000000000000000, 4.000000000000000000 ),
 .UNSPECIFIED. ) ;
#12011 = LINE ( 'NONE', #6524, #1885 ) ;
#12012 = SURFACE_STYLE_FILL_AREA ( #8259 ) ;
#12013 =( LENGTH_UNIT ( ) NAMED_UNIT ( * ) SI_UNIT ( .MILLI., .METRE. ) );
#12014 = CARTESIAN_POINT ( 'NONE',  ( -2.502944008800396691, -12.69999999999999751, 1.671271089566408241 ) ) ;
#12015 = ADVANCED_FACE ( 'NONE', ( #3112 ), #2216, .T. ) ;
#12016 = EDGE_CURVE ( 'NONE', #10828, #10206, #1599, .T. ) ;
#12017 = VECTOR ( 'NONE', #193, 1000.000000000000000 ) ;
#12018 = VECTOR ( 'NONE', #12189, 1000.000000000000000 ) ;
#12019 = LINE ( 'NONE', #12078, #5133 ) ;
#12020 = VECTOR ( 'NONE', #9680, 1000.000000000000000 ) ;
#12021 = DIRECTION ( 'NONE',  ( -1.000000000000000000, 0.000000000000000000, 0.000000000000000000 ) ) ;
#12022 = B_SPLINE_CURVE_WITH_KNOTS ( 'NONE', 3,
 ( #6382, #10945, #11123, #779 ),
 .UNSPECIFIED., .F., .F.,
 ( 4, 4 ),
 ( 1.000000000000000000, 2.000000000000000000 ),
 .UNSPECIFIED. ) ;
#12023 =( NAMED_UNIT ( * ) SI_UNIT ( $, .STERADIAN. ) SOLID_ANGLE_UNIT ( ) );
#12024 = CARTESIAN_POINT ( 'NONE',  ( 0.4714772180581660033, -12.70999999999999730, 1.074149985885020087 ) ) ;
#12025 = CARTESIAN_POINT ( 'NONE',  ( 0.9227321537406988350, -12.70999999999999730, 2.238332266187399888 ) ) ;
#12026 = COLOUR_RGB ( '',1.000000000000000000, 1.000000000000000000, 1.000000000000000000 ) ;
#12027 = CARTESIAN_POINT ( 'NONE',  ( 0.5245048717899720714, -12.70999999999999730, 2.227588101050506086 ) ) ;
#12028 = CIRCLE ( 'NONE', #5719, 0.7999999999999986011 ) ;
#12029 =( GEOMETRIC_REPRESENTATION_CONTEXT ( 3 ) GLOBAL_UNCERTAINTY_ASSIGNED_CONTEXT ( ( #6765 ) ) GLOBAL_UNIT_ASSIGNED_CONTEXT ( ( #5908, #7654, #12202 ) ) REPRESENTATION_CONTEXT ( 'NONE', 'WORKASPACE' ) );
#12030 = FACE_OUTER_BOUND ( 'NONE', #4681, .T. ) ;
#12031 = LINE ( 'NONE', #11166, #2174 ) ;
#12032 = SURFACE_STYLE_USAGE ( .BOTH. , #4646 ) ;
#12033 = PRESENTATION_LAYER_ASSIGNMENT (  '', '', ( #10304 ) ) ;
#12034 = CARTESIAN_POINT ( 'NONE',  ( 0.5388881896321431331, -12.69999999999999751, 2.850403092926218296 ) ) ;
#12035 = LINE ( 'NONE', #4709, #3894 ) ;
#12036 = PRESENTATION_LAYER_ASSIGNMENT (  '', '', ( #5536 ) ) ;
#12037 = ADVANCED_FACE ( 'NONE', ( #7709 ), #8691, .F. ) ;
#12038 = PRESENTATION_STYLE_ASSIGNMENT (( #4525 ) ) ;
#12039 = DIRECTION ( 'NONE',  ( -0.9434452330824943944, 0.000000000000000000, 0.3315284183504001447 ) ) ;
#12040 = AXIS2_PLACEMENT_3D ( 'NONE', #312, #7890, #4059 ) ;
#12041 =( NAMED_UNIT ( * ) PLANE_ANGLE_UNIT ( ) SI_UNIT ( $, .RADIAN. ) );
#12042 = SURFACE_STYLE_FILL_AREA ( #906 ) ;
#12043 = EDGE_CURVE ( 'NONE', #11839, #8965, #4000, .T. ) ;
#12044 = SURFACE_STYLE_USAGE ( .BOTH. , #8288 ) ;
#12045 = ORIENTED_EDGE ( 'NONE', *, *, #3930, .T. ) ;
#12046 = CARTESIAN_POINT ( 'NONE',  ( -22.04999999999999716, 12.70000000000000107, 21.50000000000000000 ) ) ;
#12047 = ORIENTED_EDGE ( 'NONE', *, *, #10055, .T. ) ;
#12048 = CARTESIAN_POINT ( 'NONE',  ( 0.4132507747437730306, -12.69999999999999751, 1.373253679813293271 ) ) ;
#12049 =( GEOMETRIC_REPRESENTATION_CONTEXT ( 3 ) GLOBAL_UNCERTAINTY_ASSIGNED_CONTEXT ( ( #3610 ) ) GLOBAL_UNIT_ASSIGNED_CONTEXT ( ( #1443, #455, #11780 ) ) REPRESENTATION_CONTEXT ( 'NONE', 'WORKASPACE' ) );
#12050 = ORIENTED_EDGE ( 'NONE', *, *, #5084, .T. ) ;
#12051 = ORIENTED_EDGE ( 'NONE', *, *, #1775, .F. ) ;
#12052 = CARTESIAN_POINT ( 'NONE',  ( 1.514354408125495155, -12.70999999999999730, 2.161043594408120772 ) ) ;
#12053 =( NAMED_UNIT ( * ) PLANE_ANGLE_UNIT ( ) SI_UNIT ( $, .RADIAN. ) );
#12054 = LINE ( 'NONE', #10140, #553 ) ;
#12055 = CARTESIAN_POINT ( 'NONE',  ( 1.763723015057820698, -12.70999999999999730, 2.355824910731326494 ) ) ;
#12056 = B_SPLINE_CURVE_WITH_KNOTS ( 'NONE', 3,
 ( #6434, #6237, #8338, #4519 ),
 .UNSPECIFIED., .F., .F.,
 ( 4, 4 ),
 ( 0.000000000000000000, 1.000000000000000000 ),
 .UNSPECIFIED. ) ;
#12057 =( GEOMETRIC_REPRESENTATION_CONTEXT ( 3 ) GLOBAL_UNCERTAINTY_ASSIGNED_CONTEXT ( ( #3056 ) ) GLOBAL_UNIT_ASSIGNED_CONTEXT ( ( #1549, #6476, #11950 ) ) REPRESENTATION_CONTEXT ( 'NONE', 'WORKASPACE' ) );
#12058 =( GEOMETRIC_REPRESENTATION_CONTEXT ( 3 ) GLOBAL_UNCERTAINTY_ASSIGNED_CONTEXT ( ( #11270 ) ) GLOBAL_UNIT_ASSIGNED_CONTEXT ( ( #1593, #11019, #5173 ) ) REPRESENTATION_CONTEXT ( 'NONE', 'WORKASPACE' ) );
#12059 = SURFACE_SIDE_STYLE ('',( #7254 ) ) ;
#12060 = CARTESIAN_POINT ( 'NONE',  ( 0.8352191957844155024, -12.70999999999999730, 2.838965755845903161 ) ) ;
#12061 = LINE ( 'NONE', #10284, #11799 ) ;
#12062 = CARTESIAN_POINT ( 'NONE',  ( 1.193589090939889408, -12.70999999999999730, 0.9303168074587356839 ) ) ;
#12063 = PRESENTATION_LAYER_ASSIGNMENT (  '', '', ( #6739 ) ) ;
#12064 = PRESENTATION_STYLE_ASSIGNMENT (( #1783 ) ) ;
#12065 = VERTEX_POINT ( 'NONE', #5971 ) ;
#12066 = CARTESIAN_POINT ( 'NONE',  ( 1.771694492416408639, -12.70999999999999730, 1.390929564389012718 ) ) ;
#12067 = EDGE_CURVE ( 'NONE', #3896, #200, #1422, .T. ) ;
#12068 = B_SPLINE_SURFACE_WITH_KNOTS ( 'NONE', 3, 1, ( 
 ( #8733, #11259 ),
 ( #2081, #11317 ),
 ( #2850, #6623 ),
 ( #10402, #1958 ) ),
 .UNSPECIFIED., .F., .F., .F.,
 ( 4, 4 ),
 ( 2, 2 ),
 ( 24.00000000000000000, 25.00000000000000000 ),
 ( 0.000000000000000000, 1.000000000000000000 ),
 .UNSPECIFIED. ) ;
#12069 = SURFACE_STYLE_USAGE ( .BOTH. , #620 ) ;
#12070 = ORIENTED_EDGE ( 'NONE', *, *, #5851, .T. ) ;
#12071 = PRESENTATION_STYLE_ASSIGNMENT (( #4902 ) ) ;
#12072 = VERTEX_POINT ( 'NONE', #3987 ) ;
#12073 = SURFACE_SIDE_STYLE ('',( #8316 ) ) ;
#12074 = VECTOR ( 'NONE', #3774, 1000.000000000000000 ) ;
#12075 = FILL_AREA_STYLE ('',( #8377 ) ) ;
#12076 = ORIENTED_EDGE ( 'NONE', *, *, #7262, .T. ) ;
#12077 = DIRECTION ( 'NONE',  ( -0.000000000000000000, 1.000000000000000000, -0.000000000000000000 ) ) ;
#12078 = CARTESIAN_POINT ( 'NONE',  ( 18.59999999999999432, -1.249999999999995115, -4.000000000000000000 ) ) ;
#12079 =( NAMED_UNIT ( * ) SI_UNIT ( $, .STERADIAN. ) SOLID_ANGLE_UNIT ( ) );
#12080 = ORIENTED_EDGE ( 'NONE', *, *, #8902, .T. ) ;
#12081 = SURFACE_STYLE_FILL_AREA ( #8330 ) ;
#12082 = VERTEX_POINT ( 'NONE', #9854 ) ;
#12083 = CARTESIAN_POINT ( 'NONE',  ( 1.024281843567454553, -12.70999999999999730, 1.500104145602659589 ) ) ;
#12084 = EDGE_CURVE ( 'NONE', #9982, #4284, #5957, .T. ) ;
#12085 = B_SPLINE_CURVE_WITH_KNOTS ( 'NONE', 3,
 ( #9776, #5165, #1342, #6202 ),
 .UNSPECIFIED., .F., .F.,
 ( 4, 4 ),
 ( 6.000000000000000000, 7.000000000000000000 ),
 .UNSPECIFIED. ) ;
#12086 = CARTESIAN_POINT ( 'NONE',  ( -0.9509180180782603742, -12.70999999999999730, 2.302685229967655900 ) ) ;
#12087 = CARTESIAN_POINT ( 'NONE',  ( -2.681282555210688034, -12.70999999999999730, 1.430272952002306752 ) ) ;
#12088 = VECTOR ( 'NONE', #8671, 1000.000000000000000 ) ;
#12089 = CARTESIAN_POINT ( 'NONE',  ( 0.9965549657982581966, -12.70999999999999730, 1.165302096546602995 ) ) ;
#12090 = DIRECTION ( 'NONE',  ( 1.457750820148578128E-16, 1.000000000000000000, 0.000000000000000000 ) ) ;
#12091 =( LENGTH_UNIT ( ) NAMED_UNIT ( * ) SI_UNIT ( .MILLI., .METRE. ) );
#12092 = COLOUR_RGB ( '',0.7529411764705882248, 0.7529411764705882248, 0.7529411764705882248 ) ;
#12093 = LINE ( 'NONE', #1997, #11408 ) ;
#12094 =( LENGTH_UNIT ( ) NAMED_UNIT ( * ) SI_UNIT ( .MILLI., .METRE. ) );
#12095 = VERTEX_POINT ( 'NONE', #1244 ) ;
#12096 =( NAMED_UNIT ( * ) PLANE_ANGLE_UNIT ( ) SI_UNIT ( $, .RADIAN. ) );
#12097 = CARTESIAN_POINT ( 'NONE',  ( 1.599961143235076433, -12.70999999999999730, 2.238332266187399888 ) ) ;
#12098 = EDGE_CURVE ( 'NONE', #5229, #2821, #290, .T. ) ;
#12099 =( GEOMETRIC_REPRESENTATION_CONTEXT ( 3 ) GLOBAL_UNCERTAINTY_ASSIGNED_CONTEXT ( ( #5001 ) ) GLOBAL_UNIT_ASSIGNED_CONTEXT ( ( #4218, #8206, #764 ) ) REPRESENTATION_CONTEXT ( 'NONE', 'WORKASPACE' ) );
#12100 = CARTESIAN_POINT ( 'NONE',  ( -2.136627424400495467, -12.69999999999999751, 2.731661405519053787 ) ) ;
#12101 =( NAMED_UNIT ( * ) SI_UNIT ( $, .STERADIAN. ) SOLID_ANGLE_UNIT ( ) );
#12102 = ORIENTED_EDGE ( 'NONE', *, *, #4524, .F. ) ;
#12103 = CARTESIAN_POINT ( 'NONE',  ( -3.037959280299975084, -12.69999999999999751, 2.341245126877084637 ) ) ;
#12104 = FILL_AREA_STYLE ('',( #10079 ) ) ;
#12105 = FILL_AREA_STYLE ('',( #5633 ) ) ;
#12106 = SURFACE_SIDE_STYLE ('',( #2615 ) ) ;
#12107 = SURFACE_STYLE_USAGE ( .BOTH. , #1950 ) ;
#12108 = COLOUR_RGB ( '',1.000000000000000000, 1.000000000000000000, 1.000000000000000000 ) ;
#12109 = ORIENTED_EDGE ( 'NONE', *, *, #10018, .T. ) ;
#12110 = CARTESIAN_POINT ( 'NONE',  ( -2.883720795863037978, -12.69999999999999751, 1.054316140560536796 ) ) ;
#12111 = SURFACE_STYLE_FILL_AREA ( #8423 ) ;
#12112 = VERTEX_POINT ( 'NONE', #10645 ) ;
#12113 = ORIENTED_EDGE ( 'NONE', *, *, #9324, .F. ) ;
#12114 = CARTESIAN_POINT ( 'NONE',  ( 0.5567373671960460513, -12.70999999999999730, 1.282101569147112707 ) ) ;
#12115 = LINE ( 'NONE', #3664, #6822 ) ;
#12116 = FILL_AREA_STYLE ('',( #9371 ) ) ;
#12117 = ORIENTED_EDGE ( 'NONE', *, *, #12126, .T. ) ;
#12118 = EDGE_CURVE ( 'NONE', #281, #2910, #347, .T. ) ;
#12119 = CARTESIAN_POINT ( 'NONE',  ( 1.763029843109774397, -12.69999999999999751, 2.654582018687879685 ) ) ;
#12120 = UNCERTAINTY_MEASURE_WITH_UNIT (LENGTH_MEASURE( 1.000000000000000082E-05 ), #6131, 'distance_accuracy_value', 'NONE');
#12121 = FILL_AREA_STYLE ('',( #5531 ) ) ;
#12122 = SURFACE_SIDE_STYLE ('',( #7270 ) ) ;
#12123 = CARTESIAN_POINT ( 'NONE',  ( 0.4654119635463069837, -12.70999999999999730, 1.143813766277427035 ) ) ;
#12124 = ORIENTED_EDGE ( 'NONE', *, *, #9600, .F. ) ;
#12125 =( GEOMETRIC_REPRESENTATION_CONTEXT ( 3 ) GLOBAL_UNCERTAINTY_ASSIGNED_CONTEXT ( ( #3173 ) ) GLOBAL_UNIT_ASSIGNED_CONTEXT ( ( #1672, #748, #5234 ) ) REPRESENTATION_CONTEXT ( 'NONE', 'WORKASPACE' ) );
#12126 = EDGE_CURVE ( 'NONE', #1758, #11631, #408, .T. ) ;
#12127 = SURFACE_STYLE_USAGE ( .BOTH. , #3433 ) ;
#12128 = PRESENTATION_LAYER_ASSIGNMENT (  '', '', ( #5255 ) ) ;
#12129 = CARTESIAN_POINT ( 'NONE',  ( 2.562430387770791018, -12.70999999999999730, 1.621755821811721843 ) ) ;
#12130 = CARTESIAN_POINT ( 'NONE',  ( -22.85000000000000142, 11.89999999999999503, 0.000000000000000000 ) ) ;
#12131 = CARTESIAN_POINT ( 'NONE',  ( 0.3479193190023711080, -12.70999999999999730, 1.565955480301605363 ) ) ;
#12132 = CARTESIAN_POINT ( 'NONE',  ( 22.04999999999999361, -12.69999999999999751, 0.000000000000000000 ) ) ;
#12133 = CARTESIAN_POINT ( 'NONE',  ( 0.2838009141642797162, -12.69999999999999751, 2.492379783742445287 ) ) ;
#12134 = ORIENTED_EDGE ( 'NONE', *, *, #1070, .F. ) ;
#12135 = CARTESIAN_POINT ( 'NONE',  ( 0.8963916198606550756, -12.70999999999999730, 1.143467180305729691 ) ) ;
#12136 = MECHANICAL_DESIGN_GEOMETRIC_PRESENTATION_REPRESENTATION (  '', ( #11544 ), #4093 ) ;
#12137 = CARTESIAN_POINT ( 'NONE',  ( 2.334550111112243087, -12.69999999999999751, 2.423062589321753890 ) ) ;
#12138 = CARTESIAN_POINT ( 'NONE',  ( -0.7484797774236003898, -12.70999999999999730, 1.758030191093176597 ) ) ;
#12139 = CARTESIAN_POINT ( 'NONE',  ( -2.681282555210688034, -12.69999999999999751, 1.430272952002306752 ) ) ;
#12140 = VERTEX_POINT ( 'NONE', #11509 ) ;
#12141 = PLANE ( 'NONE',  #2186 ) ;
#12142 = LINE ( 'NONE', #9337, #5735 ) ;
#12143 = EDGE_CURVE ( 'NONE', #7472, #5229, #3032, .T. ) ;
#12144 = EDGE_CURVE ( 'NONE', #8929, #4284, #9087, .T. ) ;
#12145 = AXIS2_PLACEMENT_3D ( 'NONE', #1526, #479, #4161 ) ;
#12146 = COLOUR_RGB ( '',1.000000000000000000, 1.000000000000000000, 1.000000000000000000 ) ;
#12147 = LINE ( 'NONE', #7424, #1742 ) ;
#12148 = LINE ( 'NONE', #3701, #1382 ) ;
#12149 = PRESENTATION_STYLE_ASSIGNMENT (( #8345 ) ) ;
#12150 = VERTEX_POINT ( 'NONE', #9785 ) ;
#12151 = EDGE_CURVE ( 'NONE', #5311, #8882, #11751, .T. ) ;
#12152 = ORIENTED_EDGE ( 'NONE', *, *, #8375, .T. ) ;
#12153 = COLOUR_RGB ( '',1.000000000000000000, 1.000000000000000000, 1.000000000000000000 ) ;
#12154 = CARTESIAN_POINT ( 'NONE',  ( -3.230757569708321508, -12.70999999999999730, 1.415813300939981367 ) ) ;
#12155 = FILL_AREA_STYLE_COLOUR ( '', #1942 ) ;
#12156 =( GEOMETRIC_REPRESENTATION_CONTEXT ( 3 ) GLOBAL_UNCERTAINTY_ASSIGNED_CONTEXT ( ( #11096 ) ) GLOBAL_UNIT_ASSIGNED_CONTEXT ( ( #4312, #941, #2809 ) ) REPRESENTATION_CONTEXT ( 'NONE', 'WORKASPACE' ) );
#12157 = VERTEX_POINT ( 'NONE', #7072 ) ;
#12158 = ORIENTED_EDGE ( 'NONE', *, *, #1080, .F. ) ;
#12159 = PLANE ( 'NONE',  #3581 ) ;
#12160 = EDGE_CURVE ( 'NONE', #7894, #11125, #4675, .T. ) ;
#12161 = CARTESIAN_POINT ( 'NONE',  ( -3.621174262048271864, -12.69999999999999751, 1.324234039920944239 ) ) ;
#12162 = CARTESIAN_POINT ( 'NONE',  ( -0.8111391847082913831, -12.69999999999999751, 1.425453068314865179 ) ) ;
#12163 = CARTESIAN_POINT ( 'NONE',  ( -2.416184815337920622, -12.69999999999999751, 1.570051969239089962 ) ) ;
#12164 = CARTESIAN_POINT ( 'NONE',  ( 0.2898661686738288057, -12.70999999999999730, 2.750586332958024460 ) ) ;
#12165 = COLOUR_RGB ( '',1.000000000000000000, 1.000000000000000000, 1.000000000000000000 ) ;
#12166 = ORIENTED_EDGE ( 'NONE', *, *, #382, .T. ) ;
#12167 = LINE ( 'NONE', #6457, #3340 ) ;
#12168 = ORIENTED_EDGE ( 'NONE', *, *, #6177, .T. ) ;
#12169 = VECTOR ( 'NONE', #1452, 1000.000000000000000 ) ;
#12170 = LINE ( 'NONE', #2621, #8324 ) ;
#12171 = FILL_AREA_STYLE ('',( #1298 ) ) ;
#12172 = SURFACE_SIDE_STYLE ('',( #12111 ) ) ;
#12173 = ORIENTED_EDGE ( 'NONE', *, *, #5973, .F. ) ;
#12174 = SURFACE_SIDE_STYLE ('',( #8497 ) ) ;
#12175 = CARTESIAN_POINT ( 'NONE',  ( 0.4666250144496134067, -12.70999999999999730, 1.580858677103661680 ) ) ;
#12176 = MECHANICAL_DESIGN_GEOMETRIC_PRESENTATION_REPRESENTATION (  '', ( #6282 ), #8047 ) ;
#12177 = DIRECTION ( 'NONE',  ( -0.000000000000000000, 1.000000000000000000, -0.000000000000000000 ) ) ;
#12178 = ORIENTED_EDGE ( 'NONE', *, *, #5902, .F. ) ;
#12179 =( GEOMETRIC_REPRESENTATION_CONTEXT ( 3 ) GLOBAL_UNCERTAINTY_ASSIGNED_CONTEXT ( ( #2598 ) ) GLOBAL_UNIT_ASSIGNED_CONTEXT ( ( #9852, #9664, #5096 ) ) REPRESENTATION_CONTEXT ( 'NONE', 'WORKASPACE' ) );
#12180 = VECTOR ( 'NONE', #12177, 1000.000000000000000 ) ;
#12181 = EDGE_CURVE ( 'NONE', #11739, #5566, #4922, .T. ) ;
#12182 = SURFACE_STYLE_USAGE ( .BOTH. , #9250 ) ;
#12183 = B_SPLINE_SURFACE_WITH_KNOTS ( 'NONE', 3, 1, ( 
 ( #4752, #10356 ),
 ( #12123, #3614 ),
 ( #2808, #9436 ),
 ( #5713, #7403 ) ),
 .UNSPECIFIED., .F., .F., .F.,
 ( 4, 4 ),
 ( 2, 2 ),
 ( 4.000000000000000000, 5.000000000000000000 ),
 ( 0.000000000000000000, 1.000000000000000000 ),
 .UNSPECIFIED. ) ;
#12184 =( NAMED_UNIT ( * ) PLANE_ANGLE_UNIT ( ) SI_UNIT ( $, .RADIAN. ) );
#12185 = ORIENTED_EDGE ( 'NONE', *, *, #11486, .F. ) ;
#12186 = CARTESIAN_POINT ( 'NONE',  ( 3.070525422880872490, -12.70999999999999730, 1.676862991373792022 ) ) ;
#12187 = ADVANCED_FACE ( 'NONE', ( #8678 ), #2147, .F. ) ;
#12188 = DIRECTION ( 'NONE',  ( 1.000000000000000000, 0.000000000000000000, -0.000000000000000000 ) ) ;
#12189 = DIRECTION ( 'NONE',  ( -0.000000000000000000, 1.000000000000000000, -0.000000000000000000 ) ) ;
#12190 = DIRECTION ( 'NONE',  ( 1.000000000000000000, 0.000000000000000000, -0.000000000000000000 ) ) ;
#12191 = ORIENTED_EDGE ( 'NONE', *, *, #11251, .F. ) ;
#12192 = DIRECTION ( 'NONE',  ( 0.000000000000000000, 0.000000000000000000, -1.000000000000000000 ) ) ;
#12193 = SURFACE_STYLE_USAGE ( .BOTH. , #3687 ) ;
#12194 = CARTESIAN_POINT ( 'NONE',  ( 1.060500077652813733, -12.70999999999999730, 1.559370346829860754 ) ) ;
#12195 = CARTESIAN_POINT ( 'NONE',  ( -0.1932746764407473894, -12.70999999999999730, 2.838965755845903161 ) ) ;
#12196 = CARTESIAN_POINT ( 'NONE',  ( 0.1366751690044200052, -12.70999999999999730, 1.468564822140002502 ) ) ;
#12197 = CARTESIAN_POINT ( 'NONE',  ( 0.1642287537877698267, -12.69999999999999751, 2.238332266187399888 ) ) ;
#12198 =( GEOMETRIC_REPRESENTATION_CONTEXT ( 3 ) GLOBAL_UNCERTAINTY_ASSIGNED_CONTEXT ( ( #9873 ) ) GLOBAL_UNIT_ASSIGNED_CONTEXT ( ( #9451, #7653, #1017 ) ) REPRESENTATION_CONTEXT ( 'NONE', 'WORKASPACE' ) );
#12199 = UNCERTAINTY_MEASURE_WITH_UNIT (LENGTH_MEASURE( 1.000000000000000082E-05 ), #9098, 'distance_accuracy_value', 'NONE');
#12200 = AXIS2_PLACEMENT_3D ( 'NONE', #9066, #9984, #8881 ) ;
#12201 = CARTESIAN_POINT ( 'NONE',  ( 0.4061457623167640252, -12.69999999999999751, 1.074149985885020087 ) ) ;
#12202 =( NAMED_UNIT ( * ) SI_UNIT ( $, .STERADIAN. ) SOLID_ANGLE_UNIT ( ) );
#12203 = PRESENTATION_STYLE_ASSIGNMENT (( #5671 ) ) ;
ENDSEC;
END-ISO-10303-21;
